date,prediction,prediction_label,defect_probability,true_label,true_label_name,correct
2020 10 30 00:00:04,0.0,정상,0.0,0.0,정상,True
2020 10 30 00:00:09,0.0,정상,0.0,0.0,정상,True
2020 10 30 00:00:14,0.0,정상,0.0,0.0,정상,True
2020 10 30 00:00:19,0.0,정상,0.0,0.0,정상,True
2020 10 30 00:00:24,0.0,정상,0.0,0.0,정상,True
2020 10 30 00:00:29,0.0,정상,0.0,0.0,정상,True
2020 10 30 00:00:34,0.0,정상,0.0,0.0,정상,True
2020 10 30 00:00:39,0.0,정상,0.0,0.0,정상,True
2020 10 30 00:00:44,0.0,정상,0.0,0.0,정상,True
2020 10 30 00:00:49,0.0,정상,0.0,0.0,정상,True
2020 10 30 00:00:54,0.0,정상,0.0,0.0,정상,True
2020 10 30 00:00:59,0.0,정상,0.0,0.0,정상,True
2020 10 30 00:01:04,0.0,정상,0.0,0.0,정상,True
2020 10 30 00:01:09,0.0,정상,0.0,0.0,정상,True
2020 10 30 00:01:14,0.0,정상,0.0,0.0,정상,True
2020 10 30 00:01:19,0.0,정상,0.0,0.0,정상,True
2020 10 30 00:01:24,0.0,정상,0.0,0.0,정상,True
2020 10 30 00:01:29,0.0,정상,0.0,0.0,정상,True
2020 10 30 00:01:34,0.0,정상,0.0,0.0,정상,True
2020 10 30 00:01:39,0.0,정상,0.0,0.0,정상,True
2020 10 30 00:01:44,0.0,정상,0.0,0.0,정상,True
2020 10 30 00:01:49,0.0,정상,0.0,0.0,정상,True
2020 10 30 00:01:54,0.0,정상,0.0,0.0,정상,True
2020 10 30 00:01:59,0.0,정상,0.0,0.0,정상,True
2020 10 30 00:02:04,0.0,정상,0.0,0.0,정상,True
2020 10 30 00:02:09,0.0,정상,0.0,0.0,정상,True
2020 10 30 00:02:14,0.0,정상,0.0,0.0,정상,True
2020 10 30 00:02:19,0.0,정상,0.0,0.0,정상,True
2020 10 30 00:02:24,0.0,정상,0.0,0.0,정상,True
2020 10 30 00:02:29,0.0,정상,0.0,0.0,정상,True
2020 10 30 00:02:34,0.0,정상,0.0,0.0,정상,True
2020 10 30 00:02:39,0.0,정상,0.0,0.0,정상,True
2020 10 30 00:02:44,0.0,정상,0.0,0.0,정상,True
2020 10 30 00:02:49,0.0,정상,0.0,0.0,정상,True
2020 10 30 00:02:54,0.0,정상,0.0,0.0,정상,True
2020 10 30 00:02:59,0.0,정상,0.0,0.0,정상,True
2020 10 30 00:03:04,0.0,정상,0.0,0.0,정상,True
2020 10 30 00:03:09,0.0,정상,0.0,0.0,정상,True
2020 10 30 00:03:14,0.0,정상,0.0,0.0,정상,True
2020 10 30 00:03:19,0.0,정상,0.0,0.0,정상,True
2020 10 30 00:03:24,0.0,정상,0.0,0.0,정상,True
2020 10 30 00:03:29,0.0,정상,0.0,0.0,정상,True
2020 10 30 00:03:34,0.0,정상,0.0,0.0,정상,True
2020 10 30 00:03:39,0.0,정상,0.0,0.0,정상,True
2020 10 30 00:03:44,0.0,정상,0.0,0.0,정상,True
2020 10 30 00:03:49,0.0,정상,0.0,0.0,정상,True
2020 10 30 00:03:54,0.0,정상,0.0,0.0,정상,True
2020 10 30 00:03:59,0.0,정상,0.0,0.0,정상,True
2020 10 30 00:04:04,0.0,정상,0.0,0.0,정상,True
2020 10 30 00:04:09,0.0,정상,0.0,0.0,정상,True
2020 10 30 00:04:14,0.0,정상,0.0,0.0,정상,True
2020 10 30 00:04:19,0.0,정상,0.0,0.0,정상,True
2020 10 30 00:04:24,0.0,정상,0.0,0.0,정상,True
2020 10 30 00:04:29,0.0,정상,0.0,0.0,정상,True
2020 10 30 00:04:34,0.0,정상,0.0,0.0,정상,True
2020 10 30 00:04:39,0.0,정상,0.0,0.0,정상,True
2020 10 30 00:04:44,0.0,정상,0.0,0.0,정상,True
2020 10 30 00:04:49,0.0,정상,0.0,0.0,정상,True
2020 10 30 00:04:54,0.0,정상,0.0,0.0,정상,True
2020 10 30 00:04:59,0.0,정상,0.0,0.0,정상,True
2020 10 30 00:05:04,0.0,정상,0.0,0.0,정상,True
2020 10 30 00:05:09,0.0,정상,0.0,0.0,정상,True
2020 10 30 00:05:14,0.0,정상,0.0,0.0,정상,True
2020 10 30 00:05:19,0.0,정상,0.0,0.0,정상,True
2020 10 30 00:05:24,0.0,정상,0.0,0.0,정상,True
2020 10 30 00:05:29,0.0,정상,0.0,0.0,정상,True
2020 10 30 00:05:34,0.0,정상,0.0,0.0,정상,True
2020 10 30 00:05:39,0.0,정상,0.0,0.0,정상,True
2020 10 30 00:05:44,0.0,정상,0.0,0.0,정상,True
2020 10 30 00:05:49,0.0,정상,0.0,0.0,정상,True
2020 10 30 00:05:54,0.0,정상,0.0,0.0,정상,True
2020 10 30 00:05:59,0.0,정상,0.0,0.0,정상,True
2020 10 30 00:06:04,0.0,정상,0.0,0.0,정상,True
2020 10 30 00:06:09,0.0,정상,0.0,0.0,정상,True
2020 10 30 00:06:14,0.0,정상,0.0,0.0,정상,True
2020 10 30 00:06:19,0.0,정상,0.0,0.0,정상,True
2020 10 30 00:06:24,0.0,정상,0.0,0.0,정상,True
2020 10 30 00:06:29,0.0,정상,0.0,0.0,정상,True
2020 10 30 00:06:34,0.0,정상,0.0,0.0,정상,True
2020 10 30 00:06:39,0.0,정상,0.0,0.0,정상,True
2020 10 30 00:06:44,0.0,정상,0.0,0.0,정상,True
2020 10 30 00:06:49,0.0,정상,0.0,0.0,정상,True
2020 10 30 00:06:54,0.0,정상,0.0,0.0,정상,True
2020 10 30 00:06:59,0.0,정상,0.0,0.0,정상,True
2020 10 30 00:07:04,0.0,정상,0.0,0.0,정상,True
2020 10 30 00:07:09,0.0,정상,0.0,0.0,정상,True
2020 10 30 00:07:14,0.0,정상,0.0,0.0,정상,True
2020 10 30 00:07:19,0.0,정상,0.0,0.0,정상,True
2020 10 30 00:07:24,0.0,정상,0.0,0.0,정상,True
2020 10 30 00:07:29,0.0,정상,0.0,0.0,정상,True
2020 10 30 00:07:34,0.0,정상,0.0,0.0,정상,True
2020 10 30 00:07:39,0.0,정상,0.0,0.0,정상,True
2020 10 30 00:07:44,0.0,정상,0.0,0.0,정상,True
2020 10 30 00:07:49,0.0,정상,0.0,0.0,정상,True
2020 10 30 00:07:54,0.0,정상,0.0,0.0,정상,True
2020 10 30 00:07:59,0.0,정상,0.0,0.0,정상,True
2020 10 30 00:08:04,0.0,정상,0.0,0.0,정상,True
2020 10 30 00:08:09,0.0,정상,0.0,0.0,정상,True
2020 10 30 00:08:14,0.0,정상,0.0,0.0,정상,True
2020 10 30 00:08:19,0.0,정상,0.0,0.0,정상,True
2020 10 30 00:08:24,0.0,정상,0.0,0.0,정상,True
2020 10 30 00:08:29,0.0,정상,0.0,0.0,정상,True
2020 10 30 00:08:34,0.0,정상,0.0,0.0,정상,True
2020 10 30 00:08:39,0.0,정상,0.0,0.0,정상,True
2020 10 30 00:08:44,0.0,정상,0.0,0.0,정상,True
2020 10 30 00:08:49,0.0,정상,0.0,0.0,정상,True
2020 10 30 00:08:54,0.0,정상,0.0,0.0,정상,True
2020 10 30 00:08:59,0.0,정상,0.0,0.0,정상,True
2020 10 30 00:09:04,0.0,정상,0.0,0.0,정상,True
2020 10 30 00:09:09,0.0,정상,0.0,0.0,정상,True
2020 10 30 00:09:14,0.0,정상,0.0,0.0,정상,True
2020 10 30 00:09:19,0.0,정상,0.0,0.0,정상,True
2020 10 30 00:09:24,0.0,정상,0.0,0.0,정상,True
2020 10 30 00:09:29,0.0,정상,0.0,0.0,정상,True
2020 10 30 00:09:34,0.0,정상,0.0,0.0,정상,True
2020 10 30 00:09:39,0.0,정상,0.0,0.0,정상,True
2020 10 30 00:09:44,0.0,정상,0.0,0.0,정상,True
2020 10 30 00:09:49,0.0,정상,0.0,0.0,정상,True
2020 10 30 00:09:54,0.0,정상,0.0,0.0,정상,True
2020 10 30 00:09:59,0.0,정상,0.0,0.0,정상,True
2020 10 30 00:10:04,0.0,정상,0.0,0.0,정상,True
2020 10 30 00:10:09,0.0,정상,0.0,0.0,정상,True
2020 10 30 00:10:14,0.0,정상,0.0,0.0,정상,True
2020 10 30 00:10:19,0.0,정상,0.0,0.0,정상,True
2020 10 30 00:10:24,0.0,정상,0.0,0.0,정상,True
2020 10 30 00:10:29,0.0,정상,0.0,0.0,정상,True
2020 10 30 00:10:34,0.0,정상,0.0,0.0,정상,True
2020 10 30 00:10:39,0.0,정상,0.0,0.0,정상,True
2020 10 30 00:10:44,0.0,정상,0.0,0.0,정상,True
2020 10 30 00:10:49,0.0,정상,0.0,0.0,정상,True
2020 10 30 00:10:54,0.0,정상,0.0,0.0,정상,True
2020 10 30 00:10:59,0.0,정상,0.0,0.0,정상,True
2020 10 30 00:11:04,0.0,정상,0.0,0.0,정상,True
2020 10 30 00:11:09,0.0,정상,0.0,0.0,정상,True
2020 10 30 00:11:14,0.0,정상,0.0,0.0,정상,True
2020 10 30 00:11:19,0.0,정상,0.0,0.0,정상,True
2020 10 30 00:11:24,0.0,정상,0.0,0.0,정상,True
2020 10 30 00:11:29,0.0,정상,0.0,0.0,정상,True
2020 10 30 00:11:34,0.0,정상,0.0,0.0,정상,True
2020 10 30 00:11:39,0.0,정상,0.0,0.0,정상,True
2020 10 30 00:11:44,0.0,정상,0.0,0.0,정상,True
2020 10 30 00:11:49,0.0,정상,0.0,0.0,정상,True
2020 10 30 00:11:54,0.0,정상,0.0,0.0,정상,True
2020 10 30 00:11:59,0.0,정상,0.0,0.0,정상,True
2020 10 30 00:12:04,0.0,정상,0.0,0.0,정상,True
2020 10 30 00:12:09,0.0,정상,0.0,0.0,정상,True
2020 10 30 00:12:14,0.0,정상,0.0,0.0,정상,True
2020 10 30 00:12:19,0.0,정상,0.0,0.0,정상,True
2020 10 30 00:12:24,0.0,정상,0.0,0.0,정상,True
2020 10 30 00:12:29,0.0,정상,0.0,0.0,정상,True
2020 10 30 00:12:34,0.0,정상,0.0,0.0,정상,True
2020 10 30 00:12:39,0.0,정상,0.0,0.0,정상,True
2020 10 30 00:12:44,0.0,정상,0.0,0.0,정상,True
2020 10 30 00:12:49,0.0,정상,0.0,0.0,정상,True
2020 10 30 00:12:54,0.0,정상,0.0,0.0,정상,True
2020 10 30 00:12:59,0.0,정상,0.0,0.0,정상,True
2020 10 30 00:13:04,0.0,정상,0.0,0.0,정상,True
2020 10 30 00:13:09,0.0,정상,0.0,0.0,정상,True
2020 10 30 00:13:14,0.0,정상,0.0,0.0,정상,True
2020 10 30 00:13:19,0.0,정상,0.0,0.0,정상,True
2020 10 30 00:13:24,0.0,정상,0.0,0.0,정상,True
2020 10 30 00:13:29,0.0,정상,0.0,0.0,정상,True
2020 10 30 00:13:34,0.0,정상,0.0,0.0,정상,True
2020 10 30 00:13:39,0.0,정상,0.0,0.0,정상,True
2020 10 30 00:13:44,0.0,정상,0.0,0.0,정상,True
2020 10 30 00:13:49,0.0,정상,0.0,0.0,정상,True
2020 10 30 00:13:54,0.0,정상,0.0,0.0,정상,True
2020 10 30 00:13:59,0.0,정상,0.0,0.0,정상,True
2020 10 30 00:14:04,0.0,정상,0.0,0.0,정상,True
2020 10 30 00:14:09,0.0,정상,0.0,0.0,정상,True
2020 10 30 00:14:14,0.0,정상,0.0,0.0,정상,True
2020 10 30 00:14:19,0.0,정상,0.0,0.0,정상,True
2020 10 30 00:14:24,0.0,정상,0.0,0.0,정상,True
2020 10 30 00:14:29,0.0,정상,0.0,0.0,정상,True
2020 10 30 00:14:34,0.0,정상,0.0,0.0,정상,True
2020 10 30 00:14:39,0.0,정상,0.0,0.0,정상,True
2020 10 30 00:14:44,0.0,정상,0.0,0.0,정상,True
2020 10 30 00:14:49,0.0,정상,0.0,0.0,정상,True
2020 10 30 00:14:54,0.0,정상,0.0,0.0,정상,True
2020 10 30 00:14:59,0.0,정상,0.0,0.0,정상,True
2020 10 30 00:15:04,0.0,정상,0.0,0.0,정상,True
2020 10 30 00:15:09,0.0,정상,0.0,0.0,정상,True
2020 10 30 00:15:14,0.0,정상,0.0,0.0,정상,True
2020 10 30 00:15:19,0.0,정상,0.0,0.0,정상,True
2020 10 30 00:15:24,0.0,정상,0.0,0.0,정상,True
2020 10 30 00:15:29,0.0,정상,0.0,0.0,정상,True
2020 10 30 00:15:34,0.0,정상,0.0,0.0,정상,True
2020 10 30 00:15:39,0.0,정상,0.0,0.0,정상,True
2020 10 30 00:15:44,0.0,정상,0.0,0.0,정상,True
2020 10 30 00:15:49,0.0,정상,0.0,0.0,정상,True
2020 10 30 00:15:54,0.0,정상,0.0,0.0,정상,True
2020 10 30 00:15:59,0.0,정상,0.0,0.0,정상,True
2020 10 30 00:16:04,0.0,정상,0.0,0.0,정상,True
2020 10 30 00:16:09,0.0,정상,0.0,0.0,정상,True
2020 10 30 00:16:14,0.0,정상,0.0,0.0,정상,True
2020 10 30 00:16:19,0.0,정상,0.0,0.0,정상,True
2020 10 30 00:16:24,0.0,정상,0.0,0.0,정상,True
2020 10 30 00:16:29,0.0,정상,0.0,0.0,정상,True
2020 10 30 00:16:34,0.0,정상,0.0,0.0,정상,True
2020 10 30 00:16:39,0.0,정상,0.0,0.0,정상,True
2020 10 30 00:16:44,0.0,정상,0.0,0.0,정상,True
2020 10 30 00:16:49,0.0,정상,0.0,0.0,정상,True
2020 10 30 00:16:54,0.0,정상,0.0002702702702702703,0.0,정상,True
2020 10 30 00:16:59,0.0,정상,0.0,0.0,정상,True
2020 10 30 00:17:04,0.0,정상,0.0,0.0,정상,True
2020 10 30 00:17:09,0.0,정상,0.0,0.0,정상,True
2020 10 30 00:17:14,0.0,정상,0.0,0.0,정상,True
2020 10 30 00:17:19,0.0,정상,0.0,0.0,정상,True
2020 10 30 00:17:24,0.0,정상,0.0,0.0,정상,True
2020 10 30 00:17:29,0.0,정상,0.0,0.0,정상,True
2020 10 30 00:17:34,0.0,정상,0.0,0.0,정상,True
2020 10 30 00:17:39,0.0,정상,0.0,0.0,정상,True
2020 10 30 00:17:44,0.0,정상,0.0,0.0,정상,True
2020 10 30 00:17:49,0.0,정상,0.0,0.0,정상,True
2020 10 30 00:17:54,0.0,정상,0.0,0.0,정상,True
2020 10 30 00:17:59,0.0,정상,0.0,0.0,정상,True
2020 10 30 00:18:04,0.0,정상,0.0,0.0,정상,True
2020 10 30 00:18:09,0.0,정상,0.0,0.0,정상,True
2020 10 30 00:18:14,0.0,정상,0.0,0.0,정상,True
2020 10 30 00:18:19,0.0,정상,0.0,0.0,정상,True
2020 10 30 00:18:24,0.0,정상,0.0,0.0,정상,True
2020 10 30 00:18:29,0.0,정상,0.0,0.0,정상,True
2020 10 30 00:18:34,0.0,정상,0.0,0.0,정상,True
2020 10 30 00:18:39,0.0,정상,0.0,0.0,정상,True
2020 10 30 00:18:44,0.0,정상,0.0,0.0,정상,True
2020 10 30 00:18:49,0.0,정상,0.0,0.0,정상,True
2020 10 30 00:18:54,0.0,정상,0.0,0.0,정상,True
2020 10 30 00:18:59,0.0,정상,0.0,0.0,정상,True
2020 10 30 00:19:04,0.0,정상,0.0,0.0,정상,True
2020 10 30 00:19:09,0.0,정상,0.0,0.0,정상,True
2020 10 30 00:19:14,0.0,정상,0.0,0.0,정상,True
2020 10 30 00:19:19,0.0,정상,0.0,0.0,정상,True
2020 10 30 00:19:24,0.0,정상,0.0,0.0,정상,True
2020 10 30 00:19:29,0.0,정상,0.0,0.0,정상,True
2020 10 30 00:19:34,0.0,정상,0.0,0.0,정상,True
2020 10 30 00:19:39,0.0,정상,0.0,0.0,정상,True
2020 10 30 00:19:44,0.0,정상,0.0,0.0,정상,True
2020 10 30 00:19:49,0.0,정상,0.0,0.0,정상,True
2020 10 30 00:19:54,0.0,정상,0.0,0.0,정상,True
2020 10 30 00:19:59,0.0,정상,0.0,0.0,정상,True
2020 10 30 00:20:04,0.0,정상,0.0,0.0,정상,True
2020 10 30 00:20:09,0.0,정상,0.0,0.0,정상,True
2020 10 30 00:20:14,0.0,정상,0.0,0.0,정상,True
2020 10 30 00:20:19,0.0,정상,0.0,0.0,정상,True
2020 10 30 00:20:24,0.0,정상,0.0,0.0,정상,True
2020 10 30 00:20:29,0.0,정상,0.0,0.0,정상,True
2020 10 30 00:20:34,0.0,정상,0.0,0.0,정상,True
2020 10 30 00:20:39,0.0,정상,0.0,0.0,정상,True
2020 10 30 00:20:44,0.0,정상,0.0,0.0,정상,True
2020 10 30 00:20:49,0.0,정상,0.0,0.0,정상,True
2020 10 30 00:20:54,0.0,정상,0.0,0.0,정상,True
2020 10 30 00:20:59,0.0,정상,0.0,0.0,정상,True
2020 10 30 00:21:04,0.0,정상,0.0,0.0,정상,True
2020 10 30 00:21:09,0.0,정상,0.0,0.0,정상,True
2020 10 30 00:21:14,0.0,정상,0.0,0.0,정상,True
2020 10 30 00:21:19,0.0,정상,0.0,0.0,정상,True
2020 10 30 00:21:24,0.0,정상,0.0,0.0,정상,True
2020 10 30 00:21:29,0.0,정상,0.0,0.0,정상,True
2020 10 30 00:21:34,0.0,정상,0.0,0.0,정상,True
2020 10 30 00:21:39,0.0,정상,0.0,0.0,정상,True
2020 10 30 00:21:44,0.0,정상,0.0,0.0,정상,True
2020 10 30 00:21:49,0.0,정상,0.0,0.0,정상,True
2020 10 30 00:21:54,0.0,정상,0.0,0.0,정상,True
2020 10 30 00:21:59,0.0,정상,0.0,0.0,정상,True
2020 10 30 00:22:04,0.0,정상,0.0,0.0,정상,True
2020 10 30 00:22:09,0.0,정상,0.0,0.0,정상,True
2020 10 30 00:22:14,0.0,정상,0.0,0.0,정상,True
2020 10 30 00:22:19,0.0,정상,0.0,0.0,정상,True
2020 10 30 00:22:24,0.0,정상,0.0,0.0,정상,True
2020 10 30 00:22:29,0.0,정상,0.0,0.0,정상,True
2020 10 30 00:22:34,0.0,정상,0.0,0.0,정상,True
2020 10 30 00:22:39,0.0,정상,0.0,0.0,정상,True
2020 10 30 00:22:44,0.0,정상,0.0,0.0,정상,True
2020 10 30 00:22:49,0.0,정상,0.0,0.0,정상,True
2020 10 30 00:22:54,0.0,정상,0.0,0.0,정상,True
2020 10 30 00:22:59,0.0,정상,0.0,0.0,정상,True
2020 10 30 00:23:04,0.0,정상,0.0,0.0,정상,True
2020 10 30 00:23:09,0.0,정상,0.0,0.0,정상,True
2020 10 30 00:23:14,0.0,정상,0.0,0.0,정상,True
2020 10 30 00:23:19,0.0,정상,0.0,0.0,정상,True
2020 10 30 00:23:24,0.0,정상,0.0,0.0,정상,True
2020 10 30 00:23:29,0.0,정상,0.0,0.0,정상,True
2020 10 30 00:23:34,0.0,정상,0.0,0.0,정상,True
2020 10 30 00:23:39,0.0,정상,0.0,0.0,정상,True
2020 10 30 00:23:44,0.0,정상,0.0,0.0,정상,True
2020 10 30 00:23:49,0.0,정상,0.0,0.0,정상,True
2020 10 30 00:23:54,0.0,정상,0.0,0.0,정상,True
2020 10 30 00:23:59,0.0,정상,0.0,0.0,정상,True
2020 10 30 00:24:04,0.0,정상,0.0,0.0,정상,True
2020 10 30 00:24:09,0.0,정상,0.0,0.0,정상,True
2020 10 30 00:24:14,0.0,정상,0.0,0.0,정상,True
2020 10 30 00:24:19,0.0,정상,0.0,0.0,정상,True
2020 10 30 00:24:24,0.0,정상,0.0,0.0,정상,True
2020 10 30 00:24:29,0.0,정상,0.0,0.0,정상,True
2020 10 30 00:24:34,0.0,정상,0.0,0.0,정상,True
2020 10 30 00:24:39,0.0,정상,0.0,0.0,정상,True
2020 10 30 00:24:44,0.0,정상,0.0,0.0,정상,True
2020 10 30 00:24:49,0.0,정상,0.0,0.0,정상,True
2020 10 30 00:24:54,0.0,정상,0.0,0.0,정상,True
2020 10 30 00:24:59,0.0,정상,0.0,0.0,정상,True
2020 10 30 00:25:04,0.0,정상,0.0,0.0,정상,True
2020 10 30 00:25:09,0.0,정상,0.0,0.0,정상,True
2020 10 30 00:25:14,0.0,정상,0.0,0.0,정상,True
2020 10 30 00:25:19,0.0,정상,0.0,0.0,정상,True
2020 10 30 00:25:24,0.0,정상,0.0,0.0,정상,True
2020 10 30 00:25:29,0.0,정상,0.0,0.0,정상,True
2020 10 30 00:25:34,0.0,정상,0.0,0.0,정상,True
2020 10 30 00:25:39,0.0,정상,0.0,0.0,정상,True
2020 10 30 00:25:44,0.0,정상,0.0,0.0,정상,True
2020 10 30 00:25:49,0.0,정상,0.0,0.0,정상,True
2020 10 30 00:25:54,0.0,정상,0.0,0.0,정상,True
2020 10 30 00:25:59,0.0,정상,0.0,0.0,정상,True
2020 10 30 00:26:04,0.0,정상,0.0,0.0,정상,True
2020 10 30 00:26:09,0.0,정상,0.0002702702702702703,0.0,정상,True
2020 10 30 00:26:14,0.0,정상,0.0002702702702702703,0.0,정상,True
2020 10 30 00:26:19,0.0,정상,0.0,0.0,정상,True
2020 10 30 00:26:24,0.0,정상,0.0,0.0,정상,True
2020 10 30 00:26:29,0.0,정상,0.0,0.0,정상,True
2020 10 30 00:26:34,0.0,정상,0.0,0.0,정상,True
2020 10 30 00:26:39,0.0,정상,0.0,0.0,정상,True
2020 10 30 00:26:44,0.0,정상,0.0,0.0,정상,True
2020 10 30 00:26:49,0.0,정상,0.0,0.0,정상,True
2020 10 30 00:26:54,0.0,정상,0.0,0.0,정상,True
2020 10 30 00:26:59,0.0,정상,0.0,0.0,정상,True
2020 10 30 00:27:04,0.0,정상,0.0,0.0,정상,True
2020 10 30 00:27:09,0.0,정상,0.0,0.0,정상,True
2020 10 30 00:27:14,0.0,정상,0.0,0.0,정상,True
2020 10 30 00:27:19,0.0,정상,0.0,0.0,정상,True
2020 10 30 00:27:24,0.0,정상,0.0,0.0,정상,True
2020 10 30 00:27:29,0.0,정상,0.0,0.0,정상,True
2020 10 30 00:27:34,0.0,정상,0.0,0.0,정상,True
2020 10 30 00:27:39,0.0,정상,0.0,0.0,정상,True
2020 10 30 00:27:44,0.0,정상,0.0,0.0,정상,True
2020 10 30 00:27:49,0.0,정상,0.0,0.0,정상,True
2020 10 30 00:27:54,0.0,정상,0.0,0.0,정상,True
2020 10 30 00:27:59,0.0,정상,0.0,0.0,정상,True
2020 10 30 00:28:04,0.0,정상,0.0,0.0,정상,True
2020 10 30 00:28:09,0.0,정상,0.0,0.0,정상,True
2020 10 30 00:28:14,0.0,정상,0.0,0.0,정상,True
2020 10 30 00:28:19,0.0,정상,0.0,0.0,정상,True
2020 10 30 00:28:24,0.0,정상,0.0,0.0,정상,True
2020 10 30 00:28:29,0.0,정상,0.0,0.0,정상,True
2020 10 30 00:28:34,0.0,정상,0.0,0.0,정상,True
2020 10 30 00:28:39,0.0,정상,0.0,0.0,정상,True
2020 10 30 00:28:44,0.0,정상,0.0,0.0,정상,True
2020 10 30 00:28:49,0.0,정상,0.0,0.0,정상,True
2020 10 30 00:28:54,0.0,정상,0.0,0.0,정상,True
2020 10 30 00:28:59,0.0,정상,0.0,0.0,정상,True
2020 10 30 00:29:04,0.0,정상,0.0,0.0,정상,True
2020 10 30 00:29:09,0.0,정상,0.0,0.0,정상,True
2020 10 30 00:29:14,0.0,정상,0.0,0.0,정상,True
2020 10 30 00:29:19,0.0,정상,0.0,0.0,정상,True
2020 10 30 00:29:24,0.0,정상,0.0,0.0,정상,True
2020 10 30 00:29:29,0.0,정상,0.0,0.0,정상,True
2020 10 30 00:29:34,0.0,정상,0.0,0.0,정상,True
2020 10 30 00:29:39,0.0,정상,0.0,0.0,정상,True
2020 10 30 00:29:44,0.0,정상,0.0,0.0,정상,True
2020 10 30 00:29:49,0.0,정상,0.0,0.0,정상,True
2020 10 30 00:29:54,0.0,정상,0.0,0.0,정상,True
2020 10 30 00:29:59,0.0,정상,0.0,0.0,정상,True
2020 10 30 00:30:04,0.0,정상,0.0,0.0,정상,True
2020 10 30 00:30:09,0.0,정상,0.0,0.0,정상,True
2020 10 30 00:30:14,0.0,정상,0.0,0.0,정상,True
2020 10 30 00:30:19,0.0,정상,0.0,0.0,정상,True
2020 10 30 00:30:24,0.0,정상,0.0,0.0,정상,True
2020 10 30 00:30:29,0.0,정상,0.0,0.0,정상,True
2020 10 30 00:30:34,0.0,정상,0.0,0.0,정상,True
2020 10 30 00:30:39,0.0,정상,0.0,0.0,정상,True
2020 10 30 00:30:44,0.0,정상,0.0,0.0,정상,True
2020 10 30 00:30:49,0.0,정상,0.0,0.0,정상,True
2020 10 30 00:30:54,0.0,정상,0.0,0.0,정상,True
2020 10 30 00:30:59,0.0,정상,0.0,0.0,정상,True
2020 10 30 00:31:04,0.0,정상,0.0,0.0,정상,True
2020 10 30 00:31:09,0.0,정상,0.0,0.0,정상,True
2020 10 30 00:31:14,0.0,정상,0.0,0.0,정상,True
2020 10 30 00:31:19,0.0,정상,0.0,0.0,정상,True
2020 10 30 00:31:24,0.0,정상,0.0,0.0,정상,True
2020 10 30 00:31:29,0.0,정상,0.0,0.0,정상,True
2020 10 30 00:31:34,0.0,정상,0.0,0.0,정상,True
2020 10 30 00:31:39,0.0,정상,0.0,0.0,정상,True
2020 10 30 00:31:44,0.0,정상,0.0,0.0,정상,True
2020 10 30 00:31:49,0.0,정상,0.0,0.0,정상,True
2020 10 30 00:31:54,0.0,정상,0.0,0.0,정상,True
2020 10 30 00:31:59,0.0,정상,0.0,0.0,정상,True
2020 10 30 00:32:04,0.0,정상,0.0,0.0,정상,True
2020 10 30 00:32:09,0.0,정상,0.0,0.0,정상,True
2020 10 30 00:32:14,0.0,정상,0.0,0.0,정상,True
2020 10 30 00:32:19,0.0,정상,0.0,0.0,정상,True
2020 10 30 00:32:24,0.0,정상,0.0,0.0,정상,True
2020 10 30 00:32:29,0.0,정상,0.0,0.0,정상,True
2020 10 30 00:32:34,0.0,정상,0.0,0.0,정상,True
2020 10 30 00:32:39,0.0,정상,0.0,0.0,정상,True
2020 10 30 00:32:44,0.0,정상,0.0,0.0,정상,True
2020 10 30 00:32:49,0.0,정상,0.0,0.0,정상,True
2020 10 30 00:32:54,0.0,정상,0.0,0.0,정상,True
2020 10 30 00:32:59,0.0,정상,0.00017241379310344826,0.0,정상,True
2020 10 30 00:33:04,0.0,정상,0.0,0.0,정상,True
2020 10 30 00:33:09,0.0,정상,0.00011857707509881423,0.0,정상,True
2020 10 30 00:33:14,0.0,정상,0.0,0.0,정상,True
2020 10 30 00:33:19,0.0,정상,0.0,0.0,정상,True
2020 10 30 00:33:24,0.0,정상,0.0,0.0,정상,True
2020 10 30 00:33:29,0.0,정상,0.0,0.0,정상,True
2020 10 30 00:33:34,0.0,정상,0.0,0.0,정상,True
2020 10 30 00:33:39,0.0,정상,0.0,0.0,정상,True
2020 10 30 00:33:44,0.0,정상,0.0,0.0,정상,True
2020 10 30 00:33:49,0.0,정상,0.0,0.0,정상,True
2020 10 30 00:33:54,0.0,정상,0.0,0.0,정상,True
2020 10 30 00:33:59,0.0,정상,0.0,0.0,정상,True
2020 10 30 00:34:04,0.0,정상,0.0,0.0,정상,True
2020 10 30 00:34:09,0.0,정상,0.0,0.0,정상,True
2020 10 30 00:34:14,0.0,정상,0.0,0.0,정상,True
2020 10 30 00:34:19,0.0,정상,0.0,0.0,정상,True
2020 10 30 00:34:24,0.0,정상,0.0,0.0,정상,True
2020 10 30 00:34:29,0.0,정상,0.0,0.0,정상,True
2020 10 30 00:34:34,0.0,정상,0.0,0.0,정상,True
2020 10 30 00:34:39,0.0,정상,0.0,0.0,정상,True
2020 10 30 00:34:44,0.0,정상,0.0,0.0,정상,True
2020 10 30 00:34:49,0.0,정상,0.0,0.0,정상,True
2020 10 30 00:34:54,0.0,정상,0.0,0.0,정상,True
2020 10 30 00:34:59,0.0,정상,0.0,0.0,정상,True
2020 10 30 00:35:04,0.0,정상,0.0,0.0,정상,True
2020 10 30 00:35:09,0.0,정상,0.0,0.0,정상,True
2020 10 30 00:35:14,0.0,정상,0.0,0.0,정상,True
2020 10 30 00:35:19,0.0,정상,0.0,0.0,정상,True
2020 10 30 00:35:24,0.0,정상,0.0,0.0,정상,True
2020 10 30 00:35:29,0.0,정상,0.0,0.0,정상,True
2020 10 30 00:35:34,0.0,정상,0.0,0.0,정상,True
2020 10 30 00:35:39,0.0,정상,0.0,0.0,정상,True
2020 10 30 00:35:44,0.0,정상,0.0,0.0,정상,True
2020 10 30 00:35:49,0.0,정상,0.0,0.0,정상,True
2020 10 30 00:35:54,0.0,정상,0.0,0.0,정상,True
2020 10 30 00:35:59,0.0,정상,0.0,0.0,정상,True
2020 10 30 00:36:04,0.0,정상,0.0,0.0,정상,True
2020 10 30 00:36:09,0.0,정상,0.0,0.0,정상,True
2020 10 30 00:36:14,0.0,정상,0.0,0.0,정상,True
2020 10 30 00:36:19,0.0,정상,0.0,0.0,정상,True
2020 10 30 00:36:24,0.0,정상,0.0,0.0,정상,True
2020 10 30 00:36:29,0.0,정상,0.0,0.0,정상,True
2020 10 30 00:36:34,0.0,정상,0.0,0.0,정상,True
2020 10 30 00:36:39,0.0,정상,0.0,0.0,정상,True
2020 10 30 00:36:44,0.0,정상,0.0,0.0,정상,True
2020 10 30 00:36:49,0.0,정상,0.0,0.0,정상,True
2020 10 30 00:36:54,0.0,정상,0.0,0.0,정상,True
2020 10 30 00:36:59,0.0,정상,0.0,0.0,정상,True
2020 10 30 00:37:04,0.0,정상,0.0,0.0,정상,True
2020 10 30 00:37:09,0.0,정상,0.0,0.0,정상,True
2020 10 30 00:37:14,0.0,정상,0.0,0.0,정상,True
2020 10 30 00:37:19,0.0,정상,0.0,0.0,정상,True
2020 10 30 00:37:24,0.0,정상,0.0,0.0,정상,True
2020 10 30 00:37:29,0.0,정상,0.0,0.0,정상,True
2020 10 30 00:37:34,0.0,정상,0.0,0.0,정상,True
2020 10 30 00:37:39,0.0,정상,0.0,0.0,정상,True
2020 10 30 00:37:44,0.0,정상,0.0,0.0,정상,True
2020 10 30 00:37:49,0.0,정상,0.0,0.0,정상,True
2020 10 30 00:37:54,0.0,정상,0.0,0.0,정상,True
2020 10 30 00:37:59,0.0,정상,0.0,0.0,정상,True
2020 10 30 00:38:04,0.0,정상,0.0,0.0,정상,True
2020 10 30 00:38:09,0.0,정상,0.0,0.0,정상,True
2020 10 30 00:38:14,0.0,정상,0.0,0.0,정상,True
2020 10 30 00:38:19,0.0,정상,0.0,0.0,정상,True
2020 10 30 00:38:24,0.0,정상,0.0,0.0,정상,True
2020 10 30 00:38:29,0.0,정상,0.0,0.0,정상,True
2020 10 30 00:38:34,0.0,정상,0.0,0.0,정상,True
2020 10 30 00:38:39,0.0,정상,0.0,0.0,정상,True
2020 10 30 00:38:44,0.0,정상,0.0,0.0,정상,True
2020 10 30 00:38:49,0.0,정상,0.0,0.0,정상,True
2020 10 30 00:38:54,0.0,정상,0.0,0.0,정상,True
2020 10 30 00:38:59,0.0,정상,0.0,0.0,정상,True
2020 10 30 00:39:04,0.0,정상,0.0,0.0,정상,True
2020 10 30 00:39:09,0.0,정상,0.0,0.0,정상,True
2020 10 30 00:39:14,0.0,정상,0.0,0.0,정상,True
2020 10 30 00:39:19,0.0,정상,0.0,0.0,정상,True
2020 10 30 00:39:24,0.0,정상,0.0,0.0,정상,True
2020 10 30 00:39:29,0.0,정상,0.0,0.0,정상,True
2020 10 30 00:39:34,0.0,정상,0.0,0.0,정상,True
2020 10 30 00:39:39,0.0,정상,0.0,0.0,정상,True
2020 10 30 00:39:44,0.0,정상,0.0,0.0,정상,True
2020 10 30 00:39:49,0.0,정상,0.0,0.0,정상,True
2020 10 30 00:39:54,0.0,정상,0.0,0.0,정상,True
2020 10 30 00:39:59,0.0,정상,0.0,0.0,정상,True
2020 10 30 00:40:04,0.0,정상,0.0,0.0,정상,True
2020 10 30 00:40:09,0.0,정상,0.0,0.0,정상,True
2020 10 30 00:40:14,0.0,정상,0.0,0.0,정상,True
2020 10 30 00:40:19,0.0,정상,0.0,0.0,정상,True
2020 10 30 00:40:24,0.0,정상,0.0,0.0,정상,True
2020 10 30 00:40:29,0.0,정상,0.0,0.0,정상,True
2020 10 30 00:40:34,0.0,정상,0.0,0.0,정상,True
2020 10 30 00:40:39,0.0,정상,0.0,0.0,정상,True
2020 10 30 00:40:44,0.0,정상,0.0,0.0,정상,True
2020 10 30 00:40:49,0.0,정상,0.0,0.0,정상,True
2020 10 30 00:40:54,0.0,정상,0.0,0.0,정상,True
2020 10 30 00:40:59,0.0,정상,0.0,0.0,정상,True
2020 10 30 00:41:04,0.0,정상,0.0,0.0,정상,True
2020 10 30 00:41:09,0.0,정상,0.0,0.0,정상,True
2020 10 30 00:41:14,0.0,정상,0.0,0.0,정상,True
2020 10 30 00:41:19,0.0,정상,0.0,0.0,정상,True
2020 10 30 00:41:24,0.0,정상,0.0,0.0,정상,True
2020 10 30 00:41:29,0.0,정상,0.0,0.0,정상,True
2020 10 30 00:41:34,0.0,정상,0.0,0.0,정상,True
2020 10 30 00:41:39,0.0,정상,0.0,0.0,정상,True
2020 10 30 00:41:44,0.0,정상,0.0,0.0,정상,True
2020 10 30 00:41:49,0.0,정상,0.0,0.0,정상,True
2020 10 30 00:41:54,0.0,정상,0.0,0.0,정상,True
2020 10 30 00:41:59,0.0,정상,0.0,0.0,정상,True
2020 10 30 00:42:04,0.0,정상,0.0,0.0,정상,True
2020 10 30 00:42:09,0.0,정상,0.0,0.0,정상,True
2020 10 30 00:42:14,0.0,정상,0.0,0.0,정상,True
2020 10 30 00:42:19,0.0,정상,0.0,0.0,정상,True
2020 10 30 00:42:24,0.0,정상,0.0,0.0,정상,True
2020 10 30 00:42:29,0.0,정상,0.0,0.0,정상,True
2020 10 30 00:42:34,0.0,정상,0.0,0.0,정상,True
2020 10 30 00:42:39,0.0,정상,0.0,0.0,정상,True
2020 10 30 00:42:44,0.0,정상,0.0,0.0,정상,True
2020 10 30 00:42:49,0.0,정상,0.0,0.0,정상,True
2020 10 30 00:42:54,0.0,정상,0.0,0.0,정상,True
2020 10 30 00:42:59,0.0,정상,0.0,0.0,정상,True
2020 10 30 00:43:04,0.0,정상,0.0,0.0,정상,True
2020 10 30 00:43:09,0.0,정상,0.0,0.0,정상,True
2020 10 30 00:43:14,0.0,정상,0.0,0.0,정상,True
2020 10 30 00:43:19,0.0,정상,0.0,0.0,정상,True
2020 10 30 00:43:24,0.0,정상,0.0,0.0,정상,True
2020 10 30 00:43:29,0.0,정상,0.0,0.0,정상,True
2020 10 30 00:43:34,0.0,정상,0.0,0.0,정상,True
2020 10 30 00:43:39,0.0,정상,0.0,0.0,정상,True
2020 10 30 00:43:44,0.0,정상,0.0,0.0,정상,True
2020 10 30 00:43:49,0.0,정상,0.0,0.0,정상,True
2020 10 30 00:43:54,0.0,정상,0.0,0.0,정상,True
2020 10 30 00:43:59,0.0,정상,0.0,0.0,정상,True
2020 10 30 00:44:04,0.0,정상,0.0,0.0,정상,True
2020 10 30 00:44:09,0.0,정상,0.0,0.0,정상,True
2020 10 30 00:44:14,0.0,정상,0.0,0.0,정상,True
2020 10 30 00:44:19,0.0,정상,0.0,0.0,정상,True
2020 10 30 00:44:24,0.0,정상,0.0,0.0,정상,True
2020 10 30 00:44:29,0.0,정상,0.0,0.0,정상,True
2020 10 30 00:44:34,0.0,정상,0.0,0.0,정상,True
2020 10 30 00:44:39,0.0,정상,0.0,0.0,정상,True
2020 10 30 00:44:44,0.0,정상,0.0,0.0,정상,True
2020 10 30 00:44:49,0.0,정상,0.0,0.0,정상,True
2020 10 30 00:44:54,0.0,정상,0.0,0.0,정상,True
2020 10 30 00:44:59,0.0,정상,0.0,0.0,정상,True
2020 10 30 00:45:04,0.0,정상,0.0,0.0,정상,True
2020 10 30 00:45:09,0.0,정상,0.0,0.0,정상,True
2020 10 30 00:45:14,0.0,정상,0.0,0.0,정상,True
2020 10 30 00:45:19,0.0,정상,0.0,0.0,정상,True
2020 10 30 00:45:24,0.0,정상,0.0,0.0,정상,True
2020 10 30 00:45:29,0.0,정상,0.0,0.0,정상,True
2020 10 30 00:45:34,0.0,정상,0.0,0.0,정상,True
2020 10 30 00:45:39,0.0,정상,0.0,0.0,정상,True
2020 10 30 00:45:44,0.0,정상,0.0,0.0,정상,True
2020 10 30 00:45:49,0.0,정상,0.0,0.0,정상,True
2020 10 30 00:45:54,0.0,정상,0.0,0.0,정상,True
2020 10 30 00:45:59,0.0,정상,0.0,0.0,정상,True
2020 10 30 00:46:04,0.0,정상,0.0,0.0,정상,True
2020 10 30 00:46:09,0.0,정상,0.0,0.0,정상,True
2020 10 30 00:46:14,0.0,정상,0.0,0.0,정상,True
2020 10 30 00:46:19,0.0,정상,0.0,0.0,정상,True
2020 10 30 00:46:24,0.0,정상,0.0,0.0,정상,True
2020 10 30 00:46:29,0.0,정상,0.0,0.0,정상,True
2020 10 30 00:46:34,0.0,정상,0.0,0.0,정상,True
2020 10 30 00:46:39,0.0,정상,0.0,0.0,정상,True
2020 10 30 00:46:44,0.0,정상,0.0,0.0,정상,True
2020 10 30 00:46:49,0.0,정상,0.0,0.0,정상,True
2020 10 30 00:46:54,0.0,정상,0.0,0.0,정상,True
2020 10 30 00:46:59,0.0,정상,0.0,0.0,정상,True
2020 10 30 00:47:04,0.0,정상,0.0,0.0,정상,True
2020 10 30 00:47:09,0.0,정상,0.0,0.0,정상,True
2020 10 30 00:47:14,0.0,정상,0.0,0.0,정상,True
2020 10 30 00:47:19,0.0,정상,0.0,0.0,정상,True
2020 10 30 00:47:24,0.0,정상,0.0,0.0,정상,True
2020 10 30 00:47:29,0.0,정상,0.0,0.0,정상,True
2020 10 30 00:47:34,0.0,정상,0.0,0.0,정상,True
2020 10 30 00:47:39,0.0,정상,0.0,0.0,정상,True
2020 10 30 00:47:44,0.0,정상,0.0,0.0,정상,True
2020 10 30 00:47:49,0.0,정상,0.0,0.0,정상,True
2020 10 30 00:47:54,0.0,정상,0.0,0.0,정상,True
2020 10 30 00:47:59,0.0,정상,0.0,0.0,정상,True
2020 10 30 00:48:04,0.0,정상,0.0,0.0,정상,True
2020 10 30 00:48:09,0.0,정상,0.0,0.0,정상,True
2020 10 30 00:48:14,0.0,정상,0.0,0.0,정상,True
2020 10 30 00:48:19,0.0,정상,0.0,0.0,정상,True
2020 10 30 00:48:24,0.0,정상,0.0,0.0,정상,True
2020 10 30 00:48:29,0.0,정상,0.0,0.0,정상,True
2020 10 30 00:48:34,0.0,정상,0.0,0.0,정상,True
2020 10 30 00:48:39,0.0,정상,0.0,0.0,정상,True
2020 10 30 00:48:44,0.0,정상,0.0,0.0,정상,True
2020 10 30 00:48:49,0.0,정상,0.0,0.0,정상,True
2020 10 30 00:48:54,0.0,정상,0.0,0.0,정상,True
2020 10 30 00:48:59,0.0,정상,0.0,0.0,정상,True
2020 10 30 00:49:04,0.0,정상,0.0,0.0,정상,True
2020 10 30 00:49:09,0.0,정상,0.0,0.0,정상,True
2020 10 30 00:49:14,0.0,정상,0.0,0.0,정상,True
2020 10 30 00:49:19,0.0,정상,0.0,0.0,정상,True
2020 10 30 00:49:24,0.0,정상,0.0,0.0,정상,True
2020 10 30 00:49:29,0.0,정상,0.0,0.0,정상,True
2020 10 30 00:49:34,0.0,정상,0.0,0.0,정상,True
2020 10 30 00:49:39,0.0,정상,0.0,0.0,정상,True
2020 10 30 00:49:44,0.0,정상,0.0,0.0,정상,True
2020 10 30 00:49:49,0.0,정상,0.0,0.0,정상,True
2020 10 30 00:49:54,0.0,정상,0.0,0.0,정상,True
2020 10 30 00:49:59,0.0,정상,0.0,0.0,정상,True
2020 10 30 00:50:04,0.0,정상,0.0,0.0,정상,True
2020 10 30 00:50:09,0.0,정상,0.0,0.0,정상,True
2020 10 30 00:50:14,0.0,정상,0.0,0.0,정상,True
2020 10 30 00:50:19,0.0,정상,0.0,0.0,정상,True
2020 10 30 00:50:24,0.0,정상,0.0,0.0,정상,True
2020 10 30 00:50:29,0.0,정상,0.0,0.0,정상,True
2020 10 30 00:50:34,0.0,정상,0.0,0.0,정상,True
2020 10 30 00:50:39,0.0,정상,0.0,0.0,정상,True
2020 10 30 00:50:44,0.0,정상,0.0,0.0,정상,True
2020 10 30 00:50:49,0.0,정상,0.0,0.0,정상,True
2020 10 30 00:50:54,0.0,정상,0.0,0.0,정상,True
2020 10 30 00:50:59,0.0,정상,0.0,0.0,정상,True
2020 10 30 00:51:04,0.0,정상,0.0,0.0,정상,True
2020 10 30 00:51:09,0.0,정상,0.0,0.0,정상,True
2020 10 30 00:51:14,0.0,정상,0.0,0.0,정상,True
2020 10 30 00:51:19,0.0,정상,0.0,0.0,정상,True
2020 10 30 00:51:24,0.0,정상,0.0,0.0,정상,True
2020 10 30 00:51:29,0.0,정상,0.0,0.0,정상,True
2020 10 30 00:51:34,0.0,정상,0.0,0.0,정상,True
2020 10 30 00:51:39,0.0,정상,0.0,0.0,정상,True
2020 10 30 00:51:44,0.0,정상,0.0,0.0,정상,True
2020 10 30 00:51:49,0.0,정상,0.0,0.0,정상,True
2020 10 30 00:51:54,0.0,정상,0.0,0.0,정상,True
2020 10 30 00:51:59,0.0,정상,0.0,0.0,정상,True
2020 10 30 00:52:04,0.0,정상,0.0,0.0,정상,True
2020 10 30 00:52:09,0.0,정상,0.0,0.0,정상,True
2020 10 30 00:52:14,0.0,정상,0.0,0.0,정상,True
2020 10 30 00:52:19,0.0,정상,0.0,0.0,정상,True
2020 10 30 00:52:24,0.0,정상,0.0,0.0,정상,True
2020 10 30 00:52:29,0.0,정상,0.0,0.0,정상,True
2020 10 30 00:52:34,0.0,정상,0.0,0.0,정상,True
2020 10 30 00:52:39,0.0,정상,0.0,0.0,정상,True
2020 10 30 00:52:44,0.0,정상,0.0,0.0,정상,True
2020 10 30 00:52:49,0.0,정상,0.0,0.0,정상,True
2020 10 30 00:52:54,0.0,정상,0.0,0.0,정상,True
2020 10 30 00:52:59,0.0,정상,0.0,0.0,정상,True
2020 10 30 00:53:04,0.0,정상,0.0,0.0,정상,True
2020 10 30 00:53:09,0.0,정상,0.0,0.0,정상,True
2020 10 30 00:53:14,0.0,정상,0.0,0.0,정상,True
2020 10 30 00:53:19,0.0,정상,0.0,0.0,정상,True
2020 10 30 00:53:24,0.0,정상,0.0,0.0,정상,True
2020 10 30 00:53:29,0.0,정상,0.0,0.0,정상,True
2020 10 30 00:53:34,0.0,정상,0.0,0.0,정상,True
2020 10 30 00:53:39,0.0,정상,0.0,0.0,정상,True
2020 10 30 00:53:44,0.0,정상,0.0,0.0,정상,True
2020 10 30 00:53:49,0.0,정상,0.0,0.0,정상,True
2020 10 30 00:53:54,0.0,정상,0.0,0.0,정상,True
2020 10 30 00:53:59,0.0,정상,0.0,0.0,정상,True
2020 10 30 00:54:04,0.0,정상,0.0,0.0,정상,True
2020 10 30 00:54:09,0.0,정상,0.0,0.0,정상,True
2020 10 30 00:54:14,0.0,정상,0.0,0.0,정상,True
2020 10 30 00:54:19,0.0,정상,0.0,0.0,정상,True
2020 10 30 00:54:24,0.0,정상,0.0,0.0,정상,True
2020 10 30 00:54:29,0.0,정상,0.0,0.0,정상,True
2020 10 30 00:54:34,0.0,정상,0.0,0.0,정상,True
2020 10 30 00:54:39,0.0,정상,0.0,0.0,정상,True
2020 10 30 00:54:44,0.0,정상,0.0,0.0,정상,True
2020 10 30 00:54:49,0.0,정상,0.0,0.0,정상,True
2020 10 30 00:54:54,0.0,정상,0.0,0.0,정상,True
2020 10 30 00:54:59,0.0,정상,0.0,0.0,정상,True
2020 10 30 00:55:04,0.0,정상,0.0,0.0,정상,True
2020 10 30 00:55:09,0.0,정상,0.0,0.0,정상,True
2020 10 30 00:55:14,0.0,정상,0.0,0.0,정상,True
2020 10 30 00:55:19,0.0,정상,0.0,0.0,정상,True
2020 10 30 00:55:24,0.0,정상,0.0,0.0,정상,True
2020 10 30 00:55:29,0.0,정상,0.0,0.0,정상,True
2020 10 30 00:55:34,0.0,정상,0.0,0.0,정상,True
2020 10 30 00:55:39,0.0,정상,0.0,0.0,정상,True
2020 10 30 00:55:44,0.0,정상,0.0,0.0,정상,True
2020 10 30 00:55:49,0.0,정상,0.0,0.0,정상,True
2020 10 30 00:55:54,0.0,정상,0.0,0.0,정상,True
2020 10 30 00:55:59,0.0,정상,0.0,0.0,정상,True
2020 10 30 00:56:04,0.0,정상,0.0,0.0,정상,True
2020 10 30 00:56:09,0.0,정상,0.0,0.0,정상,True
2020 10 30 00:56:14,0.0,정상,0.0,0.0,정상,True
2020 10 30 00:56:19,0.0,정상,0.0,0.0,정상,True
2020 10 30 00:56:24,0.0,정상,0.0,0.0,정상,True
2020 10 30 00:56:29,0.0,정상,0.0,0.0,정상,True
2020 10 30 00:56:34,0.0,정상,0.0,0.0,정상,True
2020 10 30 00:56:39,0.0,정상,0.0,0.0,정상,True
2020 10 30 00:56:44,0.0,정상,0.0,0.0,정상,True
2020 10 30 00:56:49,0.0,정상,0.0,0.0,정상,True
2020 10 30 00:56:54,0.0,정상,0.0,0.0,정상,True
2020 10 30 00:56:59,0.0,정상,0.0,0.0,정상,True
2020 10 30 00:57:04,0.0,정상,0.0,0.0,정상,True
2020 10 30 00:57:09,0.0,정상,0.0,0.0,정상,True
2020 10 30 00:57:14,0.0,정상,0.0,0.0,정상,True
2020 10 30 00:57:19,0.0,정상,0.0,0.0,정상,True
2020 10 30 00:57:24,0.0,정상,0.0,0.0,정상,True
2020 10 30 00:57:29,0.0,정상,0.0,0.0,정상,True
2020 10 30 00:57:34,0.0,정상,0.0,0.0,정상,True
2020 10 30 00:57:39,0.0,정상,0.0,0.0,정상,True
2020 10 30 00:57:44,0.0,정상,0.0,0.0,정상,True
2020 10 30 00:57:49,0.0,정상,0.0,0.0,정상,True
2020 10 30 00:57:54,0.0,정상,0.0,0.0,정상,True
2020 10 30 00:57:59,0.0,정상,0.0,0.0,정상,True
2020 10 30 00:58:04,0.0,정상,0.0,0.0,정상,True
2020 10 30 00:58:09,0.0,정상,0.0,0.0,정상,True
2020 10 30 00:58:14,0.0,정상,0.0,0.0,정상,True
2020 10 30 00:58:19,0.0,정상,0.0,0.0,정상,True
2020 10 30 00:58:24,0.0,정상,0.0,0.0,정상,True
2020 10 30 00:58:29,0.0,정상,0.0,0.0,정상,True
2020 10 30 00:58:34,0.0,정상,0.0,0.0,정상,True
2020 10 30 00:58:39,0.0,정상,0.0,0.0,정상,True
2020 10 30 00:58:44,0.0,정상,0.0,0.0,정상,True
2020 10 30 00:58:49,0.0,정상,0.0,0.0,정상,True
2020 10 30 00:58:54,0.0,정상,0.0,0.0,정상,True
2020 10 30 00:58:59,0.0,정상,0.0,0.0,정상,True
2020 10 30 00:59:04,0.0,정상,0.0,0.0,정상,True
2020 10 30 00:59:09,0.0,정상,0.0,0.0,정상,True
2020 10 30 00:59:14,0.0,정상,0.0,0.0,정상,True
2020 10 30 00:59:19,0.0,정상,0.0,0.0,정상,True
2020 10 30 00:59:24,0.0,정상,0.0,0.0,정상,True
2020 10 30 00:59:29,0.0,정상,0.0,0.0,정상,True
2020 10 30 00:59:34,0.0,정상,0.0,0.0,정상,True
2020 10 30 00:59:39,0.0,정상,0.0,0.0,정상,True
2020 10 30 00:59:44,0.0,정상,0.0,0.0,정상,True
2020 10 30 00:59:49,0.0,정상,0.0,0.0,정상,True
2020 10 30 00:59:54,0.0,정상,0.0,0.0,정상,True
2020 10 30 00:59:59,0.0,정상,0.0,0.0,정상,True
2020 10 30 01:00:04,0.0,정상,0.0,0.0,정상,True
2020 10 30 01:00:09,0.0,정상,0.0,0.0,정상,True
2020 10 30 01:00:14,0.0,정상,0.0,0.0,정상,True
2020 10 30 01:00:19,0.0,정상,0.0,0.0,정상,True
2020 10 30 01:00:24,0.0,정상,0.0,0.0,정상,True
2020 10 30 01:00:29,0.0,정상,0.0,0.0,정상,True
2020 10 30 01:00:34,0.0,정상,0.0,0.0,정상,True
2020 10 30 01:00:39,0.0,정상,0.0,0.0,정상,True
2020 10 30 01:00:44,0.0,정상,0.0,0.0,정상,True
2020 10 30 01:00:49,0.0,정상,0.0,0.0,정상,True
2020 10 30 01:00:54,0.0,정상,0.0,0.0,정상,True
2020 10 30 01:00:59,0.0,정상,0.0,0.0,정상,True
2020 10 30 01:01:04,0.0,정상,0.0,0.0,정상,True
2020 10 30 01:01:09,0.0,정상,0.0,0.0,정상,True
2020 10 30 01:01:14,0.0,정상,0.0,0.0,정상,True
2020 10 30 01:01:19,0.0,정상,0.0,0.0,정상,True
2020 10 30 01:01:24,0.0,정상,0.0,0.0,정상,True
2020 10 30 01:01:29,0.0,정상,0.0,0.0,정상,True
2020 10 30 01:01:34,0.0,정상,0.0,0.0,정상,True
2020 10 30 01:01:39,0.0,정상,0.0,0.0,정상,True
2020 10 30 01:01:44,0.0,정상,0.0,0.0,정상,True
2020 10 30 01:01:49,0.0,정상,0.0,0.0,정상,True
2020 10 30 01:01:54,0.0,정상,0.0,0.0,정상,True
2020 10 30 01:01:59,0.0,정상,0.0,0.0,정상,True
2020 10 30 01:02:04,0.0,정상,0.0,0.0,정상,True
2020 10 30 01:02:09,0.0,정상,0.0,0.0,정상,True
2020 10 30 01:02:14,0.0,정상,0.0,0.0,정상,True
2020 10 30 01:02:19,0.0,정상,0.0,0.0,정상,True
2020 10 30 01:02:24,0.0,정상,0.0,0.0,정상,True
2020 10 30 01:02:29,0.0,정상,0.0,0.0,정상,True
2020 10 30 01:02:34,0.0,정상,0.0,0.0,정상,True
2020 10 30 01:02:39,0.0,정상,0.0,0.0,정상,True
2020 10 30 01:02:44,0.0,정상,0.0,0.0,정상,True
2020 10 30 01:02:49,0.0,정상,0.0,0.0,정상,True
2020 10 30 01:02:54,0.0,정상,0.0,0.0,정상,True
2020 10 30 01:02:59,0.0,정상,0.0,0.0,정상,True
2020 10 30 01:03:04,0.0,정상,0.0,0.0,정상,True
2020 10 30 01:03:09,0.0,정상,0.0,0.0,정상,True
2020 10 30 01:03:14,0.0,정상,0.0,0.0,정상,True
2020 10 30 01:03:19,0.0,정상,0.0,0.0,정상,True
2020 10 30 01:03:24,0.0,정상,0.0,0.0,정상,True
2020 10 30 01:03:29,0.0,정상,0.0,0.0,정상,True
2020 10 30 01:03:34,0.0,정상,0.0,0.0,정상,True
2020 10 30 01:03:39,0.0,정상,0.0,0.0,정상,True
2020 10 30 01:03:44,0.0,정상,0.0,0.0,정상,True
2020 10 30 01:03:49,0.0,정상,0.0,0.0,정상,True
2020 10 30 01:03:54,0.0,정상,0.0,0.0,정상,True
2020 10 30 01:03:59,0.0,정상,0.0,0.0,정상,True
2020 10 30 01:04:04,0.0,정상,0.0,0.0,정상,True
2020 10 30 01:04:09,0.0,정상,0.0,0.0,정상,True
2020 10 30 01:04:14,0.0,정상,0.0,0.0,정상,True
2020 10 30 01:04:19,0.0,정상,0.0,0.0,정상,True
2020 10 30 01:04:24,0.0,정상,0.0,0.0,정상,True
2020 10 30 01:04:29,0.0,정상,0.0,0.0,정상,True
2020 10 30 01:04:34,0.0,정상,0.0,0.0,정상,True
2020 10 30 01:04:39,0.0,정상,0.0,0.0,정상,True
2020 10 30 01:04:44,0.0,정상,0.0,0.0,정상,True
2020 10 30 01:04:49,0.0,정상,0.0,0.0,정상,True
2020 10 30 01:04:54,0.0,정상,0.0,0.0,정상,True
2020 10 30 01:04:59,0.0,정상,0.0,0.0,정상,True
2020 10 30 01:05:04,0.0,정상,0.0,0.0,정상,True
2020 10 30 01:05:09,0.0,정상,0.0,0.0,정상,True
2020 10 30 01:05:14,0.0,정상,0.0,0.0,정상,True
2020 10 30 01:05:19,0.0,정상,0.0,0.0,정상,True
2020 10 30 01:05:24,0.0,정상,0.0,0.0,정상,True
2020 10 30 01:05:29,0.0,정상,0.0,0.0,정상,True
2020 10 30 01:05:34,0.0,정상,0.0,0.0,정상,True
2020 10 30 01:05:39,0.0,정상,0.0,0.0,정상,True
2020 10 30 01:05:44,0.0,정상,0.0,0.0,정상,True
2020 10 30 01:05:49,0.0,정상,0.0,0.0,정상,True
2020 10 30 01:05:54,0.0,정상,0.0,0.0,정상,True
2020 10 30 01:05:59,0.0,정상,0.0,0.0,정상,True
2020 10 30 01:06:04,0.0,정상,0.0,0.0,정상,True
2020 10 30 01:06:09,0.0,정상,0.0,0.0,정상,True
2020 10 30 01:06:14,0.0,정상,0.0,0.0,정상,True
2020 10 30 01:06:19,0.0,정상,0.0,0.0,정상,True
2020 10 30 01:06:24,0.0,정상,0.0,0.0,정상,True
2020 10 30 01:06:29,0.0,정상,0.0,0.0,정상,True
2020 10 30 01:06:34,0.0,정상,0.0,0.0,정상,True
2020 10 30 01:06:39,0.0,정상,0.0,0.0,정상,True
2020 10 30 01:06:44,0.0,정상,0.0,0.0,정상,True
2020 10 30 01:06:49,0.0,정상,0.0,0.0,정상,True
2020 10 30 01:06:54,0.0,정상,0.0,0.0,정상,True
2020 10 30 01:06:59,0.0,정상,0.0,0.0,정상,True
2020 10 30 01:07:04,0.0,정상,0.0,0.0,정상,True
2020 10 30 01:07:09,0.0,정상,0.0,0.0,정상,True
2020 10 30 01:07:14,0.0,정상,0.0,0.0,정상,True
2020 10 30 01:07:19,0.0,정상,0.0,0.0,정상,True
2020 10 30 01:07:24,0.0,정상,0.0,0.0,정상,True
2020 10 30 01:07:29,0.0,정상,0.0,0.0,정상,True
2020 10 30 01:07:34,0.0,정상,0.0,0.0,정상,True
2020 10 30 01:07:39,0.0,정상,0.0,0.0,정상,True
2020 10 30 01:07:44,0.0,정상,0.0,0.0,정상,True
2020 10 30 01:07:49,0.0,정상,0.0,0.0,정상,True
2020 10 30 01:07:54,0.0,정상,0.0,0.0,정상,True
2020 10 30 01:07:59,0.0,정상,0.0,0.0,정상,True
2020 10 30 01:08:04,0.0,정상,0.0,0.0,정상,True
2020 10 30 01:08:09,0.0,정상,0.0,0.0,정상,True
2020 10 30 01:08:14,0.0,정상,0.0,0.0,정상,True
2020 10 30 01:08:19,0.0,정상,0.0,0.0,정상,True
2020 10 30 01:08:24,0.0,정상,0.0,0.0,정상,True
2020 10 30 01:08:29,0.0,정상,0.0,0.0,정상,True
2020 10 30 01:08:34,0.0,정상,0.0,0.0,정상,True
2020 10 30 01:08:39,0.0,정상,0.0,0.0,정상,True
2020 10 30 01:08:44,0.0,정상,0.0,0.0,정상,True
2020 10 30 01:08:49,0.0,정상,0.0,0.0,정상,True
2020 10 30 01:08:54,0.0,정상,0.0,0.0,정상,True
2020 10 30 01:08:59,0.0,정상,0.0,0.0,정상,True
2020 10 30 01:09:04,0.0,정상,0.0,0.0,정상,True
2020 10 30 01:09:09,0.0,정상,0.0,0.0,정상,True
2020 10 30 01:09:14,0.0,정상,0.0,0.0,정상,True
2020 10 30 01:09:19,0.0,정상,0.0,0.0,정상,True
2020 10 30 01:09:24,0.0,정상,0.0,0.0,정상,True
2020 10 30 01:09:29,0.0,정상,0.0,0.0,정상,True
2020 10 30 01:09:34,0.0,정상,0.0,0.0,정상,True
2020 10 30 01:09:39,0.0,정상,0.0,0.0,정상,True
2020 10 30 01:09:44,0.0,정상,0.0,0.0,정상,True
2020 10 30 01:09:49,0.0,정상,0.0,0.0,정상,True
2020 10 30 01:09:54,0.0,정상,0.0,0.0,정상,True
2020 10 30 01:09:59,0.0,정상,0.0,0.0,정상,True
2020 10 30 01:10:04,0.0,정상,0.0,0.0,정상,True
2020 10 30 01:10:09,0.0,정상,0.0,0.0,정상,True
2020 10 30 01:10:14,0.0,정상,0.0,0.0,정상,True
2020 10 30 01:10:19,0.0,정상,0.0,0.0,정상,True
2020 10 30 01:10:24,0.0,정상,0.0,0.0,정상,True
2020 10 30 01:10:29,0.0,정상,0.0,0.0,정상,True
2020 10 30 01:10:34,0.0,정상,0.0,0.0,정상,True
2020 10 30 01:10:39,0.0,정상,0.0,0.0,정상,True
2020 10 30 01:10:44,0.0,정상,0.0,0.0,정상,True
2020 10 30 01:10:49,0.0,정상,0.0,0.0,정상,True
2020 10 30 01:10:54,0.0,정상,0.0,0.0,정상,True
2020 10 30 01:10:59,0.0,정상,0.0,0.0,정상,True
2020 10 30 01:11:04,0.0,정상,0.0,0.0,정상,True
2020 10 30 01:11:09,0.0,정상,0.0,0.0,정상,True
2020 10 30 01:11:14,0.0,정상,0.0,0.0,정상,True
2020 10 30 01:11:19,0.0,정상,0.0,0.0,정상,True
2020 10 30 01:11:24,0.0,정상,0.0,0.0,정상,True
2020 10 30 01:11:29,0.0,정상,0.0,0.0,정상,True
2020 10 30 01:11:34,0.0,정상,0.0,0.0,정상,True
2020 10 30 01:11:39,0.0,정상,0.0,0.0,정상,True
2020 10 30 01:11:44,0.0,정상,0.0,0.0,정상,True
2020 10 30 01:11:49,0.0,정상,0.0,0.0,정상,True
2020 10 30 01:11:54,0.0,정상,0.0,0.0,정상,True
2020 10 30 01:11:59,0.0,정상,0.0,0.0,정상,True
2020 10 30 01:12:04,0.0,정상,0.0,0.0,정상,True
2020 10 30 01:12:09,0.0,정상,0.0,0.0,정상,True
2020 10 30 01:12:14,0.0,정상,0.0,0.0,정상,True
2020 10 30 01:12:19,0.0,정상,0.0,0.0,정상,True
2020 10 30 01:12:24,0.0,정상,0.0,0.0,정상,True
2020 10 30 01:12:29,0.0,정상,0.0,0.0,정상,True
2020 10 30 01:12:34,0.0,정상,0.0,0.0,정상,True
2020 10 30 01:12:39,0.0,정상,0.0,0.0,정상,True
2020 10 30 01:12:44,0.0,정상,0.0,0.0,정상,True
2020 10 30 01:12:49,0.0,정상,0.0,0.0,정상,True
2020 10 30 01:12:54,0.0,정상,0.0,0.0,정상,True
2020 10 30 01:12:59,0.0,정상,0.0,0.0,정상,True
2020 10 30 01:13:04,0.0,정상,0.0,0.0,정상,True
2020 10 30 01:13:09,0.0,정상,0.0,0.0,정상,True
2020 10 30 01:13:14,0.0,정상,0.0,0.0,정상,True
2020 10 30 01:13:19,0.0,정상,0.0,0.0,정상,True
2020 10 30 01:13:24,0.0,정상,0.0,0.0,정상,True
2020 10 30 01:13:29,0.0,정상,0.0,0.0,정상,True
2020 10 30 01:13:34,0.0,정상,0.0,0.0,정상,True
2020 10 30 01:13:39,0.0,정상,0.0,0.0,정상,True
2020 10 30 01:13:44,0.0,정상,0.0,0.0,정상,True
2020 10 30 01:13:49,0.0,정상,0.0,0.0,정상,True
2020 10 30 01:13:54,0.0,정상,0.0,0.0,정상,True
2020 10 30 01:13:59,0.0,정상,0.0,0.0,정상,True
2020 10 30 01:14:04,0.0,정상,0.0,0.0,정상,True
2020 10 30 01:14:09,0.0,정상,0.0,0.0,정상,True
2020 10 30 01:14:14,0.0,정상,0.0,0.0,정상,True
2020 10 30 01:14:19,0.0,정상,0.0,0.0,정상,True
2020 10 30 01:14:24,0.0,정상,0.0,0.0,정상,True
2020 10 30 01:14:29,0.0,정상,0.0,0.0,정상,True
2020 10 30 01:14:34,0.0,정상,0.0,0.0,정상,True
2020 10 30 01:14:39,0.0,정상,0.0,0.0,정상,True
2020 10 30 01:14:44,0.0,정상,0.0,0.0,정상,True
2020 10 30 01:14:49,0.0,정상,0.0,0.0,정상,True
2020 10 30 01:14:54,0.0,정상,0.0,0.0,정상,True
2020 10 30 01:14:59,0.0,정상,0.0,0.0,정상,True
2020 10 30 01:15:04,0.0,정상,0.0,0.0,정상,True
2020 10 30 01:15:09,0.0,정상,0.0,0.0,정상,True
2020 10 30 01:15:14,0.0,정상,0.0,0.0,정상,True
2020 10 30 01:15:19,0.0,정상,0.0,0.0,정상,True
2020 10 30 01:15:24,0.0,정상,0.0,0.0,정상,True
2020 10 30 01:15:29,0.0,정상,0.0,0.0,정상,True
2020 10 30 01:15:34,0.0,정상,0.0,0.0,정상,True
2020 10 30 01:15:39,0.0,정상,0.0,0.0,정상,True
2020 10 30 01:15:44,0.0,정상,0.0,0.0,정상,True
2020 10 30 01:15:49,0.0,정상,0.0,0.0,정상,True
2020 10 30 01:15:54,0.0,정상,0.0,0.0,정상,True
2020 10 30 01:15:59,0.0,정상,0.0,0.0,정상,True
2020 10 30 01:16:04,0.0,정상,0.0,0.0,정상,True
2020 10 30 01:16:09,0.0,정상,0.0,0.0,정상,True
2020 10 30 01:16:14,0.0,정상,0.0,0.0,정상,True
2020 10 30 01:16:19,0.0,정상,0.0,0.0,정상,True
2020 10 30 01:16:24,0.0,정상,0.0,0.0,정상,True
2020 10 30 01:16:29,0.0,정상,0.0,0.0,정상,True
2020 10 30 01:16:34,0.0,정상,0.0,0.0,정상,True
2020 10 30 01:16:39,0.0,정상,0.0,0.0,정상,True
2020 10 30 01:16:44,0.0,정상,0.0,0.0,정상,True
2020 10 30 01:16:49,0.0,정상,0.0,0.0,정상,True
2020 10 30 01:16:54,0.0,정상,0.0,0.0,정상,True
2020 10 30 01:16:59,0.0,정상,0.0,0.0,정상,True
2020 10 30 01:17:04,0.0,정상,0.0,0.0,정상,True
2020 10 30 01:17:09,0.0,정상,0.0,0.0,정상,True
2020 10 30 01:17:14,0.0,정상,0.0,0.0,정상,True
2020 10 30 01:17:19,0.0,정상,0.0,0.0,정상,True
2020 10 30 01:17:24,0.0,정상,0.0,0.0,정상,True
2020 10 30 01:17:29,0.0,정상,0.0,0.0,정상,True
2020 10 30 01:17:34,0.0,정상,0.0,0.0,정상,True
2020 10 30 01:17:39,0.0,정상,0.0,0.0,정상,True
2020 10 30 01:17:44,0.0,정상,0.0,0.0,정상,True
2020 10 30 01:17:49,0.0,정상,0.0,0.0,정상,True
2020 10 30 01:17:54,0.0,정상,0.0,0.0,정상,True
2020 10 30 01:17:59,0.0,정상,0.0,0.0,정상,True
2020 10 30 01:18:04,0.0,정상,0.0,0.0,정상,True
2020 10 30 01:18:09,0.0,정상,0.0,0.0,정상,True
2020 10 30 01:18:14,0.0,정상,0.0,0.0,정상,True
2020 10 30 01:18:19,0.0,정상,0.0,0.0,정상,True
2020 10 30 01:18:24,0.0,정상,0.0,0.0,정상,True
2020 10 30 01:18:29,0.0,정상,0.0,0.0,정상,True
2020 10 30 01:18:34,0.0,정상,0.0,0.0,정상,True
2020 10 30 01:18:39,0.0,정상,0.0,0.0,정상,True
2020 10 30 01:18:44,0.0,정상,0.0,0.0,정상,True
2020 10 30 01:18:49,0.0,정상,0.0,0.0,정상,True
2020 10 30 01:18:54,0.0,정상,0.0,0.0,정상,True
2020 10 30 01:18:59,0.0,정상,0.0,0.0,정상,True
2020 10 30 01:19:04,0.0,정상,0.0,0.0,정상,True
2020 10 30 01:19:09,0.0,정상,0.0,0.0,정상,True
2020 10 30 01:19:14,0.0,정상,0.0,0.0,정상,True
2020 10 30 01:19:19,0.0,정상,0.0,0.0,정상,True
2020 10 30 01:19:24,0.0,정상,0.0,0.0,정상,True
2020 10 30 01:19:29,0.0,정상,0.0,0.0,정상,True
2020 10 30 01:19:34,0.0,정상,0.0,0.0,정상,True
2020 10 30 01:19:39,0.0,정상,0.0,0.0,정상,True
2020 10 30 01:19:44,0.0,정상,0.0,0.0,정상,True
2020 10 30 01:19:49,0.0,정상,0.0,0.0,정상,True
2020 10 30 01:19:54,0.0,정상,0.0,0.0,정상,True
2020 10 30 01:19:59,0.0,정상,0.0,0.0,정상,True
2020 10 30 01:20:04,0.0,정상,0.0,0.0,정상,True
2020 10 30 01:20:09,0.0,정상,0.0,0.0,정상,True
2020 10 30 01:20:14,0.0,정상,0.0,0.0,정상,True
2020 10 30 01:20:19,0.0,정상,0.0,0.0,정상,True
2020 10 30 01:20:24,0.0,정상,0.0,0.0,정상,True
2020 10 30 01:20:29,0.0,정상,0.0,0.0,정상,True
2020 10 30 01:20:34,0.0,정상,0.0,0.0,정상,True
2020 10 30 01:20:39,0.0,정상,0.0,0.0,정상,True
2020 10 30 01:20:44,0.0,정상,0.0,0.0,정상,True
2020 10 30 01:20:49,0.0,정상,0.0,0.0,정상,True
2020 10 30 01:20:54,0.0,정상,0.0,0.0,정상,True
2020 10 30 01:20:59,0.0,정상,0.0,0.0,정상,True
2020 10 30 01:21:04,0.0,정상,0.0,0.0,정상,True
2020 10 30 01:21:09,0.0,정상,0.0,0.0,정상,True
2020 10 30 01:21:14,0.0,정상,0.0,0.0,정상,True
2020 10 30 01:21:19,0.0,정상,0.0,0.0,정상,True
2020 10 30 01:21:24,0.0,정상,0.0,0.0,정상,True
2020 10 30 01:21:29,0.0,정상,0.0,0.0,정상,True
2020 10 30 01:21:34,0.0,정상,0.0,0.0,정상,True
2020 10 30 01:21:39,0.0,정상,0.0,0.0,정상,True
2020 10 30 01:21:44,0.0,정상,0.0,0.0,정상,True
2020 10 30 01:21:49,0.0,정상,0.0,0.0,정상,True
2020 10 30 01:21:54,0.0,정상,0.0,0.0,정상,True
2020 10 30 01:21:59,0.0,정상,0.0,0.0,정상,True
2020 10 30 01:22:04,0.0,정상,0.0,0.0,정상,True
2020 10 30 01:22:09,0.0,정상,0.0,0.0,정상,True
2020 10 30 01:22:14,0.0,정상,0.0,0.0,정상,True
2020 10 30 01:22:19,0.0,정상,0.0,0.0,정상,True
2020 10 30 01:22:24,0.0,정상,0.0,0.0,정상,True
2020 10 30 01:22:29,0.0,정상,0.0,0.0,정상,True
2020 10 30 01:22:34,0.0,정상,0.0,0.0,정상,True
2020 10 30 01:22:39,0.0,정상,0.0,0.0,정상,True
2020 10 30 01:22:44,0.0,정상,0.0,0.0,정상,True
2020 10 30 01:22:49,0.0,정상,0.0,0.0,정상,True
2020 10 30 01:22:54,0.0,정상,0.0,0.0,정상,True
2020 10 30 01:22:59,0.0,정상,0.0,0.0,정상,True
2020 10 30 01:23:04,0.0,정상,0.0,0.0,정상,True
2020 10 30 01:23:09,0.0,정상,0.0,0.0,정상,True
2020 10 30 01:23:14,0.0,정상,0.0,0.0,정상,True
2020 10 30 01:23:19,0.0,정상,0.0,0.0,정상,True
2020 10 30 01:23:24,0.0,정상,0.0,0.0,정상,True
2020 10 30 01:23:29,0.0,정상,0.0,0.0,정상,True
2020 10 30 01:23:34,0.0,정상,0.0,0.0,정상,True
2020 10 30 01:23:39,0.0,정상,0.0,0.0,정상,True
2020 10 30 01:23:44,0.0,정상,0.0,0.0,정상,True
2020 10 30 01:23:49,0.0,정상,0.0,0.0,정상,True
2020 10 30 01:23:54,0.0,정상,0.0,0.0,정상,True
2020 10 30 01:23:59,0.0,정상,0.0,0.0,정상,True
2020 10 30 01:24:04,0.0,정상,0.0,0.0,정상,True
2020 10 30 01:24:09,0.0,정상,0.0,0.0,정상,True
2020 10 30 01:24:14,0.0,정상,0.0,0.0,정상,True
2020 10 30 01:24:19,0.0,정상,0.0,0.0,정상,True
2020 10 30 01:24:24,0.0,정상,0.0,0.0,정상,True
2020 10 30 01:24:29,0.0,정상,0.0,0.0,정상,True
2020 10 30 01:24:34,0.0,정상,0.0,0.0,정상,True
2020 10 30 01:24:39,0.0,정상,0.0,0.0,정상,True
2020 10 30 01:24:44,0.0,정상,0.0,0.0,정상,True
2020 10 30 01:24:49,0.0,정상,0.0,0.0,정상,True
2020 10 30 01:24:54,0.0,정상,0.0,0.0,정상,True
2020 10 30 01:24:59,0.0,정상,0.0,0.0,정상,True
2020 10 30 01:25:04,0.0,정상,0.0,0.0,정상,True
2020 10 30 01:25:09,0.0,정상,0.0,0.0,정상,True
2020 10 30 01:25:14,0.0,정상,0.0,0.0,정상,True
2020 10 30 01:25:19,0.0,정상,0.0,0.0,정상,True
2020 10 30 01:25:24,0.0,정상,0.0,0.0,정상,True
2020 10 30 01:25:29,0.0,정상,0.0,0.0,정상,True
2020 10 30 01:25:34,0.0,정상,0.0,0.0,정상,True
2020 10 30 01:25:39,0.0,정상,0.0,0.0,정상,True
2020 10 30 01:25:44,0.0,정상,0.0,0.0,정상,True
2020 10 30 01:25:49,0.0,정상,0.0,0.0,정상,True
2020 10 30 01:25:54,0.0,정상,0.0,0.0,정상,True
2020 10 30 01:25:59,0.0,정상,0.0,0.0,정상,True
2020 10 30 01:26:04,0.0,정상,0.0,0.0,정상,True
2020 10 30 01:26:09,0.0,정상,0.0,0.0,정상,True
2020 10 30 01:26:14,0.0,정상,0.0,0.0,정상,True
2020 10 30 01:26:19,0.0,정상,0.0,0.0,정상,True
2020 10 30 01:26:24,0.0,정상,0.0,0.0,정상,True
2020 10 30 01:26:29,0.0,정상,0.0,0.0,정상,True
2020 10 30 01:26:34,0.0,정상,0.0,0.0,정상,True
2020 10 30 01:26:39,0.0,정상,0.0,0.0,정상,True
2020 10 30 01:26:44,0.0,정상,0.0,0.0,정상,True
2020 10 30 01:26:49,0.0,정상,0.0,0.0,정상,True
2020 10 30 01:26:54,0.0,정상,0.0,0.0,정상,True
2020 10 30 01:26:59,0.0,정상,0.0,0.0,정상,True
2020 10 30 01:27:04,0.0,정상,0.0,0.0,정상,True
2020 10 30 01:27:09,0.0,정상,0.0,0.0,정상,True
2020 10 30 01:27:14,0.0,정상,0.0,0.0,정상,True
2020 10 30 01:27:19,0.0,정상,0.0,0.0,정상,True
2020 10 30 01:27:24,0.0,정상,0.0,0.0,정상,True
2020 10 30 01:27:29,0.0,정상,0.0,0.0,정상,True
2020 10 30 01:27:34,0.0,정상,0.0,0.0,정상,True
2020 10 30 01:27:39,0.0,정상,0.0,0.0,정상,True
2020 10 30 01:27:44,0.0,정상,0.0,0.0,정상,True
2020 10 30 01:27:49,0.0,정상,0.0,0.0,정상,True
2020 10 30 01:27:54,0.0,정상,0.0,0.0,정상,True
2020 10 30 01:27:59,0.0,정상,0.0,0.0,정상,True
2020 10 30 01:28:04,0.0,정상,0.0,0.0,정상,True
2020 10 30 01:28:09,0.0,정상,0.0,0.0,정상,True
2020 10 30 01:28:14,0.0,정상,0.0,0.0,정상,True
2020 10 30 01:28:19,0.0,정상,0.0,0.0,정상,True
2020 10 30 01:28:24,0.0,정상,0.0,0.0,정상,True
2020 10 30 01:28:29,0.0,정상,0.0,0.0,정상,True
2020 10 30 01:28:34,0.0,정상,0.0,0.0,정상,True
2020 10 30 01:28:39,0.0,정상,0.0,0.0,정상,True
2020 10 30 01:28:44,0.0,정상,0.0,0.0,정상,True
2020 10 30 01:28:49,0.0,정상,0.0,0.0,정상,True
2020 10 30 01:28:54,0.0,정상,0.0,0.0,정상,True
2020 10 30 01:28:59,0.0,정상,0.0,0.0,정상,True
2020 10 30 01:29:04,0.0,정상,0.0,0.0,정상,True
2020 10 30 01:29:09,0.0,정상,0.0,0.0,정상,True
2020 10 30 01:29:14,0.0,정상,0.0,0.0,정상,True
2020 10 30 01:29:19,0.0,정상,0.0,0.0,정상,True
2020 10 30 01:29:24,0.0,정상,0.0,0.0,정상,True
2020 10 30 01:29:29,0.0,정상,0.0,0.0,정상,True
2020 10 30 01:29:34,0.0,정상,0.0,0.0,정상,True
2020 10 30 01:29:39,0.0,정상,0.0,0.0,정상,True
2020 10 30 01:29:44,0.0,정상,0.0,0.0,정상,True
2020 10 30 01:29:49,0.0,정상,0.0,0.0,정상,True
2020 10 30 01:29:54,0.0,정상,0.0,0.0,정상,True
2020 10 30 01:29:59,0.0,정상,0.0,0.0,정상,True
2020 10 30 01:30:04,0.0,정상,0.0,0.0,정상,True
2020 10 30 01:30:09,0.0,정상,0.0,0.0,정상,True
2020 10 30 01:30:14,0.0,정상,0.0,0.0,정상,True
2020 10 30 01:30:19,0.0,정상,0.0,0.0,정상,True
2020 10 30 01:30:24,0.0,정상,0.0,0.0,정상,True
2020 10 30 01:30:29,0.0,정상,0.0,0.0,정상,True
2020 10 30 01:30:34,0.0,정상,0.0,0.0,정상,True
2020 10 30 01:30:39,0.0,정상,0.0,0.0,정상,True
2020 10 30 01:30:44,0.0,정상,0.0,0.0,정상,True
2020 10 30 01:30:49,0.0,정상,0.0,0.0,정상,True
2020 10 30 01:30:54,0.0,정상,0.0,0.0,정상,True
2020 10 30 01:30:59,0.0,정상,0.0,0.0,정상,True
2020 10 30 01:31:04,0.0,정상,0.0,0.0,정상,True
2020 10 30 01:31:09,0.0,정상,0.0,0.0,정상,True
2020 10 30 01:31:14,0.0,정상,0.0,0.0,정상,True
2020 10 30 01:31:19,0.0,정상,0.0,0.0,정상,True
2020 10 30 01:31:24,0.0,정상,0.0,0.0,정상,True
2020 10 30 01:31:29,0.0,정상,0.0,0.0,정상,True
2020 10 30 01:31:34,0.0,정상,0.0,0.0,정상,True
2020 10 30 01:31:39,0.0,정상,0.0,0.0,정상,True
2020 10 30 01:31:44,0.0,정상,0.0,0.0,정상,True
2020 10 30 01:31:49,0.0,정상,0.0,0.0,정상,True
2020 10 30 01:31:54,0.0,정상,0.0,0.0,정상,True
2020 10 30 01:31:59,0.0,정상,0.0,0.0,정상,True
2020 10 30 01:32:04,0.0,정상,0.0,0.0,정상,True
2020 10 30 01:32:09,0.0,정상,0.0,0.0,정상,True
2020 10 30 01:32:14,0.0,정상,0.0,0.0,정상,True
2020 10 30 01:32:19,0.0,정상,0.0,0.0,정상,True
2020 10 30 01:32:24,0.0,정상,0.0,0.0,정상,True
2020 10 30 01:32:29,0.0,정상,0.0,0.0,정상,True
2020 10 30 01:32:34,0.0,정상,0.0,0.0,정상,True
2020 10 30 01:32:39,0.0,정상,0.0,0.0,정상,True
2020 10 30 01:32:44,0.0,정상,0.0,0.0,정상,True
2020 10 30 01:32:49,0.0,정상,0.0,0.0,정상,True
2020 10 30 01:32:54,0.0,정상,0.0,0.0,정상,True
2020 10 30 01:32:59,0.0,정상,0.0,0.0,정상,True
2020 10 30 01:33:04,0.0,정상,0.0,0.0,정상,True
2020 10 30 01:33:09,0.0,정상,0.0,0.0,정상,True
2020 10 30 01:33:14,0.0,정상,0.0,0.0,정상,True
2020 10 30 01:33:19,0.0,정상,0.0,0.0,정상,True
2020 10 30 01:33:24,0.0,정상,0.0,0.0,정상,True
2020 10 30 01:33:29,0.0,정상,0.0,0.0,정상,True
2020 10 30 01:33:34,0.0,정상,0.0,0.0,정상,True
2020 10 30 01:33:39,0.0,정상,0.0,0.0,정상,True
2020 10 30 01:33:44,0.0,정상,0.0,0.0,정상,True
2020 10 30 01:33:49,0.0,정상,0.0,0.0,정상,True
2020 10 30 01:33:54,0.0,정상,0.0,0.0,정상,True
2020 10 30 01:33:59,0.0,정상,0.0,0.0,정상,True
2020 10 30 01:34:04,0.0,정상,0.0,0.0,정상,True
2020 10 30 01:34:09,0.0,정상,0.0,0.0,정상,True
2020 10 30 01:34:14,0.0,정상,0.0,0.0,정상,True
2020 10 30 01:34:19,0.0,정상,0.0,0.0,정상,True
2020 10 30 01:34:24,0.0,정상,0.0,0.0,정상,True
2020 10 30 01:34:29,0.0,정상,0.0,0.0,정상,True
2020 10 30 01:34:34,0.0,정상,0.0,0.0,정상,True
2020 10 30 01:34:39,0.0,정상,0.0,0.0,정상,True
2020 10 30 01:34:44,0.0,정상,0.0,0.0,정상,True
2020 10 30 01:34:49,0.0,정상,0.0,0.0,정상,True
2020 10 30 01:34:54,0.0,정상,0.0,0.0,정상,True
2020 10 30 01:34:59,0.0,정상,0.0,0.0,정상,True
2020 10 30 01:35:04,0.0,정상,0.0,0.0,정상,True
2020 10 30 01:35:09,0.0,정상,0.0,0.0,정상,True
2020 10 30 01:35:14,0.0,정상,0.0,0.0,정상,True
2020 10 30 01:35:19,0.0,정상,0.0,0.0,정상,True
2020 10 30 01:35:24,0.0,정상,0.0,0.0,정상,True
2020 10 30 01:35:29,0.0,정상,0.0,0.0,정상,True
2020 10 30 01:35:34,0.0,정상,0.0,0.0,정상,True
2020 10 30 01:35:39,0.0,정상,0.0,0.0,정상,True
2020 10 30 01:35:44,0.0,정상,0.0,0.0,정상,True
2020 10 30 01:35:49,0.0,정상,0.0,0.0,정상,True
2020 10 30 01:35:54,0.0,정상,0.0,0.0,정상,True
2020 10 30 01:35:59,0.0,정상,0.0,0.0,정상,True
2020 10 30 01:36:04,0.0,정상,0.0,0.0,정상,True
2020 10 30 01:36:09,0.0,정상,0.0,0.0,정상,True
2020 10 30 01:36:14,0.0,정상,0.0,0.0,정상,True
2020 10 30 01:36:19,0.0,정상,0.0,0.0,정상,True
2020 10 30 01:36:24,0.0,정상,0.0,0.0,정상,True
2020 10 30 01:36:29,0.0,정상,0.0,0.0,정상,True
2020 10 30 01:36:34,0.0,정상,0.0,0.0,정상,True
2020 10 30 01:36:39,0.0,정상,0.0,0.0,정상,True
2020 10 30 01:36:44,0.0,정상,0.0,0.0,정상,True
2020 10 30 01:36:49,0.0,정상,0.0,0.0,정상,True
2020 10 30 01:36:54,0.0,정상,0.0,0.0,정상,True
2020 10 30 01:36:59,0.0,정상,0.0,0.0,정상,True
2020 10 30 01:37:04,0.0,정상,0.0,0.0,정상,True
2020 10 30 01:37:09,0.0,정상,0.0,0.0,정상,True
2020 10 30 01:37:14,0.0,정상,0.0,0.0,정상,True
2020 10 30 01:37:19,0.0,정상,0.0,0.0,정상,True
2020 10 30 01:37:24,0.0,정상,0.0,0.0,정상,True
2020 10 30 01:37:29,0.0,정상,0.0,0.0,정상,True
2020 10 30 01:37:34,0.0,정상,0.0,0.0,정상,True
2020 10 30 01:37:39,0.0,정상,0.0,0.0,정상,True
2020 10 30 01:37:44,0.0,정상,0.0,0.0,정상,True
2020 10 30 01:37:49,0.0,정상,0.0,0.0,정상,True
2020 10 30 01:37:54,0.0,정상,0.0,0.0,정상,True
2020 10 30 01:37:59,0.0,정상,0.0,0.0,정상,True
2020 10 30 01:38:04,0.0,정상,0.0,0.0,정상,True
2020 10 30 01:38:09,0.0,정상,0.0,0.0,정상,True
2020 10 30 01:38:14,0.0,정상,0.0,0.0,정상,True
2020 10 30 01:38:19,0.0,정상,0.0,0.0,정상,True
2020 10 30 01:38:24,0.0,정상,0.0,0.0,정상,True
2020 10 30 01:38:29,0.0,정상,0.0,0.0,정상,True
2020 10 30 01:38:34,0.0,정상,0.0,0.0,정상,True
2020 10 30 01:38:39,0.0,정상,0.0,0.0,정상,True
2020 10 30 01:38:44,0.0,정상,0.0,0.0,정상,True
2020 10 30 01:38:49,0.0,정상,0.0,0.0,정상,True
2020 10 30 01:38:54,0.0,정상,0.0,0.0,정상,True
2020 10 30 01:38:59,0.0,정상,0.0,0.0,정상,True
2020 10 30 01:39:04,0.0,정상,0.0,0.0,정상,True
2020 10 30 01:39:09,0.0,정상,0.0,0.0,정상,True
2020 10 30 01:39:14,0.0,정상,0.0,0.0,정상,True
2020 10 30 01:39:19,0.0,정상,0.0,0.0,정상,True
2020 10 30 01:39:24,0.0,정상,0.0,0.0,정상,True
2020 10 30 01:39:29,0.0,정상,0.0,0.0,정상,True
2020 10 30 01:39:34,0.0,정상,0.0,0.0,정상,True
2020 10 30 01:39:39,0.0,정상,0.0,0.0,정상,True
2020 10 30 01:39:44,0.0,정상,0.0,0.0,정상,True
2020 10 30 01:39:49,0.0,정상,0.0,0.0,정상,True
2020 10 30 01:39:54,0.0,정상,0.0,0.0,정상,True
2020 10 30 01:39:59,0.0,정상,0.0,0.0,정상,True
2020 10 30 01:40:04,0.0,정상,0.0,0.0,정상,True
2020 10 30 01:40:09,0.0,정상,0.0,0.0,정상,True
2020 10 30 01:40:14,0.0,정상,0.0,0.0,정상,True
2020 10 30 01:40:19,0.0,정상,0.0,0.0,정상,True
2020 10 30 01:40:24,0.0,정상,0.0,0.0,정상,True
2020 10 30 01:40:29,0.0,정상,0.0,0.0,정상,True
2020 10 30 01:40:34,0.0,정상,0.0,0.0,정상,True
2020 10 30 01:40:39,0.0,정상,0.0,0.0,정상,True
2020 10 30 01:40:44,0.0,정상,0.0,0.0,정상,True
2020 10 30 01:40:49,0.0,정상,0.0,0.0,정상,True
2020 10 30 01:40:54,0.0,정상,0.0,0.0,정상,True
2020 10 30 01:40:59,0.0,정상,0.0,0.0,정상,True
2020 10 30 01:41:04,0.0,정상,0.0,0.0,정상,True
2020 10 30 01:41:09,0.0,정상,0.0,0.0,정상,True
2020 10 30 01:41:14,0.0,정상,0.0,0.0,정상,True
2020 10 30 01:41:19,0.0,정상,0.0,0.0,정상,True
2020 10 30 01:41:24,0.0,정상,0.0,0.0,정상,True
2020 10 30 01:41:29,0.0,정상,0.0,0.0,정상,True
2020 10 30 01:41:34,0.0,정상,0.0,0.0,정상,True
2020 10 30 01:41:39,0.0,정상,0.0,0.0,정상,True
2020 10 30 01:41:44,0.0,정상,0.0,0.0,정상,True
2020 10 30 01:41:49,0.0,정상,0.0,0.0,정상,True
2020 10 30 01:41:54,0.0,정상,0.0,0.0,정상,True
2020 10 30 01:41:59,0.0,정상,0.0,0.0,정상,True
2020 10 30 01:42:04,0.0,정상,0.0,0.0,정상,True
2020 10 30 01:42:09,0.0,정상,0.0,0.0,정상,True
2020 10 30 01:42:14,0.0,정상,0.0,0.0,정상,True
2020 10 30 01:42:19,0.0,정상,0.0,0.0,정상,True
2020 10 30 01:42:24,0.0,정상,0.0,0.0,정상,True
2020 10 30 01:42:29,0.0,정상,0.0,0.0,정상,True
2020 10 30 01:42:34,0.0,정상,0.0,0.0,정상,True
2020 10 30 01:42:39,0.0,정상,0.0,0.0,정상,True
2020 10 30 01:42:44,0.0,정상,0.0,0.0,정상,True
2020 10 30 01:42:49,0.0,정상,0.0,0.0,정상,True
2020 10 30 01:42:54,0.0,정상,0.0,0.0,정상,True
2020 10 30 01:42:59,0.0,정상,0.0,0.0,정상,True
2020 10 30 01:43:04,0.0,정상,0.0,0.0,정상,True
2020 10 30 01:43:09,0.0,정상,0.0,0.0,정상,True
2020 10 30 01:43:14,0.0,정상,0.0,0.0,정상,True
2020 10 30 01:43:19,0.0,정상,0.0,0.0,정상,True
2020 10 30 01:43:24,0.0,정상,0.0,0.0,정상,True
2020 10 30 01:43:29,0.0,정상,0.0,0.0,정상,True
2020 10 30 01:43:34,0.0,정상,0.0,0.0,정상,True
2020 10 30 01:43:39,0.0,정상,0.0,0.0,정상,True
2020 10 30 01:43:44,0.0,정상,0.0,0.0,정상,True
2020 10 30 01:43:49,0.0,정상,0.0,0.0,정상,True
2020 10 30 01:43:54,0.0,정상,0.0,0.0,정상,True
2020 10 30 01:43:59,0.0,정상,0.0,0.0,정상,True
2020 10 30 01:44:04,0.0,정상,0.0,0.0,정상,True
2020 10 30 01:44:09,0.0,정상,0.0,0.0,정상,True
2020 10 30 01:44:14,0.0,정상,0.0,0.0,정상,True
2020 10 30 01:44:19,0.0,정상,0.0,0.0,정상,True
2020 10 30 01:44:24,0.0,정상,0.0,0.0,정상,True
2020 10 30 01:44:29,0.0,정상,0.0,0.0,정상,True
2020 10 30 01:44:34,0.0,정상,0.0,0.0,정상,True
2020 10 30 01:44:39,0.0,정상,0.0,0.0,정상,True
2020 10 30 01:44:44,0.0,정상,0.0,0.0,정상,True
2020 10 30 01:44:49,0.0,정상,0.0,0.0,정상,True
2020 10 30 01:44:54,0.0,정상,0.0,0.0,정상,True
2020 10 30 01:44:59,0.0,정상,0.0,0.0,정상,True
2020 10 30 01:45:04,0.0,정상,0.0,0.0,정상,True
2020 10 30 01:45:09,0.0,정상,0.0,0.0,정상,True
2020 10 30 01:45:14,0.0,정상,0.0,0.0,정상,True
2020 10 30 01:45:19,0.0,정상,0.0,0.0,정상,True
2020 10 30 01:45:24,0.0,정상,0.0,0.0,정상,True
2020 10 30 01:45:29,0.0,정상,0.0,0.0,정상,True
2020 10 30 01:45:34,0.0,정상,0.0,0.0,정상,True
2020 10 30 01:45:39,0.0,정상,0.0,0.0,정상,True
2020 10 30 01:45:44,0.0,정상,0.0,0.0,정상,True
2020 10 30 01:45:49,0.0,정상,0.0,0.0,정상,True
2020 10 30 01:45:54,0.0,정상,0.0,0.0,정상,True
2020 10 30 01:45:59,0.0,정상,0.0,0.0,정상,True
2020 10 30 01:46:04,0.0,정상,0.0,0.0,정상,True
2020 10 30 01:46:09,0.0,정상,0.0,0.0,정상,True
2020 10 30 01:46:14,0.0,정상,0.0,0.0,정상,True
2020 10 30 01:46:19,0.0,정상,0.0,0.0,정상,True
2020 10 30 01:46:24,0.0,정상,0.0,0.0,정상,True
2020 10 30 01:46:29,0.0,정상,0.0,0.0,정상,True
2020 10 30 01:46:34,0.0,정상,0.0,0.0,정상,True
2020 10 30 01:46:39,0.0,정상,0.0,0.0,정상,True
2020 10 30 01:46:44,0.0,정상,0.0,0.0,정상,True
2020 10 30 01:46:49,0.0,정상,0.0,0.0,정상,True
2020 10 30 01:46:54,0.0,정상,0.0,0.0,정상,True
2020 10 30 01:46:59,0.0,정상,0.0,0.0,정상,True
2020 10 30 01:47:04,0.0,정상,0.0,0.0,정상,True
2020 10 30 01:47:09,0.0,정상,0.0,0.0,정상,True
2020 10 30 01:47:14,0.0,정상,0.0,0.0,정상,True
2020 10 30 01:47:19,0.0,정상,0.0,0.0,정상,True
2020 10 30 01:47:24,0.0,정상,0.0,0.0,정상,True
2020 10 30 01:47:29,0.0,정상,0.0,0.0,정상,True
2020 10 30 01:47:34,0.0,정상,0.0,0.0,정상,True
2020 10 30 01:47:39,0.0,정상,0.0,0.0,정상,True
2020 10 30 01:47:44,0.0,정상,0.0,0.0,정상,True
2020 10 30 01:47:49,0.0,정상,0.0,0.0,정상,True
2020 10 30 01:47:54,0.0,정상,0.0,0.0,정상,True
2020 10 30 01:47:59,0.0,정상,0.0,0.0,정상,True
2020 10 30 01:48:04,0.0,정상,0.0,0.0,정상,True
2020 10 30 01:48:09,0.0,정상,0.0,0.0,정상,True
2020 10 30 01:48:14,0.0,정상,0.0,0.0,정상,True
2020 10 30 01:48:19,0.0,정상,0.0,0.0,정상,True
2020 10 30 01:48:24,0.0,정상,0.0,0.0,정상,True
2020 10 30 01:48:29,0.0,정상,0.0,0.0,정상,True
2020 10 30 01:48:34,0.0,정상,0.0,0.0,정상,True
2020 10 30 01:48:39,0.0,정상,0.0,0.0,정상,True
2020 10 30 01:48:44,0.0,정상,0.0,0.0,정상,True
2020 10 30 01:48:49,0.0,정상,0.0,0.0,정상,True
2020 10 30 01:48:54,0.0,정상,0.0,0.0,정상,True
2020 10 30 01:48:59,0.0,정상,0.0,0.0,정상,True
2020 10 30 01:49:04,0.0,정상,0.0,0.0,정상,True
2020 10 30 01:49:09,0.0,정상,0.0,0.0,정상,True
2020 10 30 01:49:14,0.0,정상,0.0,0.0,정상,True
2020 10 30 01:49:19,0.0,정상,0.0,0.0,정상,True
2020 10 30 01:49:24,0.0,정상,0.0,0.0,정상,True
2020 10 30 01:49:29,0.0,정상,0.0,0.0,정상,True
2020 10 30 01:49:34,0.0,정상,0.0,0.0,정상,True
2020 10 30 01:49:39,0.0,정상,0.0,0.0,정상,True
2020 10 30 01:49:44,0.0,정상,0.0,0.0,정상,True
2020 10 30 01:49:49,0.0,정상,0.0,0.0,정상,True
2020 10 30 01:49:54,0.0,정상,0.0,0.0,정상,True
2020 10 30 01:49:59,0.0,정상,0.0,0.0,정상,True
2020 10 30 01:50:04,0.0,정상,0.0,0.0,정상,True
2020 10 30 01:50:09,0.0,정상,0.0,0.0,정상,True
2020 10 30 01:50:14,0.0,정상,0.0,0.0,정상,True
2020 10 30 01:50:19,0.0,정상,0.0,0.0,정상,True
2020 10 30 01:50:24,0.0,정상,0.0,0.0,정상,True
2020 10 30 01:50:29,0.0,정상,0.0,0.0,정상,True
2020 10 30 01:50:34,0.0,정상,0.0,0.0,정상,True
2020 10 30 01:50:39,0.0,정상,0.0,0.0,정상,True
2020 10 30 01:50:44,0.0,정상,0.0,0.0,정상,True
2020 10 30 01:50:49,0.0,정상,0.0,0.0,정상,True
2020 10 30 01:50:54,0.0,정상,0.0,0.0,정상,True
2020 10 30 01:50:59,0.0,정상,0.0,0.0,정상,True
2020 10 30 01:51:04,0.0,정상,0.0,0.0,정상,True
2020 10 30 01:51:09,0.0,정상,0.0,0.0,정상,True
2020 10 30 01:51:14,0.0,정상,0.0,0.0,정상,True
2020 10 30 01:51:19,0.0,정상,0.0,0.0,정상,True
2020 10 30 01:51:24,0.0,정상,0.0,0.0,정상,True
2020 10 30 01:51:29,0.0,정상,0.0,0.0,정상,True
2020 10 30 01:51:34,0.0,정상,0.0,0.0,정상,True
2020 10 30 01:51:39,0.0,정상,0.0,0.0,정상,True
2020 10 30 01:51:44,0.0,정상,0.0,0.0,정상,True
2020 10 30 01:51:49,0.0,정상,0.0,0.0,정상,True
2020 10 30 01:51:54,0.0,정상,0.0,0.0,정상,True
2020 10 30 01:51:59,0.0,정상,0.0,0.0,정상,True
2020 10 30 01:52:04,0.0,정상,0.0,0.0,정상,True
2020 10 30 01:52:09,0.0,정상,0.0,0.0,정상,True
2020 10 30 01:52:14,0.0,정상,0.0,0.0,정상,True
2020 10 30 01:52:19,0.0,정상,0.0,0.0,정상,True
2020 10 30 01:52:24,0.0,정상,0.0,0.0,정상,True
2020 10 30 01:52:29,0.0,정상,0.0,0.0,정상,True
2020 10 30 01:52:34,0.0,정상,0.0,0.0,정상,True
2020 10 30 01:52:39,0.0,정상,0.0,0.0,정상,True
2020 10 30 01:52:44,0.0,정상,0.0,0.0,정상,True
2020 10 30 01:52:49,0.0,정상,0.0,0.0,정상,True
2020 10 30 01:52:54,0.0,정상,0.0,0.0,정상,True
2020 10 30 01:52:59,0.0,정상,0.0,0.0,정상,True
2020 10 30 01:53:04,0.0,정상,0.0,0.0,정상,True
2020 10 30 01:53:09,0.0,정상,0.0,0.0,정상,True
2020 10 30 01:53:14,0.0,정상,0.0,0.0,정상,True
2020 10 30 01:53:19,0.0,정상,0.0,0.0,정상,True
2020 10 30 01:53:24,0.0,정상,0.0,0.0,정상,True
2020 10 30 01:53:29,0.0,정상,0.0,0.0,정상,True
2020 10 30 01:53:34,0.0,정상,0.0,0.0,정상,True
2020 10 30 01:53:39,0.0,정상,0.0,0.0,정상,True
2020 10 30 01:53:44,0.0,정상,0.0,0.0,정상,True
2020 10 30 01:53:49,0.0,정상,0.0,0.0,정상,True
2020 10 30 01:53:54,0.0,정상,0.0,0.0,정상,True
2020 10 30 01:53:59,0.0,정상,0.0,0.0,정상,True
2020 10 30 01:54:04,0.0,정상,0.0,0.0,정상,True
2020 10 30 01:54:09,0.0,정상,0.0,0.0,정상,True
2020 10 30 01:54:14,0.0,정상,0.0,0.0,정상,True
2020 10 30 01:54:19,0.0,정상,0.0,0.0,정상,True
2020 10 30 01:54:24,0.0,정상,0.0,0.0,정상,True
2020 10 30 01:54:29,0.0,정상,0.0,0.0,정상,True
2020 10 30 01:54:34,0.0,정상,0.0,0.0,정상,True
2020 10 30 01:54:39,0.0,정상,0.0,0.0,정상,True
2020 10 30 01:54:44,0.0,정상,0.0,0.0,정상,True
2020 10 30 01:54:49,0.0,정상,0.0,0.0,정상,True
2020 10 30 01:54:54,0.0,정상,0.0,0.0,정상,True
2020 10 30 01:54:59,0.0,정상,0.0,0.0,정상,True
2020 10 30 01:55:04,0.0,정상,0.0,0.0,정상,True
2020 10 30 01:55:09,0.0,정상,0.0,0.0,정상,True
2020 10 30 01:55:14,0.0,정상,0.0,0.0,정상,True
2020 10 30 01:55:19,0.0,정상,0.0,0.0,정상,True
2020 10 30 01:55:24,0.0,정상,0.0,0.0,정상,True
2020 10 30 01:55:29,0.0,정상,0.0,0.0,정상,True
2020 10 30 01:55:34,0.0,정상,0.0,0.0,정상,True
2020 10 30 01:55:39,0.0,정상,0.0,0.0,정상,True
2020 10 30 01:55:44,0.0,정상,0.0,0.0,정상,True
2020 10 30 01:55:49,0.0,정상,0.0,0.0,정상,True
2020 10 30 01:55:54,0.0,정상,0.0,0.0,정상,True
2020 10 30 01:55:59,0.0,정상,0.0,0.0,정상,True
2020 10 30 01:56:04,0.0,정상,0.0,0.0,정상,True
2020 10 30 01:56:09,0.0,정상,0.0,0.0,정상,True
2020 10 30 01:56:14,0.0,정상,0.0,0.0,정상,True
2020 10 30 01:56:19,0.0,정상,0.0,0.0,정상,True
2020 10 30 01:56:24,0.0,정상,0.0,0.0,정상,True
2020 10 30 01:56:29,0.0,정상,0.0,0.0,정상,True
2020 10 30 01:56:34,0.0,정상,0.0,0.0,정상,True
2020 10 30 01:56:39,0.0,정상,0.0,0.0,정상,True
2020 10 30 01:56:44,0.0,정상,0.0,0.0,정상,True
2020 10 30 01:56:49,0.0,정상,0.0,0.0,정상,True
2020 10 30 01:56:54,0.0,정상,0.0,0.0,정상,True
2020 10 30 01:56:59,0.0,정상,0.0,0.0,정상,True
2020 10 30 01:57:04,0.0,정상,0.0,0.0,정상,True
2020 10 30 01:57:09,0.0,정상,0.0,0.0,정상,True
2020 10 30 01:57:14,0.0,정상,0.0,0.0,정상,True
2020 10 30 01:57:19,0.0,정상,0.0,0.0,정상,True
2020 10 30 01:57:24,0.0,정상,0.0,0.0,정상,True
2020 10 30 01:57:29,0.0,정상,0.0,0.0,정상,True
2020 10 30 01:57:34,0.0,정상,0.0,0.0,정상,True
2020 10 30 01:57:39,0.0,정상,0.0,0.0,정상,True
2020 10 30 01:57:44,0.0,정상,0.0,0.0,정상,True
2020 10 30 01:57:49,0.0,정상,0.0,0.0,정상,True
2020 10 30 01:57:54,0.0,정상,0.0,0.0,정상,True
2020 10 30 01:57:59,0.0,정상,0.0,0.0,정상,True
2020 10 30 01:58:04,0.0,정상,0.0,0.0,정상,True
2020 10 30 01:58:09,0.0,정상,0.0,0.0,정상,True
2020 10 30 01:58:14,0.0,정상,0.0,0.0,정상,True
2020 10 30 01:58:19,0.0,정상,0.0,0.0,정상,True
2020 10 30 01:58:24,0.0,정상,0.0,0.0,정상,True
2020 10 30 01:58:29,0.0,정상,0.0,0.0,정상,True
2020 10 30 01:58:34,0.0,정상,0.0,0.0,정상,True
2020 10 30 01:58:39,0.0,정상,0.0,0.0,정상,True
2020 10 30 01:58:44,0.0,정상,0.0,0.0,정상,True
2020 10 30 01:58:49,0.0,정상,0.0,0.0,정상,True
2020 10 30 01:58:54,0.0,정상,0.0,0.0,정상,True
2020 10 30 01:58:59,0.0,정상,0.0,0.0,정상,True
2020 10 30 01:59:04,0.0,정상,0.0,0.0,정상,True
2020 10 30 01:59:09,0.0,정상,0.0,0.0,정상,True
2020 10 30 01:59:14,0.0,정상,0.0,0.0,정상,True
2020 10 30 01:59:19,0.0,정상,0.0,0.0,정상,True
2020 10 30 01:59:24,0.0,정상,0.0,0.0,정상,True
2020 10 30 01:59:29,0.0,정상,0.0,0.0,정상,True
2020 10 30 01:59:34,0.0,정상,0.0,0.0,정상,True
2020 10 30 01:59:39,0.0,정상,0.0,0.0,정상,True
2020 10 30 01:59:44,0.0,정상,0.0,0.0,정상,True
2020 10 30 01:59:49,0.0,정상,0.0,0.0,정상,True
2020 10 30 01:59:54,0.0,정상,0.0,0.0,정상,True
2020 10 30 01:59:59,0.0,정상,0.0,0.0,정상,True
2020 10 30 02:00:04,0.0,정상,0.0,0.0,정상,True
2020 10 30 02:00:09,0.0,정상,0.0,0.0,정상,True
2020 10 30 02:00:14,0.0,정상,0.0,0.0,정상,True
2020 10 30 02:00:19,0.0,정상,0.0,0.0,정상,True
2020 10 30 02:00:24,0.0,정상,0.0,0.0,정상,True
2020 10 30 02:00:29,0.0,정상,0.0,0.0,정상,True
2020 10 30 02:00:34,0.0,정상,0.0,0.0,정상,True
2020 10 30 02:00:39,0.0,정상,0.0,0.0,정상,True
2020 10 30 02:00:44,0.0,정상,0.0,0.0,정상,True
2020 10 30 02:00:49,0.0,정상,0.0,0.0,정상,True
2020 10 30 02:00:54,0.0,정상,0.0,0.0,정상,True
2020 10 30 02:00:59,0.0,정상,0.0,0.0,정상,True
2020 10 30 02:01:04,0.0,정상,0.0,0.0,정상,True
2020 10 30 02:01:09,0.0,정상,0.0,0.0,정상,True
2020 10 30 02:01:14,0.0,정상,0.0,0.0,정상,True
2020 10 30 02:01:19,0.0,정상,0.0,0.0,정상,True
2020 10 30 02:01:24,0.0,정상,0.0,0.0,정상,True
2020 10 30 02:01:29,0.0,정상,0.0,0.0,정상,True
2020 10 30 02:01:34,0.0,정상,0.0,0.0,정상,True
2020 10 30 02:01:39,0.0,정상,0.0,0.0,정상,True
2020 10 30 02:01:44,0.0,정상,0.0,0.0,정상,True
2020 10 30 02:01:49,0.0,정상,0.0,0.0,정상,True
2020 10 30 02:01:54,0.0,정상,0.0,0.0,정상,True
2020 10 30 02:01:59,0.0,정상,0.0,0.0,정상,True
2020 10 30 02:02:04,0.0,정상,0.0,0.0,정상,True
2020 10 30 02:02:09,0.0,정상,0.0,0.0,정상,True
2020 10 30 02:02:14,0.0,정상,0.0,0.0,정상,True
2020 10 30 02:02:19,0.0,정상,0.0,0.0,정상,True
2020 10 30 02:02:24,0.0,정상,0.0,0.0,정상,True
2020 10 30 02:02:29,0.0,정상,0.0,0.0,정상,True
2020 10 30 02:02:34,0.0,정상,0.0,0.0,정상,True
2020 10 30 02:02:39,0.0,정상,0.0,0.0,정상,True
2020 10 30 02:02:44,0.0,정상,0.0,0.0,정상,True
2020 10 30 02:02:49,0.0,정상,0.0,0.0,정상,True
2020 10 30 02:02:54,0.0,정상,0.0,0.0,정상,True
2020 10 30 02:02:59,0.0,정상,0.0,0.0,정상,True
2020 10 30 02:03:04,0.0,정상,0.0,0.0,정상,True
2020 10 30 02:03:09,0.0,정상,0.0,0.0,정상,True
2020 10 30 02:03:14,0.0,정상,0.0,0.0,정상,True
2020 10 30 02:03:19,0.0,정상,0.0,0.0,정상,True
2020 10 30 02:03:24,0.0,정상,0.0,0.0,정상,True
2020 10 30 02:03:29,0.0,정상,0.0,0.0,정상,True
2020 10 30 02:03:34,0.0,정상,0.0,0.0,정상,True
2020 10 30 02:03:39,0.0,정상,0.0,0.0,정상,True
2020 10 30 02:03:44,0.0,정상,0.0,0.0,정상,True
2020 10 30 02:03:49,0.0,정상,0.0,0.0,정상,True
2020 10 30 02:03:54,0.0,정상,0.0,0.0,정상,True
2020 10 30 02:03:59,0.0,정상,0.0,0.0,정상,True
2020 10 30 02:04:04,0.0,정상,0.0,0.0,정상,True
2020 10 30 02:04:09,0.0,정상,0.0,0.0,정상,True
2020 10 30 02:04:14,0.0,정상,0.0,0.0,정상,True
2020 10 30 02:04:19,0.0,정상,0.0,0.0,정상,True
2020 10 30 02:04:24,0.0,정상,0.0,0.0,정상,True
2020 10 30 02:04:29,0.0,정상,0.0,0.0,정상,True
2020 10 30 02:04:34,0.0,정상,0.0,0.0,정상,True
2020 10 30 02:04:39,0.0,정상,0.0,0.0,정상,True
2020 10 30 02:04:44,0.0,정상,0.0,0.0,정상,True
2020 10 30 02:04:49,0.0,정상,0.0,0.0,정상,True
2020 10 30 02:04:54,0.0,정상,0.0,0.0,정상,True
2020 10 30 02:04:59,0.0,정상,0.0,0.0,정상,True
2020 10 30 02:05:04,0.0,정상,0.0,0.0,정상,True
2020 10 30 02:05:09,0.0,정상,0.0,0.0,정상,True
2020 10 30 02:05:14,0.0,정상,0.0,0.0,정상,True
2020 10 30 02:05:19,0.0,정상,0.0,0.0,정상,True
2020 10 30 02:05:24,0.0,정상,0.0,0.0,정상,True
2020 10 30 02:05:29,0.0,정상,0.0,0.0,정상,True
2020 10 30 02:05:34,0.0,정상,0.0,0.0,정상,True
2020 10 30 02:05:39,0.0,정상,0.0,0.0,정상,True
2020 10 30 02:05:44,0.0,정상,0.0,0.0,정상,True
2020 10 30 02:05:49,0.0,정상,0.0,0.0,정상,True
2020 10 30 02:05:54,0.0,정상,0.0,0.0,정상,True
2020 10 30 02:05:59,0.0,정상,0.0,0.0,정상,True
2020 10 30 02:06:04,0.0,정상,0.0,0.0,정상,True
2020 10 30 02:06:09,0.0,정상,0.0,0.0,정상,True
2020 10 30 02:06:14,0.0,정상,0.0,0.0,정상,True
2020 10 30 02:06:19,0.0,정상,0.0,0.0,정상,True
2020 10 30 02:06:24,0.0,정상,0.0,0.0,정상,True
2020 10 30 02:06:29,0.0,정상,0.0,0.0,정상,True
2020 10 30 02:06:34,0.0,정상,0.0,0.0,정상,True
2020 10 30 02:06:39,0.0,정상,0.0,0.0,정상,True
2020 10 30 02:06:44,0.0,정상,0.0,0.0,정상,True
2020 10 30 02:06:49,0.0,정상,0.0,0.0,정상,True
2020 10 30 02:06:54,0.0,정상,0.0,0.0,정상,True
2020 10 30 02:06:59,0.0,정상,0.0,0.0,정상,True
2020 10 30 02:07:04,0.0,정상,0.0,0.0,정상,True
2020 10 30 02:07:09,0.0,정상,0.0,0.0,정상,True
2020 10 30 02:07:14,0.0,정상,0.0,0.0,정상,True
2020 10 30 02:07:19,0.0,정상,0.0,0.0,정상,True
2020 10 30 02:07:24,0.0,정상,0.0,0.0,정상,True
2020 10 30 02:07:29,0.0,정상,0.0,0.0,정상,True
2020 10 30 02:07:34,0.0,정상,0.0,0.0,정상,True
2020 10 30 02:07:39,0.0,정상,0.0,0.0,정상,True
2020 10 30 02:07:44,0.0,정상,0.0,0.0,정상,True
2020 10 30 02:07:49,0.0,정상,0.0,0.0,정상,True
2020 10 30 02:07:54,0.0,정상,0.0,0.0,정상,True
2020 10 30 02:07:59,0.0,정상,0.0,0.0,정상,True
2020 10 30 02:08:04,0.0,정상,0.0,0.0,정상,True
2020 10 30 02:08:09,0.0,정상,0.0,0.0,정상,True
2020 10 30 02:08:14,0.0,정상,0.0,0.0,정상,True
2020 10 30 02:08:19,0.0,정상,0.0,0.0,정상,True
2020 10 30 02:08:24,0.0,정상,0.0,0.0,정상,True
2020 10 30 02:08:29,0.0,정상,0.0,0.0,정상,True
2020 10 30 02:08:34,0.0,정상,0.0,0.0,정상,True
2020 10 30 02:08:39,0.0,정상,0.0,0.0,정상,True
2020 10 30 02:08:44,0.0,정상,0.0,0.0,정상,True
2020 10 30 02:08:49,0.0,정상,0.0,0.0,정상,True
2020 10 30 02:08:54,0.0,정상,0.0,0.0,정상,True
2020 10 30 02:08:59,0.0,정상,0.0,0.0,정상,True
2020 10 30 02:09:04,0.0,정상,0.0,0.0,정상,True
2020 10 30 02:09:09,0.0,정상,0.0,0.0,정상,True
2020 10 30 02:09:14,0.0,정상,0.0,0.0,정상,True
2020 10 30 02:09:19,0.0,정상,0.0,0.0,정상,True
2020 10 30 02:09:24,0.0,정상,0.0,0.0,정상,True
2020 10 30 02:09:29,0.0,정상,0.0,0.0,정상,True
2020 10 30 02:09:34,0.0,정상,0.0,0.0,정상,True
2020 10 30 02:09:39,0.0,정상,0.0,0.0,정상,True
2020 10 30 02:09:44,0.0,정상,0.0,0.0,정상,True
2020 10 30 02:09:49,0.0,정상,0.0,0.0,정상,True
2020 10 30 02:09:54,0.0,정상,0.0,0.0,정상,True
2020 10 30 02:09:59,0.0,정상,0.0,0.0,정상,True
2020 10 30 02:10:04,0.0,정상,0.0,0.0,정상,True
2020 10 30 02:10:09,0.0,정상,0.0,0.0,정상,True
2020 10 30 02:10:14,0.0,정상,0.0,0.0,정상,True
2020 10 30 02:10:19,0.0,정상,0.0,0.0,정상,True
2020 10 30 02:10:24,0.0,정상,0.0,0.0,정상,True
2020 10 30 02:10:29,0.0,정상,0.0,0.0,정상,True
2020 10 30 02:10:34,0.0,정상,0.0,0.0,정상,True
2020 10 30 02:10:39,0.0,정상,0.0,0.0,정상,True
2020 10 30 02:10:44,0.0,정상,0.0,0.0,정상,True
2020 10 30 02:10:49,0.0,정상,0.0,0.0,정상,True
2020 10 30 02:10:54,0.0,정상,0.0,0.0,정상,True
2020 10 30 02:10:59,0.0,정상,0.0,0.0,정상,True
2020 10 30 02:11:04,0.0,정상,0.0,0.0,정상,True
2020 10 30 02:11:09,0.0,정상,0.0,0.0,정상,True
2020 10 30 02:11:14,0.0,정상,0.0,0.0,정상,True
2020 10 30 02:11:19,0.0,정상,0.0,0.0,정상,True
2020 10 30 02:11:24,0.0,정상,0.0,0.0,정상,True
2020 10 30 02:11:29,0.0,정상,0.0,0.0,정상,True
2020 10 30 02:11:34,0.0,정상,0.0,0.0,정상,True
2020 10 30 02:11:39,0.0,정상,0.0,0.0,정상,True
2020 10 30 02:11:44,0.0,정상,0.0,0.0,정상,True
2020 10 30 02:11:49,0.0,정상,0.0,0.0,정상,True
2020 10 30 02:11:54,0.0,정상,0.0,0.0,정상,True
2020 10 30 02:11:59,0.0,정상,0.0,0.0,정상,True
2020 10 30 02:12:04,0.0,정상,0.0,0.0,정상,True
2020 10 30 02:12:09,0.0,정상,0.0,0.0,정상,True
2020 10 30 02:12:14,0.0,정상,0.0,0.0,정상,True
2020 10 30 02:12:19,0.0,정상,0.0,0.0,정상,True
2020 10 30 02:12:24,0.0,정상,0.0,0.0,정상,True
2020 10 30 02:12:29,0.0,정상,0.0,0.0,정상,True
2020 10 30 02:12:34,0.0,정상,0.0,0.0,정상,True
2020 10 30 02:12:39,0.0,정상,0.0,0.0,정상,True
2020 10 30 02:12:44,0.0,정상,0.0,0.0,정상,True
2020 10 30 02:12:49,0.0,정상,0.0,0.0,정상,True
2020 10 30 02:12:54,0.0,정상,0.0,0.0,정상,True
2020 10 30 02:12:59,0.0,정상,0.0,0.0,정상,True
2020 10 30 02:13:04,0.0,정상,0.0,0.0,정상,True
2020 10 30 02:13:09,0.0,정상,0.0,0.0,정상,True
2020 10 30 02:13:14,0.0,정상,0.0,0.0,정상,True
2020 10 30 02:13:19,0.0,정상,0.0,0.0,정상,True
2020 10 30 02:13:24,0.0,정상,0.0,0.0,정상,True
2020 10 30 02:13:29,0.0,정상,0.0,0.0,정상,True
2020 10 30 02:13:34,0.0,정상,0.0,0.0,정상,True
2020 10 30 02:13:39,0.0,정상,0.0,0.0,정상,True
2020 10 30 02:13:44,0.0,정상,0.0,0.0,정상,True
2020 10 30 02:13:49,0.0,정상,0.0,0.0,정상,True
2020 10 30 02:13:54,0.0,정상,0.0,0.0,정상,True
2020 10 30 02:13:59,0.0,정상,0.0,0.0,정상,True
2020 10 30 02:14:04,0.0,정상,0.0,0.0,정상,True
2020 10 30 02:14:09,0.0,정상,0.0,0.0,정상,True
2020 10 30 02:14:14,0.0,정상,0.0,0.0,정상,True
2020 10 30 02:14:19,0.0,정상,0.0,0.0,정상,True
2020 10 30 02:14:24,0.0,정상,0.0,0.0,정상,True
2020 10 30 02:14:29,0.0,정상,0.0,0.0,정상,True
2020 10 30 02:14:34,0.0,정상,0.0,0.0,정상,True
2020 10 30 02:14:39,0.0,정상,0.0,0.0,정상,True
2020 10 30 02:14:44,0.0,정상,0.0,0.0,정상,True
2020 10 30 02:14:49,0.0,정상,0.0,0.0,정상,True
2020 10 30 02:14:54,0.0,정상,0.0,0.0,정상,True
2020 10 30 02:14:59,0.0,정상,0.0,0.0,정상,True
2020 10 30 02:15:04,0.0,정상,0.0,0.0,정상,True
2020 10 30 02:15:09,0.0,정상,0.0,0.0,정상,True
2020 10 30 02:15:14,0.0,정상,0.0,0.0,정상,True
2020 10 30 02:15:19,0.0,정상,0.0,0.0,정상,True
2020 10 30 02:15:24,0.0,정상,0.0,0.0,정상,True
2020 10 30 02:15:29,0.0,정상,0.0,0.0,정상,True
2020 10 30 02:15:34,0.0,정상,0.0,0.0,정상,True
2020 10 30 02:15:39,0.0,정상,0.0,0.0,정상,True
2020 10 30 02:15:44,0.0,정상,0.0,0.0,정상,True
2020 10 30 02:15:49,0.0,정상,0.0,0.0,정상,True
2020 10 30 02:15:54,0.0,정상,0.0,0.0,정상,True
2020 10 30 02:15:59,0.0,정상,0.0,0.0,정상,True
2020 10 30 02:16:04,0.0,정상,0.0,0.0,정상,True
2020 10 30 02:16:09,0.0,정상,0.0,0.0,정상,True
2020 10 30 02:16:14,0.0,정상,0.0,0.0,정상,True
2020 10 30 02:16:19,0.0,정상,0.0,0.0,정상,True
2020 10 30 02:16:24,0.0,정상,0.0,0.0,정상,True
2020 10 30 02:16:29,0.0,정상,0.0,0.0,정상,True
2020 10 30 02:16:34,0.0,정상,0.0,0.0,정상,True
2020 10 30 02:16:39,0.0,정상,0.0,0.0,정상,True
2020 10 30 02:16:44,0.0,정상,0.0,0.0,정상,True
2020 10 30 02:16:49,0.0,정상,0.0,0.0,정상,True
2020 10 30 02:16:54,0.0,정상,0.0,0.0,정상,True
2020 10 30 02:16:59,0.0,정상,0.0,0.0,정상,True
2020 10 30 02:17:04,0.0,정상,0.0,0.0,정상,True
2020 10 30 02:17:09,0.0,정상,0.0,0.0,정상,True
2020 10 30 02:17:14,0.0,정상,0.0,0.0,정상,True
2020 10 30 02:17:19,0.0,정상,0.0,0.0,정상,True
2020 10 30 02:17:24,0.0,정상,0.0,0.0,정상,True
2020 10 30 02:17:29,0.0,정상,0.0,0.0,정상,True
2020 10 30 02:17:34,0.0,정상,0.0,0.0,정상,True
2020 10 30 02:17:39,0.0,정상,0.0,0.0,정상,True
2020 10 30 02:17:44,0.0,정상,0.0,0.0,정상,True
2020 10 30 02:17:49,0.0,정상,0.0,0.0,정상,True
2020 10 30 02:17:54,0.0,정상,0.0,0.0,정상,True
2020 10 30 02:17:59,0.0,정상,0.0,0.0,정상,True
2020 10 30 02:18:04,0.0,정상,0.0,0.0,정상,True
2020 10 30 02:18:09,0.0,정상,0.0,0.0,정상,True
2020 10 30 02:18:14,0.0,정상,0.0,0.0,정상,True
2020 10 30 02:18:19,0.0,정상,0.0,0.0,정상,True
2020 10 30 02:18:24,0.0,정상,0.0,0.0,정상,True
2020 10 30 02:18:29,0.0,정상,0.0,0.0,정상,True
2020 10 30 02:18:34,0.0,정상,0.0,0.0,정상,True
2020 10 30 02:18:39,0.0,정상,0.0,0.0,정상,True
2020 10 30 02:18:44,0.0,정상,0.0,0.0,정상,True
2020 10 30 02:18:49,0.0,정상,0.0,0.0,정상,True
2020 10 30 02:18:54,0.0,정상,0.0,0.0,정상,True
2020 10 30 02:18:59,0.0,정상,0.0,0.0,정상,True
2020 10 30 02:19:04,0.0,정상,0.0,0.0,정상,True
2020 10 30 02:19:09,0.0,정상,0.0,0.0,정상,True
2020 10 30 02:19:14,0.0,정상,0.0,0.0,정상,True
2020 10 30 02:19:19,0.0,정상,0.0,0.0,정상,True
2020 10 30 02:19:24,0.0,정상,0.0,0.0,정상,True
2020 10 30 02:19:29,0.0,정상,0.0,0.0,정상,True
2020 10 30 02:19:34,0.0,정상,0.0,0.0,정상,True
2020 10 30 02:19:39,0.0,정상,0.0,0.0,정상,True
2020 10 30 02:19:44,0.0,정상,0.0,0.0,정상,True
2020 10 30 02:19:49,0.0,정상,0.0,0.0,정상,True
2020 10 30 02:19:54,0.0,정상,0.0,0.0,정상,True
2020 10 30 02:19:59,0.0,정상,0.0,0.0,정상,True
2020 10 30 02:20:04,0.0,정상,0.0,0.0,정상,True
2020 10 30 02:20:09,0.0,정상,0.0,0.0,정상,True
2020 10 30 02:20:14,0.0,정상,0.0,0.0,정상,True
2020 10 30 02:20:19,0.0,정상,0.0,0.0,정상,True
2020 10 30 02:20:24,0.0,정상,0.0,0.0,정상,True
2020 10 30 02:20:29,0.0,정상,0.0,0.0,정상,True
2020 10 30 02:20:34,0.0,정상,0.0,0.0,정상,True
2020 10 30 02:20:39,0.0,정상,0.0,0.0,정상,True
2020 10 30 02:20:44,0.0,정상,0.0,0.0,정상,True
2020 10 30 02:20:49,0.0,정상,0.0,0.0,정상,True
2020 10 30 02:20:54,0.0,정상,0.0,0.0,정상,True
2020 10 30 02:20:59,0.0,정상,0.0,0.0,정상,True
2020 10 30 02:21:04,0.0,정상,0.0,0.0,정상,True
2020 10 30 02:21:09,0.0,정상,0.0,0.0,정상,True
2020 10 30 02:21:14,0.0,정상,0.0,0.0,정상,True
2020 10 30 02:21:19,0.0,정상,0.0,0.0,정상,True
2020 10 30 02:21:24,0.0,정상,0.0,0.0,정상,True
2020 10 30 02:21:29,0.0,정상,0.0,0.0,정상,True
2020 10 30 02:21:34,0.0,정상,0.0,0.0,정상,True
2020 10 30 02:21:39,0.0,정상,0.0,0.0,정상,True
2020 10 30 02:21:44,0.0,정상,0.0,0.0,정상,True
2020 10 30 02:21:49,0.0,정상,0.0,0.0,정상,True
2020 10 30 02:21:54,0.0,정상,0.0,0.0,정상,True
2020 10 30 02:21:59,0.0,정상,0.0,0.0,정상,True
2020 10 30 02:22:04,0.0,정상,0.0,0.0,정상,True
2020 10 30 02:22:09,0.0,정상,0.0,0.0,정상,True
2020 10 30 02:22:14,0.0,정상,0.0,0.0,정상,True
2020 10 30 02:22:19,0.0,정상,0.0,0.0,정상,True
2020 10 30 02:22:24,0.0,정상,0.0,0.0,정상,True
2020 10 30 02:22:29,0.0,정상,0.0,0.0,정상,True
2020 10 30 02:22:34,0.0,정상,0.0,0.0,정상,True
2020 10 30 02:22:39,0.0,정상,0.0,0.0,정상,True
2020 10 30 02:22:44,0.0,정상,0.0,0.0,정상,True
2020 10 30 02:22:49,0.0,정상,0.0,0.0,정상,True
2020 10 30 02:22:54,0.0,정상,0.0,0.0,정상,True
2020 10 30 02:22:59,0.0,정상,0.0,0.0,정상,True
2020 10 30 02:23:04,0.0,정상,0.0,0.0,정상,True
2020 10 30 02:23:09,0.0,정상,0.0,0.0,정상,True
2020 10 30 02:23:14,0.0,정상,0.0,0.0,정상,True
2020 10 30 02:23:19,0.0,정상,0.0,0.0,정상,True
2020 10 30 02:23:24,0.0,정상,0.0,0.0,정상,True
2020 10 30 02:23:29,0.0,정상,0.0,0.0,정상,True
2020 10 30 02:23:34,0.0,정상,0.0,0.0,정상,True
2020 10 30 02:23:39,0.0,정상,0.0,0.0,정상,True
2020 10 30 02:23:44,0.0,정상,0.0,0.0,정상,True
2020 10 30 02:23:49,0.0,정상,0.0,0.0,정상,True
2020 10 30 02:23:54,0.0,정상,0.0,0.0,정상,True
2020 10 30 02:23:59,0.0,정상,0.0,0.0,정상,True
2020 10 30 02:24:04,0.0,정상,0.0,0.0,정상,True
2020 10 30 02:24:09,0.0,정상,0.0,0.0,정상,True
2020 10 30 02:24:14,0.0,정상,0.0,0.0,정상,True
2020 10 30 02:24:19,0.0,정상,0.0,0.0,정상,True
2020 10 30 02:24:24,0.0,정상,0.0,0.0,정상,True
2020 10 30 02:24:29,0.0,정상,0.0,0.0,정상,True
2020 10 30 02:24:34,0.0,정상,0.0,0.0,정상,True
2020 10 30 02:24:39,0.0,정상,0.0,0.0,정상,True
2020 10 30 02:24:44,0.0,정상,0.0,0.0,정상,True
2020 10 30 02:24:49,0.0,정상,0.0,0.0,정상,True
2020 10 30 02:24:54,0.0,정상,0.0,0.0,정상,True
2020 10 30 02:24:59,0.0,정상,0.0,0.0,정상,True
2020 10 30 02:25:04,0.0,정상,0.0,0.0,정상,True
2020 10 30 02:25:09,0.0,정상,0.0,0.0,정상,True
2020 10 30 02:25:14,0.0,정상,0.0,0.0,정상,True
2020 10 30 02:25:19,0.0,정상,0.0,0.0,정상,True
2020 10 30 02:25:24,0.0,정상,0.0,0.0,정상,True
2020 10 30 02:25:29,0.0,정상,0.0,0.0,정상,True
2020 10 30 02:25:34,0.0,정상,0.0,0.0,정상,True
2020 10 30 02:25:39,0.0,정상,0.0,0.0,정상,True
2020 10 30 02:25:44,0.0,정상,0.0,0.0,정상,True
2020 10 30 02:25:49,0.0,정상,0.0,0.0,정상,True
2020 10 30 02:25:54,0.0,정상,0.0,0.0,정상,True
2020 10 30 02:25:59,0.0,정상,0.0,0.0,정상,True
2020 10 30 02:26:04,0.0,정상,0.0,0.0,정상,True
2020 10 30 02:26:09,0.0,정상,0.0,0.0,정상,True
2020 10 30 02:26:14,0.0,정상,0.0,0.0,정상,True
2020 10 30 02:26:19,0.0,정상,0.0,0.0,정상,True
2020 10 30 02:26:24,0.0,정상,0.0,0.0,정상,True
2020 10 30 02:26:29,0.0,정상,0.0,0.0,정상,True
2020 10 30 02:26:34,0.0,정상,0.0,0.0,정상,True
2020 10 30 02:26:39,0.0,정상,0.0,0.0,정상,True
2020 10 30 02:26:44,0.0,정상,0.0,0.0,정상,True
2020 10 30 02:26:49,0.0,정상,0.0,0.0,정상,True
2020 10 30 02:26:54,0.0,정상,0.0,0.0,정상,True
2020 10 30 02:26:59,0.0,정상,0.0,0.0,정상,True
2020 10 30 02:27:04,0.0,정상,0.0,0.0,정상,True
2020 10 30 02:27:09,0.0,정상,0.0,0.0,정상,True
2020 10 30 02:27:14,0.0,정상,0.0,0.0,정상,True
2020 10 30 02:27:19,0.0,정상,0.0,0.0,정상,True
2020 10 30 02:27:24,0.0,정상,0.0,0.0,정상,True
2020 10 30 02:27:29,0.0,정상,0.0,0.0,정상,True
2020 10 30 02:27:34,0.0,정상,0.0,0.0,정상,True
2020 10 30 02:27:39,0.0,정상,0.0,0.0,정상,True
2020 10 30 02:27:44,0.0,정상,0.0,0.0,정상,True
2020 10 30 02:27:49,0.0,정상,0.0,0.0,정상,True
2020 10 30 02:27:54,0.0,정상,0.0,0.0,정상,True
2020 10 30 02:27:59,0.0,정상,0.0,0.0,정상,True
2020 10 30 02:28:04,0.0,정상,0.0,0.0,정상,True
2020 10 30 02:28:09,0.0,정상,0.0,0.0,정상,True
2020 10 30 02:28:14,0.0,정상,0.0,0.0,정상,True
2020 10 30 02:28:19,0.0,정상,0.0,0.0,정상,True
2020 10 30 02:28:24,0.0,정상,0.0,0.0,정상,True
2020 10 30 02:28:29,0.0,정상,0.0,0.0,정상,True
2020 10 30 02:28:34,0.0,정상,0.0,0.0,정상,True
2020 10 30 02:28:39,0.0,정상,0.0,0.0,정상,True
2020 10 30 02:28:44,0.0,정상,0.0,0.0,정상,True
2020 10 30 02:28:49,0.0,정상,0.0,0.0,정상,True
2020 10 30 02:28:54,0.0,정상,0.0,0.0,정상,True
2020 10 30 02:28:59,0.0,정상,0.0,0.0,정상,True
2020 10 30 02:29:04,0.0,정상,0.0,0.0,정상,True
2020 10 30 02:29:09,0.0,정상,0.0,0.0,정상,True
2020 10 30 02:29:14,0.0,정상,0.0,0.0,정상,True
2020 10 30 02:29:19,0.0,정상,0.0,0.0,정상,True
2020 10 30 02:29:24,0.0,정상,0.0,0.0,정상,True
2020 10 30 02:29:29,0.0,정상,0.0,0.0,정상,True
2020 10 30 02:29:34,0.0,정상,0.0,0.0,정상,True
2020 10 30 02:29:39,0.0,정상,0.0,0.0,정상,True
2020 10 30 02:29:44,0.0,정상,0.0,0.0,정상,True
2020 10 30 02:29:49,0.0,정상,0.0,0.0,정상,True
2020 10 30 02:29:54,0.0,정상,0.0,0.0,정상,True
2020 10 30 02:29:59,0.0,정상,0.0,0.0,정상,True
2020 10 30 02:30:04,0.0,정상,0.0,0.0,정상,True
2020 10 30 02:30:09,0.0,정상,0.0,0.0,정상,True
2020 10 30 02:30:14,0.0,정상,0.0,0.0,정상,True
2020 10 30 02:30:19,0.0,정상,0.0,0.0,정상,True
2020 10 30 02:30:24,0.0,정상,0.0,0.0,정상,True
2020 10 30 02:30:29,0.0,정상,0.0,0.0,정상,True
2020 10 30 02:30:34,0.0,정상,0.00011857707509881423,0.0,정상,True
2020 10 30 02:30:39,0.0,정상,0.0,0.0,정상,True
2020 10 30 02:30:44,0.0,정상,0.0,0.0,정상,True
2020 10 30 02:30:49,0.0,정상,0.0003879173290937997,0.0,정상,True
2020 10 30 02:30:54,0.0,정상,0.00011764705882352942,0.0,정상,True
2020 10 30 02:30:59,0.0,정상,0.0,0.0,정상,True
2020 10 30 02:31:04,0.0,정상,0.00011764705882352942,0.0,정상,True
2020 10 30 02:31:09,0.0,정상,0.0003879173290937997,0.0,정상,True
2020 10 30 02:31:14,0.0,정상,0.0,0.0,정상,True
2020 10 30 02:31:19,0.0,정상,0.0,0.0,정상,True
2020 10 30 02:31:24,0.0,정상,0.0,0.0,정상,True
2020 10 30 02:31:29,0.0,정상,0.0,0.0,정상,True
2020 10 30 02:31:34,0.0,정상,0.0,0.0,정상,True
2020 10 30 02:31:39,0.0,정상,0.0,0.0,정상,True
2020 10 30 02:31:44,0.0,정상,0.00011764705882352942,0.0,정상,True
2020 10 30 02:31:49,0.0,정상,0.0,0.0,정상,True
2020 10 30 02:31:54,0.0,정상,0.0,0.0,정상,True
2020 10 30 02:31:59,0.0,정상,0.0,0.0,정상,True
2020 10 30 02:32:04,0.0,정상,0.0,0.0,정상,True
2020 10 30 02:32:09,0.0,정상,0.0,0.0,정상,True
2020 10 30 02:32:14,0.0,정상,0.0,0.0,정상,True
2020 10 30 02:32:19,0.0,정상,0.0,0.0,정상,True
2020 10 30 02:32:24,0.0,정상,0.0,0.0,정상,True
2020 10 30 02:32:29,0.0,정상,0.0,0.0,정상,True
2020 10 30 02:32:34,0.0,정상,0.0,0.0,정상,True
2020 10 30 02:32:39,0.0,정상,0.0,0.0,정상,True
2020 10 30 02:32:44,0.0,정상,0.0,0.0,정상,True
2020 10 30 02:32:49,0.0,정상,0.0,0.0,정상,True
2020 10 30 02:32:54,0.0,정상,0.0,0.0,정상,True
2020 10 30 02:32:59,0.0,정상,0.0,0.0,정상,True
2020 10 30 02:33:04,0.0,정상,0.0,0.0,정상,True
2020 10 30 02:33:09,0.0,정상,0.0,0.0,정상,True
2020 10 30 02:33:14,0.0,정상,0.0,0.0,정상,True
2020 10 30 02:33:19,0.0,정상,0.0,0.0,정상,True
2020 10 30 02:33:24,0.0,정상,0.0,0.0,정상,True
2020 10 30 02:33:29,0.0,정상,0.0,0.0,정상,True
2020 10 30 02:33:34,0.0,정상,0.0,0.0,정상,True
2020 10 30 02:33:39,0.0,정상,0.0,0.0,정상,True
2020 10 30 02:33:44,0.0,정상,0.0,0.0,정상,True
2020 10 30 02:33:49,0.0,정상,0.0,0.0,정상,True
2020 10 30 02:33:54,0.0,정상,0.0,0.0,정상,True
2020 10 30 02:33:59,0.0,정상,0.0,0.0,정상,True
2020 10 30 02:34:04,0.0,정상,0.0,0.0,정상,True
2020 10 30 02:34:09,0.0,정상,0.0,0.0,정상,True
2020 10 30 02:34:14,0.0,정상,0.0,0.0,정상,True
2020 10 30 02:34:19,0.0,정상,0.0,0.0,정상,True
2020 10 30 02:34:24,0.0,정상,0.0,0.0,정상,True
2020 10 30 02:34:29,0.0,정상,0.0,0.0,정상,True
2020 10 30 02:34:34,0.0,정상,0.0,0.0,정상,True
2020 10 30 02:34:39,0.0,정상,0.0,0.0,정상,True
2020 10 30 02:34:44,0.0,정상,0.0,0.0,정상,True
2020 10 30 02:34:49,0.0,정상,0.0,0.0,정상,True
2020 10 30 02:34:54,0.0,정상,0.0,0.0,정상,True
2020 10 30 02:34:59,0.0,정상,0.0,0.0,정상,True
2020 10 30 02:35:04,0.0,정상,0.0,0.0,정상,True
2020 10 30 02:35:09,0.0,정상,0.0,0.0,정상,True
2020 10 30 02:35:14,0.0,정상,0.0,0.0,정상,True
2020 10 30 02:35:19,0.0,정상,0.0,0.0,정상,True
2020 10 30 02:35:24,0.0,정상,0.0,0.0,정상,True
2020 10 30 02:35:29,0.0,정상,0.0,0.0,정상,True
2020 10 30 02:35:34,0.0,정상,0.0,0.0,정상,True
2020 10 30 02:35:39,0.0,정상,0.0,0.0,정상,True
2020 10 30 02:35:44,0.0,정상,0.0,0.0,정상,True
2020 10 30 02:35:49,0.0,정상,0.0,0.0,정상,True
2020 10 30 02:35:54,0.0,정상,0.0,0.0,정상,True
2020 10 30 02:35:59,0.0,정상,0.0,0.0,정상,True
2020 10 30 02:36:04,0.0,정상,0.0,0.0,정상,True
2020 10 30 02:36:09,0.0,정상,0.0,0.0,정상,True
2020 10 30 02:36:14,0.0,정상,0.0,0.0,정상,True
2020 10 30 02:36:19,0.0,정상,0.0,0.0,정상,True
2020 10 30 02:36:24,0.0,정상,0.0,0.0,정상,True
2020 10 30 02:36:29,0.0,정상,0.0,0.0,정상,True
2020 10 30 02:36:34,0.0,정상,0.0,0.0,정상,True
2020 10 30 02:36:39,0.0,정상,0.0,0.0,정상,True
2020 10 30 02:36:44,0.0,정상,0.0,0.0,정상,True
2020 10 30 02:36:49,0.0,정상,0.0,0.0,정상,True
2020 10 30 02:36:54,0.0,정상,0.0,0.0,정상,True
2020 10 30 02:36:59,0.0,정상,0.0,0.0,정상,True
2020 10 30 02:37:04,0.0,정상,0.0,0.0,정상,True
2020 10 30 02:37:09,0.0,정상,0.0,0.0,정상,True
2020 10 30 02:37:14,0.0,정상,0.0,0.0,정상,True
2020 10 30 02:37:19,0.0,정상,0.0,0.0,정상,True
2020 10 30 02:37:24,0.0,정상,0.0,0.0,정상,True
2020 10 30 02:37:29,0.0,정상,0.0,0.0,정상,True
2020 10 30 02:37:34,0.0,정상,0.0,0.0,정상,True
2020 10 30 02:37:39,0.0,정상,0.0,0.0,정상,True
2020 10 30 02:37:44,0.0,정상,0.0,0.0,정상,True
2020 10 30 02:37:49,0.0,정상,0.0,0.0,정상,True
2020 10 30 02:37:54,0.0,정상,0.0,0.0,정상,True
2020 10 30 02:37:59,0.0,정상,0.0,0.0,정상,True
2020 10 30 02:38:04,0.0,정상,0.0,0.0,정상,True
2020 10 30 02:38:09,0.0,정상,0.0,0.0,정상,True
2020 10 30 02:38:14,0.0,정상,0.0,0.0,정상,True
2020 10 30 02:38:19,0.0,정상,0.0,0.0,정상,True
2020 10 30 02:38:24,0.0,정상,0.0,0.0,정상,True
2020 10 30 02:38:29,0.0,정상,0.0,0.0,정상,True
2020 10 30 02:38:34,0.0,정상,0.0,0.0,정상,True
2020 10 30 02:38:39,0.0,정상,0.0,0.0,정상,True
2020 10 30 02:38:44,0.0,정상,0.0,0.0,정상,True
2020 10 30 02:38:49,0.0,정상,0.0,0.0,정상,True
2020 10 30 02:38:54,0.0,정상,0.0,0.0,정상,True
2020 10 30 02:38:59,0.0,정상,0.0,0.0,정상,True
2020 10 30 02:39:04,0.0,정상,0.0,0.0,정상,True
2020 10 30 02:39:09,0.0,정상,0.0,0.0,정상,True
2020 10 30 02:39:14,0.0,정상,0.0,0.0,정상,True
2020 10 30 02:39:19,0.0,정상,0.0,0.0,정상,True
2020 10 30 02:39:24,0.0,정상,0.0,0.0,정상,True
2020 10 30 02:39:29,0.0,정상,0.0,0.0,정상,True
2020 10 30 02:39:34,0.0,정상,0.0,0.0,정상,True
2020 10 30 02:39:39,0.0,정상,0.0,0.0,정상,True
2020 10 30 02:39:44,0.0,정상,0.0,0.0,정상,True
2020 10 30 02:39:49,0.0,정상,0.0,0.0,정상,True
2020 10 30 02:39:54,0.0,정상,0.0,0.0,정상,True
2020 10 30 02:39:59,0.0,정상,0.0,0.0,정상,True
2020 10 30 02:40:04,0.0,정상,0.0,0.0,정상,True
2020 10 30 02:40:09,0.0,정상,0.0,0.0,정상,True
2020 10 30 02:40:14,0.0,정상,0.0,0.0,정상,True
2020 10 30 02:40:19,0.0,정상,0.0,0.0,정상,True
2020 10 30 02:40:24,0.0,정상,0.0,0.0,정상,True
2020 10 30 02:40:29,0.0,정상,0.0,0.0,정상,True
2020 10 30 02:40:34,0.0,정상,0.0,0.0,정상,True
2020 10 30 02:40:39,0.0,정상,0.0,0.0,정상,True
2020 10 30 02:40:44,0.0,정상,0.0,0.0,정상,True
2020 10 30 02:40:49,0.0,정상,0.0,0.0,정상,True
2020 10 30 02:40:54,0.0,정상,0.0,0.0,정상,True
2020 10 30 02:40:59,0.0,정상,0.0,0.0,정상,True
2020 10 30 02:41:04,0.0,정상,0.0,0.0,정상,True
2020 10 30 02:41:09,0.0,정상,0.0,0.0,정상,True
2020 10 30 02:41:14,0.0,정상,0.0,0.0,정상,True
2020 10 30 02:41:19,0.0,정상,0.0,0.0,정상,True
2020 10 30 02:41:24,0.0,정상,0.0,0.0,정상,True
2020 10 30 02:41:29,0.0,정상,0.0,0.0,정상,True
2020 10 30 02:41:34,0.0,정상,0.0,0.0,정상,True
2020 10 30 02:41:39,0.0,정상,0.0,0.0,정상,True
2020 10 30 02:41:44,0.0,정상,0.0,0.0,정상,True
2020 10 30 02:41:49,0.0,정상,0.0,0.0,정상,True
2020 10 30 02:41:54,0.0,정상,0.0,0.0,정상,True
2020 10 30 02:41:59,0.0,정상,0.0,0.0,정상,True
2020 10 30 02:42:04,0.0,정상,0.0,0.0,정상,True
2020 10 30 02:42:09,0.0,정상,0.0,0.0,정상,True
2020 10 30 02:42:14,0.0,정상,0.0,0.0,정상,True
2020 10 30 02:42:19,0.0,정상,0.0,0.0,정상,True
2020 10 30 02:42:24,0.0,정상,0.0,0.0,정상,True
2020 10 30 02:42:29,0.0,정상,0.0,0.0,정상,True
2020 10 30 02:42:34,0.0,정상,0.0,0.0,정상,True
2020 10 30 02:42:39,0.0,정상,0.0,0.0,정상,True
2020 10 30 02:42:44,0.0,정상,0.0,0.0,정상,True
2020 10 30 02:42:49,0.0,정상,0.0,0.0,정상,True
2020 10 30 02:42:54,0.0,정상,0.0,0.0,정상,True
2020 10 30 02:42:59,0.0,정상,0.0,0.0,정상,True
2020 10 30 02:43:04,0.0,정상,0.0,0.0,정상,True
2020 10 30 02:43:09,0.0,정상,0.0,0.0,정상,True
2020 10 30 02:43:14,0.0,정상,0.0,0.0,정상,True
2020 10 30 02:43:19,0.0,정상,0.0,0.0,정상,True
2020 10 30 02:43:24,0.0,정상,0.0,0.0,정상,True
2020 10 30 02:43:29,0.0,정상,0.0,0.0,정상,True
2020 10 30 02:43:34,0.0,정상,0.0,0.0,정상,True
2020 10 30 02:43:39,0.0,정상,0.0,0.0,정상,True
2020 10 30 02:43:44,0.0,정상,0.0,0.0,정상,True
2020 10 30 02:43:49,0.0,정상,0.0,0.0,정상,True
2020 10 30 02:43:54,0.0,정상,0.0,0.0,정상,True
2020 10 30 02:43:59,0.0,정상,0.0,0.0,정상,True
2020 10 30 02:44:04,0.0,정상,0.0,0.0,정상,True
2020 10 30 02:44:09,0.0,정상,0.0,0.0,정상,True
2020 10 30 02:44:14,0.0,정상,0.0,0.0,정상,True
2020 10 30 02:44:19,0.0,정상,0.0,0.0,정상,True
2020 10 30 02:44:24,0.0,정상,0.0,0.0,정상,True
2020 10 30 02:44:29,0.0,정상,0.0,0.0,정상,True
2020 10 30 02:44:34,0.0,정상,0.0,0.0,정상,True
2020 10 30 02:44:39,0.0,정상,0.0,0.0,정상,True
2020 10 30 02:44:44,0.0,정상,0.0,0.0,정상,True
2020 10 30 02:44:49,0.0,정상,0.0,0.0,정상,True
2020 10 30 02:44:54,0.0,정상,0.0,0.0,정상,True
2020 10 30 02:44:59,0.0,정상,0.0,0.0,정상,True
2020 10 30 02:45:04,0.0,정상,0.0,0.0,정상,True
2020 10 30 02:45:09,0.0,정상,0.0,0.0,정상,True
2020 10 30 02:45:14,0.0,정상,0.0,0.0,정상,True
2020 10 30 02:45:19,0.0,정상,0.0,0.0,정상,True
2020 10 30 02:45:24,0.0,정상,0.0,0.0,정상,True
2020 10 30 02:45:29,0.0,정상,0.0,0.0,정상,True
2020 10 30 02:45:34,0.0,정상,0.0,0.0,정상,True
2020 10 30 02:45:39,0.0,정상,0.0,0.0,정상,True
2020 10 30 02:45:44,0.0,정상,0.0,0.0,정상,True
2020 10 30 02:45:49,0.0,정상,0.0,0.0,정상,True
2020 10 30 02:45:54,0.0,정상,0.0,0.0,정상,True
2020 10 30 02:45:59,0.0,정상,0.0,0.0,정상,True
2020 10 30 02:46:04,0.0,정상,0.0,0.0,정상,True
2020 10 30 02:46:09,0.0,정상,0.0,0.0,정상,True
2020 10 30 02:46:14,0.0,정상,0.0,0.0,정상,True
2020 10 30 02:46:19,0.0,정상,0.0,0.0,정상,True
2020 10 30 02:46:24,0.0,정상,0.0,0.0,정상,True
2020 10 30 02:46:29,0.0,정상,0.0,0.0,정상,True
2020 10 30 02:46:34,0.0,정상,0.0,0.0,정상,True
2020 10 30 02:46:39,0.0,정상,0.0,0.0,정상,True
2020 10 30 02:46:44,0.0,정상,0.0,0.0,정상,True
2020 10 30 02:46:49,0.0,정상,0.0,0.0,정상,True
2020 10 30 02:46:54,0.0,정상,0.0,0.0,정상,True
2020 10 30 02:46:59,0.0,정상,0.0,0.0,정상,True
2020 10 30 02:47:04,0.0,정상,0.0,0.0,정상,True
2020 10 30 02:47:09,0.0,정상,0.0,0.0,정상,True
2020 10 30 02:47:14,0.0,정상,0.0,0.0,정상,True
2020 10 30 02:47:19,0.0,정상,0.0,0.0,정상,True
2020 10 30 02:47:24,0.0,정상,0.0,0.0,정상,True
2020 10 30 02:47:29,0.0,정상,0.0,0.0,정상,True
2020 10 30 02:47:34,0.0,정상,0.0,0.0,정상,True
2020 10 30 02:47:39,0.0,정상,0.0,0.0,정상,True
2020 10 30 02:47:44,0.0,정상,0.0,0.0,정상,True
2020 10 30 02:47:49,0.0,정상,0.0,0.0,정상,True
2020 10 30 02:47:54,0.0,정상,0.0,0.0,정상,True
2020 10 30 02:47:59,0.0,정상,0.0,0.0,정상,True
2020 10 30 02:48:04,0.0,정상,0.0,0.0,정상,True
2020 10 30 02:48:09,0.0,정상,0.0,0.0,정상,True
2020 10 30 02:48:14,0.0,정상,0.0,0.0,정상,True
2020 10 30 02:48:19,0.0,정상,0.0,0.0,정상,True
2020 10 30 02:48:24,0.0,정상,0.0,0.0,정상,True
2020 10 30 02:48:29,0.0,정상,0.0,0.0,정상,True
2020 10 30 02:48:34,0.0,정상,0.0,0.0,정상,True
2020 10 30 02:48:39,0.0,정상,0.0,0.0,정상,True
2020 10 30 02:48:44,0.0,정상,0.0,0.0,정상,True
2020 10 30 02:48:49,0.0,정상,0.0,0.0,정상,True
2020 10 30 02:48:54,0.0,정상,0.0,0.0,정상,True
2020 10 30 02:48:59,0.0,정상,0.0,0.0,정상,True
2020 10 30 02:49:04,0.0,정상,0.0,0.0,정상,True
2020 10 30 02:49:09,0.0,정상,0.0,0.0,정상,True
2020 10 30 02:49:14,0.0,정상,0.0,0.0,정상,True
2020 10 30 02:49:19,0.0,정상,0.0,0.0,정상,True
2020 10 30 02:49:24,0.0,정상,0.0,0.0,정상,True
2020 10 30 02:49:29,0.0,정상,0.0,0.0,정상,True
2020 10 30 02:49:34,0.0,정상,0.0,0.0,정상,True
2020 10 30 02:49:39,0.0,정상,0.0,0.0,정상,True
2020 10 30 02:49:44,0.0,정상,0.0,0.0,정상,True
2020 10 30 02:49:49,0.0,정상,0.0,0.0,정상,True
2020 10 30 02:49:54,0.0,정상,0.0,0.0,정상,True
2020 10 30 02:49:59,0.0,정상,0.0,0.0,정상,True
2020 10 30 02:50:04,0.0,정상,0.0,0.0,정상,True
2020 10 30 02:50:09,0.0,정상,0.0,0.0,정상,True
2020 10 30 02:50:14,0.0,정상,0.0,0.0,정상,True
2020 10 30 02:50:19,0.0,정상,0.0,0.0,정상,True
2020 10 30 02:50:24,0.0,정상,0.0,0.0,정상,True
2020 10 30 02:50:29,0.0,정상,0.0,0.0,정상,True
2020 10 30 02:50:34,0.0,정상,0.0,0.0,정상,True
2020 10 30 02:50:39,0.0,정상,0.0,0.0,정상,True
2020 10 30 02:50:44,0.0,정상,0.0,0.0,정상,True
2020 10 30 02:50:49,0.0,정상,0.0,0.0,정상,True
2020 10 30 02:50:54,0.0,정상,0.0,0.0,정상,True
2020 10 30 02:50:59,0.0,정상,0.0,0.0,정상,True
2020 10 30 02:51:04,0.0,정상,0.0,0.0,정상,True
2020 10 30 02:51:09,0.0,정상,0.0,0.0,정상,True
2020 10 30 02:51:14,0.0,정상,0.0,0.0,정상,True
2020 10 30 02:51:19,0.0,정상,0.0,0.0,정상,True
2020 10 30 02:51:24,0.0,정상,0.0,0.0,정상,True
2020 10 30 02:51:29,0.0,정상,0.0,0.0,정상,True
2020 10 30 02:51:34,0.0,정상,0.0,0.0,정상,True
2020 10 30 02:51:39,0.0,정상,0.0,0.0,정상,True
2020 10 30 02:51:44,0.0,정상,0.0,0.0,정상,True
2020 10 30 02:51:49,0.0,정상,0.0,0.0,정상,True
2020 10 30 02:51:54,0.0,정상,0.0,0.0,정상,True
2020 10 30 02:51:59,0.0,정상,0.0,0.0,정상,True
2020 10 30 02:52:04,0.0,정상,0.0,0.0,정상,True
2020 10 30 02:52:09,0.0,정상,0.0,0.0,정상,True
2020 10 30 02:52:14,0.0,정상,0.0,0.0,정상,True
2020 10 30 02:52:19,0.0,정상,0.0,0.0,정상,True
2020 10 30 02:52:24,0.0,정상,0.0,0.0,정상,True
2020 10 30 02:52:29,0.0,정상,0.0,0.0,정상,True
2020 10 30 02:52:34,0.0,정상,0.0,0.0,정상,True
2020 10 30 02:52:39,0.0,정상,0.0,0.0,정상,True
2020 10 30 02:52:44,0.0,정상,0.0,0.0,정상,True
2020 10 30 02:52:49,0.0,정상,0.0,0.0,정상,True
2020 10 30 02:52:54,0.0,정상,0.0,0.0,정상,True
2020 10 30 02:52:59,0.0,정상,0.0,0.0,정상,True
2020 10 30 02:53:04,0.0,정상,0.0,0.0,정상,True
2020 10 30 02:53:09,0.0,정상,0.0,0.0,정상,True
2020 10 30 02:53:14,0.0,정상,0.0,0.0,정상,True
2020 10 30 02:53:19,0.0,정상,0.0,0.0,정상,True
2020 10 30 02:53:24,0.0,정상,0.0,0.0,정상,True
2020 10 30 02:53:29,0.0,정상,0.0,0.0,정상,True
2020 10 30 02:53:34,0.0,정상,0.0,0.0,정상,True
2020 10 30 02:53:39,0.0,정상,0.0,0.0,정상,True
2020 10 30 02:53:44,0.0,정상,0.0,0.0,정상,True
2020 10 30 02:53:49,0.0,정상,0.0,0.0,정상,True
2020 10 30 02:53:54,0.0,정상,0.0,0.0,정상,True
2020 10 30 02:53:59,0.0,정상,0.0,0.0,정상,True
2020 10 30 02:54:04,0.0,정상,0.0,0.0,정상,True
2020 10 30 02:54:09,0.0,정상,0.0,0.0,정상,True
2020 10 30 02:54:14,0.0,정상,0.0,0.0,정상,True
2020 10 30 02:54:19,0.0,정상,0.0,0.0,정상,True
2020 10 30 02:54:24,0.0,정상,0.0,0.0,정상,True
2020 10 30 02:54:29,0.0,정상,0.0,0.0,정상,True
2020 10 30 02:54:34,0.0,정상,0.0,0.0,정상,True
2020 10 30 02:54:39,0.0,정상,0.0,0.0,정상,True
2020 10 30 02:54:44,0.0,정상,0.0,0.0,정상,True
2020 10 30 02:54:49,0.0,정상,0.0,0.0,정상,True
2020 10 30 02:54:54,0.0,정상,0.0,0.0,정상,True
2020 10 30 02:54:59,0.0,정상,0.0,0.0,정상,True
2020 10 30 02:55:04,0.0,정상,0.0,0.0,정상,True
2020 10 30 02:55:09,0.0,정상,0.0,0.0,정상,True
2020 10 30 02:55:14,0.0,정상,0.0,0.0,정상,True
2020 10 30 02:55:19,0.0,정상,0.0,0.0,정상,True
2020 10 30 02:55:24,0.0,정상,0.0,0.0,정상,True
2020 10 30 02:55:29,0.0,정상,0.0,0.0,정상,True
2020 10 30 02:55:34,0.0,정상,0.0,0.0,정상,True
2020 10 30 02:55:39,0.0,정상,0.0,0.0,정상,True
2020 10 30 02:55:44,0.0,정상,0.0,0.0,정상,True
2020 10 30 02:55:49,0.0,정상,0.0,0.0,정상,True
2020 10 30 02:55:54,0.0,정상,0.0,0.0,정상,True
2020 10 30 02:55:59,0.0,정상,0.0,0.0,정상,True
2020 10 30 02:56:04,0.0,정상,0.0,0.0,정상,True
2020 10 30 02:56:09,0.0,정상,0.0,0.0,정상,True
2020 10 30 02:56:14,0.0,정상,0.0,0.0,정상,True
2020 10 30 02:56:19,0.0,정상,0.0,0.0,정상,True
2020 10 30 02:56:24,0.0,정상,0.0,0.0,정상,True
2020 10 30 02:56:29,0.0,정상,0.0,0.0,정상,True
2020 10 30 02:56:34,0.0,정상,0.0,0.0,정상,True
2020 10 30 02:56:39,0.0,정상,0.0,0.0,정상,True
2020 10 30 02:56:44,0.0,정상,0.0,0.0,정상,True
2020 10 30 02:56:49,0.0,정상,0.0,0.0,정상,True
2020 10 30 02:56:54,0.0,정상,0.0,0.0,정상,True
2020 10 30 02:56:59,0.0,정상,0.0,0.0,정상,True
2020 10 30 02:57:04,0.0,정상,0.0,0.0,정상,True
2020 10 30 02:57:09,0.0,정상,0.0,0.0,정상,True
2020 10 30 02:57:14,0.0,정상,0.0,0.0,정상,True
2020 10 30 02:57:19,0.0,정상,0.0,0.0,정상,True
2020 10 30 02:57:24,0.0,정상,0.0,0.0,정상,True
2020 10 30 02:57:29,0.0,정상,0.0,0.0,정상,True
2020 10 30 02:57:34,0.0,정상,0.0,0.0,정상,True
2020 10 30 02:57:39,0.0,정상,0.0,0.0,정상,True
2020 10 30 02:57:44,0.0,정상,0.0,0.0,정상,True
2020 10 30 02:57:49,0.0,정상,0.0,0.0,정상,True
2020 10 30 02:57:54,0.0,정상,0.0,0.0,정상,True
2020 10 30 02:57:59,0.0,정상,0.0,0.0,정상,True
2020 10 30 02:58:04,0.0,정상,0.0,0.0,정상,True
2020 10 30 02:58:09,0.0,정상,0.0,0.0,정상,True
2020 10 30 02:58:14,0.0,정상,0.0,0.0,정상,True
2020 10 30 02:58:19,0.0,정상,0.0,0.0,정상,True
2020 10 30 02:58:24,0.0,정상,0.0,0.0,정상,True
2020 10 30 02:58:29,0.0,정상,0.0,0.0,정상,True
2020 10 30 02:58:34,0.0,정상,0.0,0.0,정상,True
2020 10 30 02:58:39,0.0,정상,0.0,0.0,정상,True
2020 10 30 02:58:44,0.0,정상,0.0,0.0,정상,True
2020 10 30 02:58:49,0.0,정상,0.0,0.0,정상,True
2020 10 30 02:58:54,0.0,정상,0.0,0.0,정상,True
2020 10 30 02:58:59,0.0,정상,0.0,0.0,정상,True
2020 10 30 02:59:04,0.0,정상,0.0,0.0,정상,True
2020 10 30 02:59:09,0.0,정상,0.0,0.0,정상,True
2020 10 30 02:59:14,0.0,정상,0.0,0.0,정상,True
2020 10 30 02:59:19,0.0,정상,0.0,0.0,정상,True
2020 10 30 02:59:24,0.0,정상,0.0,0.0,정상,True
2020 10 30 02:59:29,0.0,정상,0.0,0.0,정상,True
2020 10 30 02:59:34,0.0,정상,0.0,0.0,정상,True
2020 10 30 02:59:39,0.0,정상,0.0,0.0,정상,True
2020 10 30 02:59:44,0.0,정상,0.0,0.0,정상,True
2020 10 30 02:59:49,0.0,정상,0.0,0.0,정상,True
2020 10 30 02:59:54,0.0,정상,0.0,0.0,정상,True
2020 10 30 02:59:59,0.0,정상,0.0,0.0,정상,True
2020 10 30 03:00:04,0.0,정상,0.0,0.0,정상,True
2020 10 30 03:00:09,0.0,정상,0.0,0.0,정상,True
2020 10 30 03:00:14,0.0,정상,0.0,0.0,정상,True
2020 10 30 03:00:19,0.0,정상,0.0,0.0,정상,True
2020 10 30 03:00:24,0.0,정상,0.0,0.0,정상,True
2020 10 30 03:00:29,0.0,정상,0.0,0.0,정상,True
2020 10 30 03:00:34,0.0,정상,0.0,0.0,정상,True
2020 10 30 03:00:39,0.0,정상,0.0,0.0,정상,True
2020 10 30 03:00:44,0.0,정상,0.0,0.0,정상,True
2020 10 30 03:00:49,0.0,정상,0.0,0.0,정상,True
2020 10 30 03:00:54,0.0,정상,0.0,0.0,정상,True
2020 10 30 03:00:59,0.0,정상,0.0,0.0,정상,True
2020 10 30 03:01:04,0.0,정상,0.0,0.0,정상,True
2020 10 30 03:01:09,0.0,정상,0.0,0.0,정상,True
2020 10 30 03:01:14,0.0,정상,0.0,0.0,정상,True
2020 10 30 03:01:19,0.0,정상,0.0,0.0,정상,True
2020 10 30 03:01:24,0.0,정상,0.0,0.0,정상,True
2020 10 30 03:01:29,0.0,정상,0.0,0.0,정상,True
2020 10 30 03:01:34,0.0,정상,0.0,0.0,정상,True
2020 10 30 03:01:39,0.0,정상,0.0,0.0,정상,True
2020 10 30 03:01:44,0.0,정상,0.0,0.0,정상,True
2020 10 30 03:01:49,0.0,정상,0.0,0.0,정상,True
2020 10 30 03:01:54,0.0,정상,0.0,0.0,정상,True
2020 10 30 03:01:59,0.0,정상,0.0,0.0,정상,True
2020 10 30 03:02:04,0.0,정상,0.0,0.0,정상,True
2020 10 30 03:02:09,0.0,정상,0.0,0.0,정상,True
2020 10 30 03:02:14,0.0,정상,0.0,0.0,정상,True
2020 10 30 03:02:19,0.0,정상,0.0,0.0,정상,True
2020 10 30 03:02:24,0.0,정상,0.0,0.0,정상,True
2020 10 30 03:02:29,0.0,정상,0.0,0.0,정상,True
2020 10 30 03:02:34,0.0,정상,0.0,0.0,정상,True
2020 10 30 03:02:39,0.0,정상,0.0,0.0,정상,True
2020 10 30 03:02:44,0.0,정상,0.0,0.0,정상,True
2020 10 30 03:02:49,0.0,정상,0.0,0.0,정상,True
2020 10 30 03:02:54,0.0,정상,0.0,0.0,정상,True
2020 10 30 03:02:59,0.0,정상,0.0,0.0,정상,True
2020 10 30 03:03:04,0.0,정상,0.0,0.0,정상,True
2020 10 30 03:03:09,0.0,정상,0.0,0.0,정상,True
2020 10 30 03:03:14,0.0,정상,0.0,0.0,정상,True
2020 10 30 03:03:19,0.0,정상,0.0,0.0,정상,True
2020 10 30 03:03:24,0.0,정상,0.0,0.0,정상,True
2020 10 30 03:03:29,0.0,정상,0.0,0.0,정상,True
2020 10 30 03:03:34,0.0,정상,0.0,0.0,정상,True
2020 10 30 03:03:39,0.0,정상,0.0,0.0,정상,True
2020 10 30 03:03:44,0.0,정상,0.0,0.0,정상,True
2020 10 30 03:03:49,0.0,정상,0.0,0.0,정상,True
2020 10 30 03:03:54,0.0,정상,0.0,0.0,정상,True
2020 10 30 03:03:59,0.0,정상,0.0,0.0,정상,True
2020 10 30 03:04:04,0.0,정상,0.0,0.0,정상,True
2020 10 30 03:04:09,0.0,정상,0.0,0.0,정상,True
2020 10 30 03:04:14,0.0,정상,0.0,0.0,정상,True
2020 10 30 03:04:19,0.0,정상,0.0,0.0,정상,True
2020 10 30 03:04:24,0.0,정상,0.0,0.0,정상,True
2020 10 30 03:04:29,0.0,정상,0.0,0.0,정상,True
2020 10 30 03:04:34,0.0,정상,0.0,0.0,정상,True
2020 10 30 03:04:39,0.0,정상,0.0,0.0,정상,True
2020 10 30 03:04:44,0.0,정상,0.0,0.0,정상,True
2020 10 30 03:04:49,0.0,정상,0.0,0.0,정상,True
2020 10 30 03:04:54,0.0,정상,0.0,0.0,정상,True
2020 10 30 03:04:59,0.0,정상,0.0,0.0,정상,True
2020 10 30 03:05:04,0.0,정상,0.0,0.0,정상,True
2020 10 30 03:05:09,0.0,정상,0.0,0.0,정상,True
2020 10 30 03:05:14,0.0,정상,0.0,0.0,정상,True
2020 10 30 03:05:19,0.0,정상,0.0,0.0,정상,True
2020 10 30 03:05:24,0.0,정상,0.0,0.0,정상,True
2020 10 30 03:05:29,0.0,정상,0.0,0.0,정상,True
2020 10 30 03:05:34,0.0,정상,0.0,0.0,정상,True
2020 10 30 03:05:39,0.0,정상,0.0,0.0,정상,True
2020 10 30 03:05:44,0.0,정상,0.0,0.0,정상,True
2020 10 30 03:05:49,0.0,정상,0.0,0.0,정상,True
2020 10 30 03:05:54,0.0,정상,0.0,0.0,정상,True
2020 10 30 03:05:59,0.0,정상,0.0,0.0,정상,True
2020 10 30 03:06:04,0.0,정상,0.0,0.0,정상,True
2020 10 30 03:06:09,0.0,정상,0.0,0.0,정상,True
2020 10 30 03:06:14,0.0,정상,0.0,0.0,정상,True
2020 10 30 03:06:19,0.0,정상,0.0,0.0,정상,True
2020 10 30 03:06:24,0.0,정상,0.0,0.0,정상,True
2020 10 30 03:06:29,0.0,정상,0.0,0.0,정상,True
2020 10 30 03:06:34,0.0,정상,0.0,0.0,정상,True
2020 10 30 03:06:39,0.0,정상,0.0,0.0,정상,True
2020 10 30 03:06:44,0.0,정상,0.0,0.0,정상,True
2020 10 30 03:06:49,0.0,정상,0.0,0.0,정상,True
2020 10 30 03:06:54,0.0,정상,0.0,0.0,정상,True
2020 10 30 03:06:59,0.0,정상,0.0,0.0,정상,True
2020 10 30 03:07:04,0.0,정상,0.0,0.0,정상,True
2020 10 30 03:07:09,0.0,정상,0.0,0.0,정상,True
2020 10 30 03:07:14,0.0,정상,0.0,0.0,정상,True
2020 10 30 03:07:19,0.0,정상,0.0,0.0,정상,True
2020 10 30 03:07:24,0.0,정상,0.0,0.0,정상,True
2020 10 30 03:07:29,0.0,정상,0.0,0.0,정상,True
2020 10 30 03:07:34,0.0,정상,0.0,0.0,정상,True
2020 10 30 03:07:39,0.0,정상,0.0,0.0,정상,True
2020 10 30 03:07:44,0.0,정상,0.0,0.0,정상,True
2020 10 30 03:07:49,0.0,정상,0.0,0.0,정상,True
2020 10 30 03:07:54,0.0,정상,0.0,0.0,정상,True
2020 10 30 03:07:59,0.0,정상,0.0,0.0,정상,True
2020 10 30 03:08:04,0.0,정상,0.0,0.0,정상,True
2020 10 30 03:08:09,0.0,정상,0.0,0.0,정상,True
2020 10 30 03:08:14,0.0,정상,0.0,0.0,정상,True
2020 10 30 03:08:19,0.0,정상,0.0,0.0,정상,True
2020 10 30 03:08:24,0.0,정상,0.0,0.0,정상,True
2020 10 30 03:08:29,0.0,정상,0.0,0.0,정상,True
2020 10 30 03:08:34,0.0,정상,0.0,0.0,정상,True
2020 10 30 03:08:39,0.0,정상,0.0,0.0,정상,True
2020 10 30 03:08:44,0.0,정상,0.0,0.0,정상,True
2020 10 30 03:08:49,0.0,정상,0.0,0.0,정상,True
2020 10 30 03:08:54,0.0,정상,0.0,0.0,정상,True
2020 10 30 03:08:59,0.0,정상,0.0,0.0,정상,True
2020 10 30 03:09:04,0.0,정상,0.0,0.0,정상,True
2020 10 30 03:09:09,0.0,정상,0.0,0.0,정상,True
2020 10 30 03:09:14,0.0,정상,0.0,0.0,정상,True
2020 10 30 03:09:19,0.0,정상,0.0,0.0,정상,True
2020 10 30 03:09:24,0.0,정상,0.0,0.0,정상,True
2020 10 30 03:09:29,0.0,정상,0.0,0.0,정상,True
2020 10 30 03:09:34,0.0,정상,0.0,0.0,정상,True
2020 10 30 03:09:39,0.0,정상,0.0,0.0,정상,True
2020 10 30 03:09:44,0.0,정상,0.0,0.0,정상,True
2020 10 30 03:09:49,0.0,정상,0.0,0.0,정상,True
2020 10 30 03:09:54,0.0,정상,0.0,0.0,정상,True
2020 10 30 03:09:59,0.0,정상,0.0,0.0,정상,True
2020 10 30 03:10:04,0.0,정상,0.0,0.0,정상,True
2020 10 30 03:10:09,0.0,정상,0.0,0.0,정상,True
2020 10 30 03:10:14,0.0,정상,0.0,0.0,정상,True
2020 10 30 03:10:19,0.0,정상,0.0,0.0,정상,True
2020 10 30 03:10:24,0.0,정상,0.0,0.0,정상,True
2020 10 30 03:10:29,0.0,정상,0.0,0.0,정상,True
2020 10 30 03:10:34,0.0,정상,0.0,0.0,정상,True
2020 10 30 03:10:39,0.0,정상,0.0,0.0,정상,True
2020 10 30 03:10:44,0.0,정상,0.0,0.0,정상,True
2020 10 30 03:10:49,0.0,정상,0.0,0.0,정상,True
2020 10 30 03:10:54,0.0,정상,0.0,0.0,정상,True
2020 10 30 03:10:59,0.0,정상,0.0,0.0,정상,True
2020 10 30 03:11:04,0.0,정상,0.0,0.0,정상,True
2020 10 30 03:11:09,0.0,정상,0.0,0.0,정상,True
2020 10 30 03:11:14,0.0,정상,0.0,0.0,정상,True
2020 10 30 03:11:19,0.0,정상,0.0,0.0,정상,True
2020 10 30 03:11:24,0.0,정상,0.0,0.0,정상,True
2020 10 30 03:11:29,0.0,정상,0.0,0.0,정상,True
2020 10 30 03:11:34,0.0,정상,0.0,0.0,정상,True
2020 10 30 03:11:39,0.0,정상,0.0,0.0,정상,True
2020 10 30 03:11:44,0.0,정상,0.0,0.0,정상,True
2020 10 30 03:11:49,0.0,정상,0.0,0.0,정상,True
2020 10 30 03:11:54,0.0,정상,0.0,0.0,정상,True
2020 10 30 03:11:59,0.0,정상,0.0,0.0,정상,True
2020 10 30 03:12:04,0.0,정상,0.0,0.0,정상,True
2020 10 30 03:12:09,0.0,정상,0.0,0.0,정상,True
2020 10 30 03:12:14,0.0,정상,0.0,0.0,정상,True
2020 10 30 03:12:19,0.0,정상,0.0,0.0,정상,True
2020 10 30 03:12:24,0.0,정상,0.0,0.0,정상,True
2020 10 30 03:12:29,0.0,정상,0.0,0.0,정상,True
2020 10 30 03:12:34,0.0,정상,0.0,0.0,정상,True
2020 10 30 03:12:39,0.0,정상,0.0,0.0,정상,True
2020 10 30 03:12:44,0.0,정상,0.0,0.0,정상,True
2020 10 30 03:12:49,0.0,정상,0.0,0.0,정상,True
2020 10 30 03:12:54,0.0,정상,0.0,0.0,정상,True
2020 10 30 03:12:59,0.0,정상,0.0,0.0,정상,True
2020 10 30 03:13:04,0.0,정상,0.0,0.0,정상,True
2020 10 30 03:13:09,0.0,정상,0.0,0.0,정상,True
2020 10 30 03:13:14,0.0,정상,0.0,0.0,정상,True
2020 10 30 03:13:19,0.0,정상,0.0,0.0,정상,True
2020 10 30 03:13:24,0.0,정상,0.0,0.0,정상,True
2020 10 30 03:13:29,0.0,정상,0.0,0.0,정상,True
2020 10 30 03:13:34,0.0,정상,0.0,0.0,정상,True
2020 10 30 03:13:39,0.0,정상,0.0,0.0,정상,True
2020 10 30 03:13:44,0.0,정상,0.0,0.0,정상,True
2020 10 30 03:13:49,0.0,정상,0.0,0.0,정상,True
2020 10 30 03:13:54,0.0,정상,0.0,0.0,정상,True
2020 10 30 03:13:59,0.0,정상,0.0,0.0,정상,True
2020 10 30 03:14:04,0.0,정상,0.04,0.0,정상,True
2020 10 30 03:14:09,0.0,정상,0.0,0.0,정상,True
2020 10 30 03:14:14,0.0,정상,0.0,0.0,정상,True
2020 10 30 03:14:19,0.0,정상,0.0,0.0,정상,True
2020 10 30 03:14:24,0.0,정상,0.0,0.0,정상,True
2020 10 30 03:14:29,0.0,정상,0.0,0.0,정상,True
2020 10 30 03:14:34,0.0,정상,0.0,0.0,정상,True
2020 10 30 03:14:39,0.0,정상,0.0,0.0,정상,True
2020 10 30 03:14:44,0.0,정상,0.0,0.0,정상,True
2020 10 30 03:14:49,0.0,정상,0.0,0.0,정상,True
2020 10 30 03:14:54,0.0,정상,0.0,0.0,정상,True
2020 10 30 03:14:59,0.0,정상,0.0,0.0,정상,True
2020 10 30 03:15:04,0.0,정상,0.0,0.0,정상,True
2020 10 30 03:15:09,0.0,정상,0.0,0.0,정상,True
2020 10 30 03:15:14,0.0,정상,0.0,0.0,정상,True
2020 10 30 03:15:19,0.0,정상,0.0,0.0,정상,True
2020 10 30 03:15:24,0.0,정상,0.0,0.0,정상,True
2020 10 30 03:15:29,0.0,정상,0.0,0.0,정상,True
2020 10 30 03:15:34,0.0,정상,0.0,0.0,정상,True
2020 10 30 03:15:39,0.0,정상,0.0,0.0,정상,True
2020 10 30 03:15:44,0.0,정상,0.0,0.0,정상,True
2020 10 30 03:15:49,0.0,정상,0.0,0.0,정상,True
2020 10 30 03:15:54,0.0,정상,0.0,0.0,정상,True
2020 10 30 03:15:59,0.0,정상,0.0,0.0,정상,True
2020 10 30 03:16:04,0.0,정상,0.0,0.0,정상,True
2020 10 30 03:16:09,0.0,정상,0.0,0.0,정상,True
2020 10 30 03:16:14,0.0,정상,0.0,0.0,정상,True
2020 10 30 03:16:19,0.0,정상,0.0,0.0,정상,True
2020 10 30 03:16:24,0.0,정상,0.0,0.0,정상,True
2020 10 30 03:16:29,0.0,정상,0.0,0.0,정상,True
2020 10 30 03:16:34,0.0,정상,0.0,0.0,정상,True
2020 10 30 03:16:39,0.0,정상,0.0,0.0,정상,True
2020 10 30 03:16:44,0.0,정상,0.0,0.0,정상,True
2020 10 30 03:16:49,0.0,정상,0.0,0.0,정상,True
2020 10 30 03:16:54,0.0,정상,0.0,0.0,정상,True
2020 10 30 03:16:59,0.0,정상,0.0,0.0,정상,True
2020 10 30 03:17:04,0.0,정상,0.0,0.0,정상,True
2020 10 30 03:17:09,0.0,정상,0.0,0.0,정상,True
2020 10 30 03:17:14,0.0,정상,0.0,0.0,정상,True
2020 10 30 03:17:19,0.0,정상,0.0,0.0,정상,True
2020 10 30 03:17:24,0.0,정상,0.0,0.0,정상,True
2020 10 30 03:17:29,0.0,정상,0.0,0.0,정상,True
2020 10 30 03:17:34,0.0,정상,0.0,0.0,정상,True
2020 10 30 03:17:39,0.0,정상,0.0,0.0,정상,True
2020 10 30 03:17:44,0.0,정상,0.0,0.0,정상,True
2020 10 30 03:17:49,0.0,정상,0.0,0.0,정상,True
2020 10 30 03:17:54,0.0,정상,0.0,0.0,정상,True
2020 10 30 03:17:59,0.0,정상,0.0,0.0,정상,True
2020 10 30 03:18:04,0.0,정상,0.0,0.0,정상,True
2020 10 30 03:18:09,0.0,정상,0.0,0.0,정상,True
2020 10 30 03:18:14,0.0,정상,0.0,0.0,정상,True
2020 10 30 03:18:19,0.0,정상,0.0,0.0,정상,True
2020 10 30 03:18:24,0.0,정상,0.0,0.0,정상,True
2020 10 30 03:18:29,0.0,정상,0.0,0.0,정상,True
2020 10 30 03:18:34,0.0,정상,0.0,0.0,정상,True
2020 10 30 03:18:39,0.0,정상,0.0,0.0,정상,True
2020 10 30 03:18:44,0.0,정상,0.0,0.0,정상,True
2020 10 30 03:18:49,0.0,정상,0.0,0.0,정상,True
2020 10 30 03:18:54,0.0,정상,0.0,0.0,정상,True
2020 10 30 03:18:59,0.0,정상,0.0,0.0,정상,True
2020 10 30 03:19:04,0.0,정상,0.0,0.0,정상,True
2020 10 30 03:19:09,0.0,정상,0.0,0.0,정상,True
2020 10 30 03:19:14,0.0,정상,0.0,0.0,정상,True
2020 10 30 03:19:19,0.0,정상,0.0,0.0,정상,True
2020 10 30 03:19:24,0.0,정상,0.0,0.0,정상,True
2020 10 30 03:19:29,0.0,정상,0.0,0.0,정상,True
2020 10 30 03:19:34,0.0,정상,0.0,0.0,정상,True
2020 10 30 03:19:39,0.0,정상,0.0,0.0,정상,True
2020 10 30 03:19:44,0.0,정상,0.0,0.0,정상,True
2020 10 30 03:19:49,0.0,정상,0.0,0.0,정상,True
2020 10 30 03:19:54,0.0,정상,0.0,0.0,정상,True
2020 10 30 03:19:59,0.0,정상,0.0,0.0,정상,True
2020 10 30 03:20:04,0.0,정상,0.0,0.0,정상,True
2020 10 30 03:20:09,0.0,정상,0.0,0.0,정상,True
2020 10 30 03:20:14,0.0,정상,0.0,0.0,정상,True
2020 10 30 03:20:19,0.0,정상,0.0,0.0,정상,True
2020 10 30 03:20:24,0.0,정상,0.0,0.0,정상,True
2020 10 30 03:20:29,0.0,정상,0.0,0.0,정상,True
2020 10 30 03:20:34,0.0,정상,0.0,0.0,정상,True
2020 10 30 03:20:39,0.0,정상,0.0,0.0,정상,True
2020 10 30 03:20:44,0.0,정상,0.0,0.0,정상,True
2020 10 30 03:20:49,0.0,정상,0.0,0.0,정상,True
2020 10 30 03:20:54,0.0,정상,0.0,0.0,정상,True
2020 10 30 03:20:59,0.0,정상,0.0,0.0,정상,True
2020 10 30 03:21:04,0.0,정상,0.0,0.0,정상,True
2020 10 30 03:21:09,0.0,정상,0.0,0.0,정상,True
2020 10 30 03:21:14,0.0,정상,0.0,0.0,정상,True
2020 10 30 03:21:19,0.0,정상,0.0,0.0,정상,True
2020 10 30 03:21:24,0.0,정상,0.0,0.0,정상,True
2020 10 30 03:21:29,0.0,정상,0.0,0.0,정상,True
2020 10 30 03:21:34,0.0,정상,0.0,0.0,정상,True
2020 10 30 03:21:39,0.0,정상,0.0,0.0,정상,True
2020 10 30 03:21:44,0.0,정상,0.0,0.0,정상,True
2020 10 30 03:21:49,0.0,정상,0.0,0.0,정상,True
2020 10 30 03:21:54,0.0,정상,0.0,0.0,정상,True
2020 10 30 03:21:59,0.0,정상,0.0,0.0,정상,True
2020 10 30 03:22:04,0.0,정상,0.0,0.0,정상,True
2020 10 30 03:22:09,0.0,정상,0.0,0.0,정상,True
2020 10 30 03:22:14,0.0,정상,0.0,0.0,정상,True
2020 10 30 03:22:19,0.0,정상,0.0,0.0,정상,True
2020 10 30 03:22:24,0.0,정상,0.0,0.0,정상,True
2020 10 30 03:22:29,0.0,정상,0.0,0.0,정상,True
2020 10 30 03:22:34,0.0,정상,0.0,0.0,정상,True
2020 10 30 03:22:39,0.0,정상,0.0,0.0,정상,True
2020 10 30 03:22:44,0.0,정상,0.0,0.0,정상,True
2020 10 30 03:22:49,0.0,정상,0.0,0.0,정상,True
2020 10 30 03:22:54,0.0,정상,0.0,0.0,정상,True
2020 10 30 03:22:59,0.0,정상,0.0,0.0,정상,True
2020 10 30 03:23:04,0.0,정상,0.0,0.0,정상,True
2020 10 30 03:23:09,0.0,정상,0.0,0.0,정상,True
2020 10 30 03:23:14,0.0,정상,0.0,0.0,정상,True
2020 10 30 03:23:19,0.0,정상,0.0,0.0,정상,True
2020 10 30 03:23:24,0.0,정상,0.0,0.0,정상,True
2020 10 30 03:23:29,0.0,정상,0.0,0.0,정상,True
2020 10 30 03:23:34,0.0,정상,0.0,0.0,정상,True
2020 10 30 03:23:39,0.0,정상,0.0,0.0,정상,True
2020 10 30 03:23:44,0.0,정상,0.0,0.0,정상,True
2020 10 30 03:23:49,0.0,정상,0.0,0.0,정상,True
2020 10 30 03:23:54,0.0,정상,0.0,0.0,정상,True
2020 10 30 03:23:59,0.0,정상,0.0,0.0,정상,True
2020 10 30 03:24:04,0.0,정상,0.0,0.0,정상,True
2020 10 30 03:24:09,0.0,정상,0.0,0.0,정상,True
2020 10 30 03:24:14,0.0,정상,0.0,0.0,정상,True
2020 10 30 03:24:19,0.0,정상,0.0,0.0,정상,True
2020 10 30 03:24:24,0.0,정상,0.0,0.0,정상,True
2020 10 30 03:24:29,0.0,정상,0.0,0.0,정상,True
2020 10 30 03:24:34,0.0,정상,0.0,0.0,정상,True
2020 10 30 03:24:39,0.0,정상,0.0,0.0,정상,True
2020 10 30 03:24:44,0.0,정상,0.0,0.0,정상,True
2020 10 30 03:24:49,0.0,정상,0.0,0.0,정상,True
2020 10 30 03:24:54,0.0,정상,0.0,0.0,정상,True
2020 10 30 03:24:59,0.0,정상,0.0,0.0,정상,True
2020 10 30 03:25:04,0.0,정상,0.0,0.0,정상,True
2020 10 30 03:25:09,0.0,정상,0.0,0.0,정상,True
2020 10 30 03:25:14,0.0,정상,0.0,0.0,정상,True
2020 10 30 03:25:19,0.0,정상,0.0,0.0,정상,True
2020 10 30 03:25:24,0.0,정상,0.0,0.0,정상,True
2020 10 30 03:25:29,0.0,정상,0.0,0.0,정상,True
2020 10 30 03:25:34,0.0,정상,0.0,0.0,정상,True
2020 10 30 03:25:39,0.0,정상,0.0,0.0,정상,True
2020 10 30 03:25:44,0.0,정상,0.0,0.0,정상,True
2020 10 30 03:25:49,0.0,정상,0.0,0.0,정상,True
2020 10 30 03:25:54,0.0,정상,0.0,0.0,정상,True
2020 10 30 03:25:59,0.0,정상,0.0,0.0,정상,True
2020 10 30 03:26:04,0.0,정상,0.0,0.0,정상,True
2020 10 30 03:26:09,0.0,정상,0.0,0.0,정상,True
2020 10 30 03:26:14,0.0,정상,0.0,0.0,정상,True
2020 10 30 03:26:19,0.0,정상,0.0,0.0,정상,True
2020 10 30 03:26:24,0.0,정상,0.0,0.0,정상,True
2020 10 30 03:26:29,0.0,정상,0.0,0.0,정상,True
2020 10 30 03:26:34,0.0,정상,0.0,0.0,정상,True
2020 10 30 03:26:39,0.0,정상,0.0,0.0,정상,True
2020 10 30 03:26:44,0.0,정상,0.0,0.0,정상,True
2020 10 30 03:26:49,0.0,정상,0.0,0.0,정상,True
2020 10 30 03:26:54,0.0,정상,0.0,0.0,정상,True
2020 10 30 03:26:59,0.0,정상,0.0,0.0,정상,True
2020 10 30 03:27:04,0.0,정상,0.0,0.0,정상,True
2020 10 30 03:27:09,0.0,정상,0.0,0.0,정상,True
2020 10 30 03:27:14,0.0,정상,0.0,0.0,정상,True
2020 10 30 03:27:19,0.0,정상,0.0,0.0,정상,True
2020 10 30 03:27:24,0.0,정상,0.0,0.0,정상,True
2020 10 30 03:27:29,0.0,정상,0.0,0.0,정상,True
2020 10 30 03:27:34,0.0,정상,0.0,0.0,정상,True
2020 10 30 03:27:39,0.0,정상,0.0,0.0,정상,True
2020 10 30 03:27:44,0.0,정상,0.0,0.0,정상,True
2020 10 30 03:27:49,0.0,정상,0.0,0.0,정상,True
2020 10 30 03:27:54,0.0,정상,0.0,0.0,정상,True
2020 10 30 03:27:59,0.0,정상,0.0,0.0,정상,True
2020 10 30 03:28:04,0.0,정상,0.0,0.0,정상,True
2020 10 30 03:28:09,0.0,정상,0.0,0.0,정상,True
2020 10 30 03:28:14,0.0,정상,0.0,0.0,정상,True
2020 10 30 03:28:19,0.0,정상,0.0,0.0,정상,True
2020 10 30 03:28:24,0.0,정상,0.0,0.0,정상,True
2020 10 30 03:28:29,0.0,정상,0.0,0.0,정상,True
2020 10 30 03:28:34,0.0,정상,0.0,0.0,정상,True
2020 10 30 03:28:39,0.0,정상,0.0,0.0,정상,True
2020 10 30 03:28:44,0.0,정상,0.0,0.0,정상,True
2020 10 30 03:28:49,0.0,정상,0.0,0.0,정상,True
2020 10 30 03:28:54,0.0,정상,0.0,0.0,정상,True
2020 10 30 03:28:59,0.0,정상,0.0,0.0,정상,True
2020 10 30 03:29:04,0.0,정상,0.0,0.0,정상,True
2020 10 30 03:29:09,0.0,정상,0.0,0.0,정상,True
2020 10 30 03:29:14,0.0,정상,0.0,0.0,정상,True
2020 10 30 03:29:19,0.0,정상,0.0,0.0,정상,True
2020 10 30 03:29:24,0.0,정상,0.0,0.0,정상,True
2020 10 30 03:29:29,0.0,정상,0.0,0.0,정상,True
2020 10 30 03:29:34,0.0,정상,0.0,0.0,정상,True
2020 10 30 03:29:39,0.0,정상,0.0,0.0,정상,True
2020 10 30 03:29:44,0.0,정상,0.0,0.0,정상,True
2020 10 30 03:29:49,0.0,정상,0.0,0.0,정상,True
2020 10 30 03:29:54,0.0,정상,0.0,0.0,정상,True
2020 10 30 03:29:59,0.0,정상,0.0,0.0,정상,True
2020 10 30 03:30:04,0.0,정상,0.0,0.0,정상,True
2020 10 30 03:30:09,0.0,정상,0.0,0.0,정상,True
2020 10 30 03:30:14,0.0,정상,0.0,0.0,정상,True
2020 10 30 03:30:19,0.0,정상,0.0,0.0,정상,True
2020 10 30 03:30:24,0.0,정상,0.0,0.0,정상,True
2020 10 30 03:30:29,0.0,정상,0.0,0.0,정상,True
2020 10 30 03:30:34,0.0,정상,0.0,0.0,정상,True
2020 10 30 03:30:39,0.0,정상,0.0,0.0,정상,True
2020 10 30 03:30:44,0.0,정상,0.0,0.0,정상,True
2020 10 30 03:30:49,0.0,정상,0.0,0.0,정상,True
2020 10 30 03:30:54,0.0,정상,0.0,0.0,정상,True
2020 10 30 03:30:59,0.0,정상,0.0,0.0,정상,True
2020 10 30 03:31:04,0.0,정상,0.0,0.0,정상,True
2020 10 30 03:31:09,0.0,정상,0.0,0.0,정상,True
2020 10 30 03:31:14,0.0,정상,0.0,0.0,정상,True
2020 10 30 03:31:19,0.0,정상,0.0,0.0,정상,True
2020 10 30 03:31:24,0.0,정상,0.0,0.0,정상,True
2020 10 30 03:31:29,0.0,정상,0.0,0.0,정상,True
2020 10 30 03:31:34,0.0,정상,0.0,0.0,정상,True
2020 10 30 03:31:39,0.0,정상,0.0,0.0,정상,True
2020 10 30 03:31:44,0.0,정상,0.0,0.0,정상,True
2020 10 30 03:31:49,0.0,정상,0.0,0.0,정상,True
2020 10 30 03:31:54,0.0,정상,0.0,0.0,정상,True
2020 10 30 03:31:59,0.0,정상,0.0,0.0,정상,True
2020 10 30 03:32:04,0.0,정상,0.0,0.0,정상,True
2020 10 30 03:32:09,0.0,정상,0.0,0.0,정상,True
2020 10 30 03:32:14,0.0,정상,0.0,0.0,정상,True
2020 10 30 03:32:19,0.0,정상,0.0,0.0,정상,True
2020 10 30 03:32:24,0.0,정상,0.0,0.0,정상,True
2020 10 30 03:32:29,0.0,정상,0.0,0.0,정상,True
2020 10 30 03:32:34,0.0,정상,0.0,0.0,정상,True
2020 10 30 03:32:39,0.0,정상,0.0,0.0,정상,True
2020 10 30 03:32:44,0.0,정상,0.0,0.0,정상,True
2020 10 30 03:32:49,0.0,정상,0.0,0.0,정상,True
2020 10 30 03:32:54,0.0,정상,0.0,0.0,정상,True
2020 10 30 03:32:59,0.0,정상,0.0,0.0,정상,True
2020 10 30 03:33:04,0.0,정상,0.0,0.0,정상,True
2020 10 30 03:33:09,0.0,정상,0.0,0.0,정상,True
2020 10 30 03:33:14,0.0,정상,0.0,0.0,정상,True
2020 10 30 03:33:19,0.0,정상,0.0,0.0,정상,True
2020 10 30 03:33:24,0.0,정상,0.0,0.0,정상,True
2020 10 30 03:33:29,0.0,정상,0.0,0.0,정상,True
2020 10 30 03:33:34,0.0,정상,0.0,0.0,정상,True
2020 10 30 03:33:39,0.0,정상,0.0,0.0,정상,True
2020 10 30 03:33:44,0.0,정상,0.0,0.0,정상,True
2020 10 30 03:33:49,0.0,정상,0.0,0.0,정상,True
2020 10 30 03:33:54,0.0,정상,0.0,0.0,정상,True
2020 10 30 03:33:59,0.0,정상,0.0,0.0,정상,True
2020 10 30 03:34:04,0.0,정상,0.0,0.0,정상,True
2020 10 30 03:34:09,0.0,정상,0.0,0.0,정상,True
2020 10 30 03:34:14,0.0,정상,0.0,0.0,정상,True
2020 10 30 03:34:19,0.0,정상,0.0,0.0,정상,True
2020 10 30 03:34:24,0.0,정상,0.0,0.0,정상,True
2020 10 30 03:34:29,0.0,정상,0.0,0.0,정상,True
2020 10 30 03:34:34,0.0,정상,0.0,0.0,정상,True
2020 10 30 03:34:39,0.0,정상,0.0,0.0,정상,True
2020 10 30 03:34:44,0.0,정상,0.0,0.0,정상,True
2020 10 30 03:34:49,0.0,정상,0.0,0.0,정상,True
2020 10 30 03:34:54,0.0,정상,0.0,0.0,정상,True
2020 10 30 03:34:59,0.0,정상,0.0,0.0,정상,True
2020 10 30 03:35:04,0.0,정상,0.0,0.0,정상,True
2020 10 30 03:35:09,0.0,정상,0.0,0.0,정상,True
2020 10 30 03:35:14,0.0,정상,0.0,0.0,정상,True
2020 10 30 03:35:19,0.0,정상,0.0,0.0,정상,True
2020 10 30 03:35:24,0.0,정상,0.0,0.0,정상,True
2020 10 30 03:35:29,0.0,정상,0.0,0.0,정상,True
2020 10 30 03:35:34,0.0,정상,0.0,0.0,정상,True
2020 10 30 03:35:39,0.0,정상,0.0,0.0,정상,True
2020 10 30 03:35:44,0.0,정상,0.0,0.0,정상,True
2020 10 30 03:35:49,0.0,정상,0.0,0.0,정상,True
2020 10 30 03:35:54,0.0,정상,0.0,0.0,정상,True
2020 10 30 03:35:59,0.0,정상,0.0,0.0,정상,True
2020 10 30 03:36:04,0.0,정상,0.0,0.0,정상,True
2020 10 30 03:36:09,0.0,정상,0.0,0.0,정상,True
2020 10 30 03:36:14,0.0,정상,0.0,0.0,정상,True
2020 10 30 03:36:19,0.0,정상,0.0,0.0,정상,True
2020 10 30 03:36:24,0.0,정상,0.0,0.0,정상,True
2020 10 30 03:36:29,0.0,정상,0.0,0.0,정상,True
2020 10 30 03:36:34,0.0,정상,0.0,0.0,정상,True
2020 10 30 03:36:39,0.0,정상,0.0,0.0,정상,True
2020 10 30 03:36:44,0.0,정상,0.0,0.0,정상,True
2020 10 30 03:36:49,0.0,정상,0.0,0.0,정상,True
2020 10 30 03:36:54,0.0,정상,0.0,0.0,정상,True
2020 10 30 03:36:59,0.0,정상,0.0,0.0,정상,True
2020 10 30 03:37:04,0.0,정상,0.0,0.0,정상,True
2020 10 30 03:37:09,0.0,정상,0.0,0.0,정상,True
2020 10 30 03:37:14,0.0,정상,0.0,0.0,정상,True
2020 10 30 03:37:19,0.0,정상,0.0,0.0,정상,True
2020 10 30 03:37:24,0.0,정상,0.0,0.0,정상,True
2020 10 30 03:37:29,0.0,정상,0.0,0.0,정상,True
2020 10 30 03:37:34,0.0,정상,0.0,0.0,정상,True
2020 10 30 03:37:39,0.0,정상,0.0,0.0,정상,True
2020 10 30 03:37:44,0.0,정상,0.0,0.0,정상,True
2020 10 30 03:37:49,0.0,정상,0.0,0.0,정상,True
2020 10 30 03:37:54,0.0,정상,0.0,0.0,정상,True
2020 10 30 03:37:59,0.0,정상,0.0,0.0,정상,True
2020 10 30 03:38:04,0.0,정상,0.0,0.0,정상,True
2020 10 30 03:38:09,0.0,정상,0.0,0.0,정상,True
2020 10 30 03:38:14,0.0,정상,0.0,0.0,정상,True
2020 10 30 03:38:19,0.0,정상,0.0,0.0,정상,True
2020 10 30 03:38:24,0.0,정상,0.0,0.0,정상,True
2020 10 30 03:38:29,0.0,정상,0.0,0.0,정상,True
2020 10 30 03:38:34,0.0,정상,0.0,0.0,정상,True
2020 10 30 03:38:39,0.0,정상,0.0,0.0,정상,True
2020 10 30 03:38:44,0.0,정상,0.0,0.0,정상,True
2020 10 30 03:38:49,0.0,정상,0.0,0.0,정상,True
2020 10 30 03:38:54,0.0,정상,0.0,0.0,정상,True
2020 10 30 03:38:59,0.0,정상,0.0,0.0,정상,True
2020 10 30 03:39:04,0.0,정상,0.0,0.0,정상,True
2020 10 30 03:39:09,0.0,정상,0.0,0.0,정상,True
2020 10 30 03:39:14,0.0,정상,0.0,0.0,정상,True
2020 10 30 03:39:19,0.0,정상,0.0,0.0,정상,True
2020 10 30 03:39:24,0.0,정상,0.0,0.0,정상,True
2020 10 30 03:39:29,0.0,정상,0.0,0.0,정상,True
2020 10 30 03:39:34,0.0,정상,0.0,0.0,정상,True
2020 10 30 03:39:39,0.0,정상,0.0,0.0,정상,True
2020 10 30 03:39:44,0.0,정상,0.0,0.0,정상,True
2020 10 30 03:39:49,0.0,정상,0.0,0.0,정상,True
2020 10 30 03:39:54,0.0,정상,0.0,0.0,정상,True
2020 10 30 03:39:59,0.0,정상,0.0,0.0,정상,True
2020 10 30 03:40:04,0.0,정상,0.0,0.0,정상,True
2020 10 30 03:40:09,0.0,정상,0.0,0.0,정상,True
2020 10 30 03:40:14,0.0,정상,0.0,0.0,정상,True
2020 10 30 03:40:19,0.0,정상,0.0,0.0,정상,True
2020 10 30 03:40:24,0.0,정상,0.0,0.0,정상,True
2020 10 30 03:40:29,0.0,정상,0.0,0.0,정상,True
2020 10 30 03:40:34,0.0,정상,0.0,0.0,정상,True
2020 10 30 03:40:39,0.0,정상,0.0,0.0,정상,True
2020 10 30 03:40:44,0.0,정상,0.0,0.0,정상,True
2020 10 30 03:40:49,0.0,정상,0.0,0.0,정상,True
2020 10 30 03:40:54,0.0,정상,0.0,0.0,정상,True
2020 10 30 03:40:59,0.0,정상,0.0,0.0,정상,True
2020 10 30 03:41:04,0.0,정상,0.0,0.0,정상,True
2020 10 30 03:41:09,0.0,정상,0.0,0.0,정상,True
2020 10 30 03:41:14,0.0,정상,0.0,0.0,정상,True
2020 10 30 03:41:19,0.0,정상,0.0,0.0,정상,True
2020 10 30 03:41:24,0.0,정상,0.0,0.0,정상,True
2020 10 30 03:41:29,0.0,정상,0.0,0.0,정상,True
2020 10 30 03:41:34,0.0,정상,0.0,0.0,정상,True
2020 10 30 03:41:39,0.0,정상,0.0,0.0,정상,True
2020 10 30 03:41:44,0.0,정상,0.0,0.0,정상,True
2020 10 30 03:41:49,0.0,정상,0.0,0.0,정상,True
2020 10 30 03:41:54,0.0,정상,0.0,0.0,정상,True
2020 10 30 03:41:59,0.0,정상,0.0,0.0,정상,True
2020 10 30 03:42:04,0.0,정상,0.0,0.0,정상,True
2020 10 30 03:42:09,0.0,정상,0.0,0.0,정상,True
2020 10 30 03:42:14,0.0,정상,0.0,0.0,정상,True
2020 10 30 03:42:19,0.0,정상,0.0,0.0,정상,True
2020 10 30 03:42:24,0.0,정상,0.0,0.0,정상,True
2020 10 30 03:42:29,0.0,정상,0.0,0.0,정상,True
2020 10 30 03:42:34,0.0,정상,0.0,0.0,정상,True
2020 10 30 03:42:39,0.0,정상,0.0,0.0,정상,True
2020 10 30 03:42:44,0.0,정상,0.0,0.0,정상,True
2020 10 30 03:42:49,0.0,정상,0.0,0.0,정상,True
2020 10 30 03:42:54,0.0,정상,0.0,0.0,정상,True
2020 10 30 03:42:59,0.0,정상,0.0,0.0,정상,True
2020 10 30 03:43:04,0.0,정상,0.0,0.0,정상,True
2020 10 30 03:43:09,0.0,정상,0.0,0.0,정상,True
2020 10 30 03:43:14,0.0,정상,0.0,0.0,정상,True
2020 10 30 03:43:19,0.0,정상,0.0,0.0,정상,True
2020 10 30 03:43:24,0.0,정상,0.0,0.0,정상,True
2020 10 30 03:43:29,0.0,정상,0.0,0.0,정상,True
2020 10 30 03:43:34,0.0,정상,0.0,0.0,정상,True
2020 10 30 03:43:39,0.0,정상,0.0,0.0,정상,True
2020 10 30 03:43:44,0.0,정상,0.0,0.0,정상,True
2020 10 30 03:43:49,0.0,정상,0.0,0.0,정상,True
2020 10 30 03:43:54,0.0,정상,0.0,0.0,정상,True
2020 10 30 03:43:59,0.0,정상,0.0,0.0,정상,True
2020 10 30 03:44:04,0.0,정상,0.0,0.0,정상,True
2020 10 30 03:44:09,0.0,정상,0.0,0.0,정상,True
2020 10 30 03:44:14,0.0,정상,0.0,0.0,정상,True
2020 10 30 03:44:19,0.0,정상,0.0,0.0,정상,True
2020 10 30 03:44:24,0.0,정상,0.0,0.0,정상,True
2020 10 30 03:44:29,0.0,정상,0.0,0.0,정상,True
2020 10 30 03:44:34,0.0,정상,0.0,0.0,정상,True
2020 10 30 03:44:39,0.0,정상,0.0,0.0,정상,True
2020 10 30 03:44:44,0.0,정상,0.0,0.0,정상,True
2020 10 30 03:44:49,0.0,정상,0.0,0.0,정상,True
2020 10 30 03:44:54,0.0,정상,0.0,0.0,정상,True
2020 10 30 03:44:59,0.0,정상,0.0,0.0,정상,True
2020 10 30 03:45:04,0.0,정상,0.0,0.0,정상,True
2020 10 30 03:45:09,0.0,정상,0.0,0.0,정상,True
2020 10 30 03:45:14,0.0,정상,0.0,0.0,정상,True
2020 10 30 03:45:19,0.0,정상,0.0,0.0,정상,True
2020 10 30 03:45:24,0.0,정상,0.0,0.0,정상,True
2020 10 30 03:45:29,0.0,정상,0.0,0.0,정상,True
2020 10 30 03:45:34,0.0,정상,0.0,0.0,정상,True
2020 10 30 03:45:39,0.0,정상,0.0,0.0,정상,True
2020 10 30 03:45:44,0.0,정상,0.0,0.0,정상,True
2020 10 30 03:45:49,0.0,정상,0.0,0.0,정상,True
2020 10 30 03:45:54,0.0,정상,0.0,0.0,정상,True
2020 10 30 03:45:59,0.0,정상,0.0,0.0,정상,True
2020 10 30 03:46:04,0.0,정상,0.0,0.0,정상,True
2020 10 30 03:46:09,0.0,정상,0.0,0.0,정상,True
2020 10 30 03:46:14,0.0,정상,0.0,0.0,정상,True
2020 10 30 03:46:19,0.0,정상,0.0,0.0,정상,True
2020 10 30 03:46:24,0.0,정상,0.0,0.0,정상,True
2020 10 30 03:46:29,0.0,정상,0.0,0.0,정상,True
2020 10 30 03:46:34,0.0,정상,0.0,0.0,정상,True
2020 10 30 03:46:39,0.0,정상,0.0,0.0,정상,True
2020 10 30 03:46:44,0.0,정상,0.0,0.0,정상,True
2020 10 30 03:46:49,0.0,정상,0.0,0.0,정상,True
2020 10 30 03:46:54,0.0,정상,0.0,0.0,정상,True
2020 10 30 03:46:59,0.0,정상,0.0,0.0,정상,True
2020 10 30 03:47:04,0.0,정상,0.0,0.0,정상,True
2020 10 30 03:47:09,0.0,정상,0.0,0.0,정상,True
2020 10 30 03:47:14,0.0,정상,0.0,0.0,정상,True
2020 10 30 03:47:19,0.0,정상,0.0,0.0,정상,True
2020 10 30 03:47:24,0.0,정상,0.0,0.0,정상,True
2020 10 30 03:47:29,0.0,정상,0.0,0.0,정상,True
2020 10 30 03:47:34,0.0,정상,0.0,0.0,정상,True
2020 10 30 03:47:39,0.0,정상,0.0,0.0,정상,True
2020 10 30 03:47:44,0.0,정상,0.0,0.0,정상,True
2020 10 30 03:47:49,0.0,정상,0.0,0.0,정상,True
2020 10 30 03:47:54,0.0,정상,0.0,0.0,정상,True
2020 10 30 03:47:59,0.0,정상,0.0,0.0,정상,True
2020 10 30 03:48:04,0.0,정상,0.0,0.0,정상,True
2020 10 30 03:48:09,0.0,정상,0.0,0.0,정상,True
2020 10 30 03:48:14,0.0,정상,0.0,0.0,정상,True
2020 10 30 03:48:19,0.0,정상,0.0,0.0,정상,True
2020 10 30 03:48:24,0.0,정상,0.0,0.0,정상,True
2020 10 30 03:48:29,0.0,정상,0.0,0.0,정상,True
2020 10 30 03:48:34,0.0,정상,0.0,0.0,정상,True
2020 10 30 03:48:39,0.0,정상,0.0,0.0,정상,True
2020 10 30 03:48:44,0.0,정상,0.0,0.0,정상,True
2020 10 30 03:48:49,0.0,정상,0.0,0.0,정상,True
2020 10 30 03:48:54,0.0,정상,0.0,0.0,정상,True
2020 10 30 03:48:59,0.0,정상,0.0,0.0,정상,True
2020 10 30 03:49:04,0.0,정상,0.0,0.0,정상,True
2020 10 30 03:49:09,0.0,정상,0.0,0.0,정상,True
2020 10 30 03:49:14,0.0,정상,0.0,0.0,정상,True
2020 10 30 03:49:19,0.0,정상,0.0,0.0,정상,True
2020 10 30 03:49:24,0.0,정상,0.0,0.0,정상,True
2020 10 30 03:49:29,0.0,정상,0.0,0.0,정상,True
2020 10 30 03:49:34,0.0,정상,0.0,0.0,정상,True
2020 10 30 03:49:39,0.0,정상,0.0,0.0,정상,True
2020 10 30 03:49:44,0.0,정상,0.0,0.0,정상,True
2020 10 30 03:49:49,0.0,정상,0.0,0.0,정상,True
2020 10 30 03:49:54,0.0,정상,0.0,0.0,정상,True
2020 10 30 03:49:59,0.0,정상,0.0,0.0,정상,True
2020 10 30 03:50:04,0.0,정상,0.0,0.0,정상,True
2020 10 30 03:50:09,0.0,정상,0.0,0.0,정상,True
2020 10 30 03:50:14,0.0,정상,0.0,0.0,정상,True
2020 10 30 03:50:19,0.0,정상,0.0,0.0,정상,True
2020 10 30 03:50:24,0.0,정상,0.0,0.0,정상,True
2020 10 30 03:50:29,0.0,정상,0.0,0.0,정상,True
2020 10 30 03:50:34,0.0,정상,0.0,0.0,정상,True
2020 10 30 03:50:39,0.0,정상,0.0,0.0,정상,True
2020 10 30 03:50:44,0.0,정상,0.0,0.0,정상,True
2020 10 30 03:50:49,0.0,정상,0.0,0.0,정상,True
2020 10 30 03:50:54,0.0,정상,0.0,0.0,정상,True
2020 10 30 03:50:59,0.0,정상,0.0,0.0,정상,True
2020 10 30 03:51:04,0.0,정상,0.0,0.0,정상,True
2020 10 30 03:51:09,0.0,정상,0.0,0.0,정상,True
2020 10 30 03:51:14,0.0,정상,0.0,0.0,정상,True
2020 10 30 03:51:19,0.0,정상,0.0,0.0,정상,True
2020 10 30 03:51:24,0.0,정상,0.0,0.0,정상,True
2020 10 30 03:51:29,0.0,정상,0.0,0.0,정상,True
2020 10 30 03:51:34,0.0,정상,0.0,0.0,정상,True
2020 10 30 03:51:39,0.0,정상,0.0,0.0,정상,True
2020 10 30 03:51:44,0.0,정상,0.0,0.0,정상,True
2020 10 30 03:51:49,0.0,정상,0.0,0.0,정상,True
2020 10 30 03:51:54,0.0,정상,0.0,0.0,정상,True
2020 10 30 03:51:59,0.0,정상,0.0,0.0,정상,True
2020 10 30 03:52:04,0.0,정상,0.0,0.0,정상,True
2020 10 30 03:52:09,0.0,정상,0.0,0.0,정상,True
2020 10 30 03:52:14,0.0,정상,0.0,0.0,정상,True
2020 10 30 03:52:19,0.0,정상,0.0,0.0,정상,True
2020 10 30 03:52:24,0.0,정상,0.0,0.0,정상,True
2020 10 30 03:52:29,0.0,정상,0.0,0.0,정상,True
2020 10 30 03:52:34,0.0,정상,0.0,0.0,정상,True
2020 10 30 03:52:39,0.0,정상,0.0,0.0,정상,True
2020 10 30 03:52:44,0.0,정상,0.0,0.0,정상,True
2020 10 30 03:52:49,0.0,정상,0.0,0.0,정상,True
2020 10 30 03:52:54,0.0,정상,0.0,0.0,정상,True
2020 10 30 03:52:59,0.0,정상,0.0,0.0,정상,True
2020 10 30 03:53:04,0.0,정상,0.0,0.0,정상,True
2020 10 30 03:53:09,0.0,정상,0.0,0.0,정상,True
2020 10 30 03:53:14,0.0,정상,0.0,0.0,정상,True
2020 10 30 03:53:19,0.0,정상,0.0,0.0,정상,True
2020 10 30 03:53:24,0.0,정상,0.0,0.0,정상,True
2020 10 30 03:53:29,0.0,정상,0.0,0.0,정상,True
2020 10 30 03:53:34,0.0,정상,0.0,0.0,정상,True
2020 10 30 03:53:39,0.0,정상,0.0,0.0,정상,True
2020 10 30 03:53:44,0.0,정상,0.0,0.0,정상,True
2020 10 30 03:53:49,0.0,정상,0.0,0.0,정상,True
2020 10 30 03:53:54,0.0,정상,0.0,0.0,정상,True
2020 10 30 03:53:59,0.0,정상,0.0,0.0,정상,True
2020 10 30 03:54:04,0.0,정상,0.0,0.0,정상,True
2020 10 30 03:54:09,0.0,정상,0.0,0.0,정상,True
2020 10 30 03:54:14,0.0,정상,0.0,0.0,정상,True
2020 10 30 03:54:19,0.0,정상,0.0,0.0,정상,True
2020 10 30 03:54:24,0.0,정상,0.0,0.0,정상,True
2020 10 30 03:54:29,0.0,정상,0.0,0.0,정상,True
2020 10 30 03:54:34,0.0,정상,0.0,0.0,정상,True
2020 10 30 03:54:39,0.0,정상,0.0,0.0,정상,True
2020 10 30 03:54:44,0.0,정상,0.0,0.0,정상,True
2020 10 30 03:54:49,0.0,정상,0.0,0.0,정상,True
2020 10 30 03:54:54,0.0,정상,0.0,0.0,정상,True
2020 10 30 03:54:59,0.0,정상,0.0,0.0,정상,True
2020 10 30 03:55:04,0.0,정상,0.0,0.0,정상,True
2020 10 30 03:55:09,0.0,정상,0.0,0.0,정상,True
2020 10 30 03:55:14,0.0,정상,0.0,0.0,정상,True
2020 10 30 03:55:19,0.0,정상,0.0,0.0,정상,True
2020 10 30 03:55:24,0.0,정상,0.0,0.0,정상,True
2020 10 30 03:55:29,0.0,정상,0.0,0.0,정상,True
2020 10 30 03:55:34,0.0,정상,0.0,0.0,정상,True
2020 10 30 03:55:39,0.0,정상,0.0,0.0,정상,True
2020 10 30 03:55:44,0.0,정상,0.0,0.0,정상,True
2020 10 30 03:55:49,0.0,정상,0.0,0.0,정상,True
2020 10 30 03:55:54,0.0,정상,0.0,0.0,정상,True
2020 10 30 03:55:59,0.0,정상,0.0,0.0,정상,True
2020 10 30 03:56:04,0.0,정상,0.0,0.0,정상,True
2020 10 30 03:56:09,0.0,정상,0.0,0.0,정상,True
2020 10 30 03:56:14,0.0,정상,0.0,0.0,정상,True
2020 10 30 03:56:19,0.0,정상,0.0,0.0,정상,True
2020 10 30 03:56:24,0.0,정상,0.0,0.0,정상,True
2020 10 30 03:56:29,0.0,정상,0.0,0.0,정상,True
2020 10 30 03:56:34,0.0,정상,0.0,0.0,정상,True
2020 10 30 03:56:39,0.0,정상,0.0,0.0,정상,True
2020 10 30 03:56:44,0.0,정상,0.0,0.0,정상,True
2020 10 30 03:56:49,0.0,정상,0.0,0.0,정상,True
2020 10 30 03:56:54,0.0,정상,0.0,0.0,정상,True
2020 10 30 03:56:59,0.0,정상,0.0,0.0,정상,True
2020 10 30 03:57:04,0.0,정상,0.0,0.0,정상,True
2020 10 30 03:57:09,0.0,정상,0.0,0.0,정상,True
2020 10 30 03:57:14,0.0,정상,0.0,0.0,정상,True
2020 10 30 03:57:19,0.0,정상,0.0,0.0,정상,True
2020 10 30 03:57:24,0.0,정상,0.0,0.0,정상,True
2020 10 30 03:57:29,0.0,정상,0.0,0.0,정상,True
2020 10 30 03:57:34,0.0,정상,0.0,0.0,정상,True
2020 10 30 03:57:39,0.0,정상,0.0,0.0,정상,True
2020 10 30 03:57:44,0.0,정상,0.0,0.0,정상,True
2020 10 30 03:57:49,0.0,정상,0.0,0.0,정상,True
2020 10 30 03:57:54,0.0,정상,0.0,0.0,정상,True
2020 10 30 03:57:59,0.0,정상,0.0,0.0,정상,True
2020 10 30 03:58:04,0.0,정상,0.0,0.0,정상,True
2020 10 30 03:58:09,0.0,정상,0.0,0.0,정상,True
2020 10 30 03:58:14,0.0,정상,0.0,0.0,정상,True
2020 10 30 03:58:19,0.0,정상,0.0,0.0,정상,True
2020 10 30 03:58:24,0.0,정상,0.0,0.0,정상,True
2020 10 30 03:58:29,0.0,정상,0.0,0.0,정상,True
2020 10 30 03:58:34,0.0,정상,0.0,0.0,정상,True
2020 10 30 03:58:39,0.0,정상,0.0,0.0,정상,True
2020 10 30 03:58:44,0.0,정상,0.0,0.0,정상,True
2020 10 30 03:58:49,0.0,정상,0.0,0.0,정상,True
2020 10 30 03:58:54,0.0,정상,0.0,0.0,정상,True
2020 10 30 03:58:59,0.0,정상,0.0,0.0,정상,True
2020 10 30 03:59:04,0.0,정상,0.0,0.0,정상,True
2020 10 30 03:59:09,0.0,정상,0.0,0.0,정상,True
2020 10 30 03:59:14,0.0,정상,0.0,0.0,정상,True
2020 10 30 03:59:19,0.0,정상,0.0,0.0,정상,True
2020 10 30 03:59:24,0.0,정상,0.0,0.0,정상,True
2020 10 30 03:59:29,0.0,정상,0.0,0.0,정상,True
2020 10 30 03:59:34,0.0,정상,0.0,0.0,정상,True
2020 10 30 03:59:39,0.0,정상,0.0,0.0,정상,True
2020 10 30 03:59:44,0.0,정상,0.0,0.0,정상,True
2020 10 30 03:59:49,0.0,정상,0.0,0.0,정상,True
2020 10 30 03:59:54,0.0,정상,0.0,0.0,정상,True
2020 10 30 03:59:59,0.0,정상,0.0,0.0,정상,True
2020 10 30 04:00:04,0.0,정상,0.0,0.0,정상,True
2020 10 30 04:00:09,0.0,정상,0.0,0.0,정상,True
2020 10 30 04:00:14,0.0,정상,0.0,0.0,정상,True
2020 10 30 04:00:19,0.0,정상,0.0,0.0,정상,True
2020 10 30 04:00:24,0.0,정상,0.0,0.0,정상,True
2020 10 30 04:00:29,0.0,정상,0.0,0.0,정상,True
2020 10 30 04:00:34,0.0,정상,0.0,0.0,정상,True
2020 10 30 04:00:39,0.0,정상,0.0,0.0,정상,True
2020 10 30 04:00:44,0.0,정상,0.0,0.0,정상,True
2020 10 30 04:00:49,0.0,정상,0.0,0.0,정상,True
2020 10 30 04:00:54,0.0,정상,0.0,0.0,정상,True
2020 10 30 04:00:59,0.0,정상,0.0,0.0,정상,True
2020 10 30 04:01:04,0.0,정상,0.0,0.0,정상,True
2020 10 30 04:01:09,0.0,정상,0.0,0.0,정상,True
2020 10 30 04:01:14,0.0,정상,0.0,0.0,정상,True
2020 10 30 04:01:19,0.0,정상,0.0,0.0,정상,True
2020 10 30 04:01:24,0.0,정상,0.0,0.0,정상,True
2020 10 30 04:01:29,0.0,정상,0.0,0.0,정상,True
2020 10 30 04:01:34,0.0,정상,0.0,0.0,정상,True
2020 10 30 04:01:39,0.0,정상,0.0,0.0,정상,True
2020 10 30 04:01:44,0.0,정상,0.0,0.0,정상,True
2020 10 30 04:01:49,0.0,정상,0.0,0.0,정상,True
2020 10 30 04:01:54,0.0,정상,0.0,0.0,정상,True
2020 10 30 04:01:59,0.0,정상,0.0,0.0,정상,True
2020 10 30 04:02:04,0.0,정상,0.0,0.0,정상,True
2020 10 30 04:02:09,0.0,정상,0.0,0.0,정상,True
2020 10 30 04:02:14,0.0,정상,0.0,0.0,정상,True
2020 10 30 04:02:19,0.0,정상,0.0,0.0,정상,True
2020 10 30 04:02:24,0.0,정상,0.0,0.0,정상,True
2020 10 30 04:02:29,0.0,정상,0.0,0.0,정상,True
2020 10 30 04:02:34,0.0,정상,0.0,0.0,정상,True
2020 10 30 04:02:39,0.0,정상,0.0,0.0,정상,True
2020 10 30 04:02:44,0.0,정상,0.0,0.0,정상,True
2020 10 30 04:02:49,0.0,정상,0.0,0.0,정상,True
2020 10 30 04:02:54,0.0,정상,0.0,0.0,정상,True
2020 10 30 04:02:59,0.0,정상,0.0,0.0,정상,True
2020 10 30 04:03:04,0.0,정상,0.0,0.0,정상,True
2020 10 30 04:03:09,0.0,정상,0.0,0.0,정상,True
2020 10 30 04:03:14,0.0,정상,0.0,0.0,정상,True
2020 10 30 04:03:19,0.0,정상,0.0,0.0,정상,True
2020 10 30 04:03:24,0.0,정상,0.0,0.0,정상,True
2020 10 30 04:03:29,0.0,정상,0.0,0.0,정상,True
2020 10 30 04:03:34,0.0,정상,0.0,0.0,정상,True
2020 10 30 04:03:39,0.0,정상,0.0,0.0,정상,True
2020 10 30 04:03:44,0.0,정상,0.0,0.0,정상,True
2020 10 30 04:03:49,0.0,정상,0.0,0.0,정상,True
2020 10 30 04:03:54,0.0,정상,0.0,0.0,정상,True
2020 10 30 04:03:59,0.0,정상,0.0,0.0,정상,True
2020 10 30 04:04:04,0.0,정상,0.0,0.0,정상,True
2020 10 30 04:04:09,0.0,정상,0.0,0.0,정상,True
2020 10 30 04:04:14,0.0,정상,0.0,0.0,정상,True
2020 10 30 04:04:19,0.0,정상,0.0,0.0,정상,True
2020 10 30 04:04:24,0.0,정상,0.0,0.0,정상,True
2020 10 30 04:04:29,0.0,정상,0.0,0.0,정상,True
2020 10 30 04:04:34,0.0,정상,0.0,0.0,정상,True
2020 10 30 04:04:39,0.0,정상,0.0,0.0,정상,True
2020 10 30 04:04:44,0.0,정상,0.0,0.0,정상,True
2020 10 30 04:04:49,0.0,정상,0.0,0.0,정상,True
2020 10 30 04:04:54,0.0,정상,0.0,0.0,정상,True
2020 10 30 04:04:59,0.0,정상,0.0,0.0,정상,True
2020 10 30 04:05:04,0.0,정상,0.0,0.0,정상,True
2020 10 30 04:05:09,0.0,정상,0.0,0.0,정상,True
2020 10 30 04:05:14,0.0,정상,0.0,0.0,정상,True
2020 10 30 04:05:19,0.0,정상,0.0,0.0,정상,True
2020 10 30 04:05:24,0.0,정상,0.0,0.0,정상,True
2020 10 30 04:05:29,0.0,정상,0.0,0.0,정상,True
2020 10 30 04:05:34,0.0,정상,0.0,0.0,정상,True
2020 10 30 04:05:39,0.0,정상,0.0,0.0,정상,True
2020 10 30 04:05:44,0.0,정상,0.0,0.0,정상,True
2020 10 30 04:05:49,0.0,정상,0.0,0.0,정상,True
2020 10 30 04:05:54,0.0,정상,0.0,0.0,정상,True
2020 10 30 04:05:59,0.0,정상,0.0,0.0,정상,True
2020 10 30 04:06:04,0.0,정상,0.0,0.0,정상,True
2020 10 30 04:06:09,0.0,정상,0.0,0.0,정상,True
2020 10 30 04:06:14,0.0,정상,0.0,0.0,정상,True
2020 10 30 04:06:19,0.0,정상,0.0,0.0,정상,True
2020 10 30 04:06:24,0.0,정상,0.0,0.0,정상,True
2020 10 30 04:06:29,0.0,정상,0.0,0.0,정상,True
2020 10 30 04:06:34,0.0,정상,0.0,0.0,정상,True
2020 10 30 04:06:39,0.0,정상,0.0,0.0,정상,True
2020 10 30 04:06:44,0.0,정상,0.0,0.0,정상,True
2020 10 30 04:06:49,0.0,정상,0.0,0.0,정상,True
2020 10 30 04:06:54,0.0,정상,0.0,0.0,정상,True
2020 10 30 04:06:59,0.0,정상,0.0,0.0,정상,True
2020 10 30 04:07:04,0.0,정상,0.0,0.0,정상,True
2020 10 30 04:07:09,0.0,정상,0.0,0.0,정상,True
2020 10 30 04:07:14,0.0,정상,0.0,0.0,정상,True
2020 10 30 04:07:19,0.0,정상,0.0,0.0,정상,True
2020 10 30 04:07:24,0.0,정상,0.0,0.0,정상,True
2020 10 30 04:07:29,0.0,정상,0.0,0.0,정상,True
2020 10 30 04:07:34,0.0,정상,0.0,0.0,정상,True
2020 10 30 04:07:39,0.0,정상,0.0,0.0,정상,True
2020 10 30 04:07:44,0.0,정상,0.0,0.0,정상,True
2020 10 30 04:07:49,0.0,정상,0.0,0.0,정상,True
2020 10 30 04:07:54,0.0,정상,0.0,0.0,정상,True
2020 10 30 04:07:59,0.0,정상,0.0,0.0,정상,True
2020 10 30 04:08:04,0.0,정상,0.0,0.0,정상,True
2020 10 30 04:08:09,0.0,정상,0.0,0.0,정상,True
2020 10 30 04:08:14,0.0,정상,0.0,0.0,정상,True
2020 10 30 04:08:19,0.0,정상,0.0,0.0,정상,True
2020 10 30 04:08:24,0.0,정상,0.0,0.0,정상,True
2020 10 30 04:08:29,0.0,정상,0.0,0.0,정상,True
2020 10 30 04:08:34,0.0,정상,0.0,0.0,정상,True
2020 10 30 04:08:39,0.0,정상,0.0,0.0,정상,True
2020 10 30 04:08:44,0.0,정상,0.0,0.0,정상,True
2020 10 30 04:08:49,0.0,정상,0.0,0.0,정상,True
2020 10 30 04:08:54,0.0,정상,0.0,0.0,정상,True
2020 10 30 04:08:59,0.0,정상,0.0,0.0,정상,True
2020 10 30 04:09:04,0.0,정상,0.0,0.0,정상,True
2020 10 30 04:09:09,0.0,정상,0.0,0.0,정상,True
2020 10 30 04:09:14,0.0,정상,0.0,0.0,정상,True
2020 10 30 04:09:19,0.0,정상,0.0,0.0,정상,True
2020 10 30 04:09:24,0.0,정상,0.0,0.0,정상,True
2020 10 30 04:09:29,0.0,정상,0.0,0.0,정상,True
2020 10 30 04:09:34,0.0,정상,0.0,0.0,정상,True
2020 10 30 04:09:39,0.0,정상,0.0,0.0,정상,True
2020 10 30 04:09:44,0.0,정상,0.0,0.0,정상,True
2020 10 30 04:09:49,0.0,정상,0.0,0.0,정상,True
2020 10 30 04:09:54,0.0,정상,0.0,0.0,정상,True
2020 10 30 04:09:59,0.0,정상,0.0,0.0,정상,True
2020 10 30 04:10:04,0.0,정상,0.0,0.0,정상,True
2020 10 30 04:10:09,0.0,정상,0.0,0.0,정상,True
2020 10 30 04:10:14,0.0,정상,0.0,0.0,정상,True
2020 10 30 04:10:19,0.0,정상,0.0,0.0,정상,True
2020 10 30 04:10:24,0.0,정상,0.0,0.0,정상,True
2020 10 30 04:10:29,0.0,정상,0.0,0.0,정상,True
2020 10 30 04:10:34,0.0,정상,0.0,0.0,정상,True
2020 10 30 04:10:39,0.0,정상,0.0,0.0,정상,True
2020 10 30 04:10:44,0.0,정상,0.0,0.0,정상,True
2020 10 30 04:10:49,0.0,정상,0.0,0.0,정상,True
2020 10 30 04:10:54,0.0,정상,0.0,0.0,정상,True
2020 10 30 04:10:59,0.0,정상,0.0,0.0,정상,True
2020 10 30 04:11:04,0.0,정상,0.0,0.0,정상,True
2020 10 30 04:11:09,0.0,정상,0.0,0.0,정상,True
2020 10 30 04:11:14,0.0,정상,0.0,0.0,정상,True
2020 10 30 04:11:19,0.0,정상,0.0,0.0,정상,True
2020 10 30 04:11:24,0.0,정상,0.0,0.0,정상,True
2020 10 30 04:11:29,0.0,정상,0.0,0.0,정상,True
2020 10 30 04:11:34,0.0,정상,0.0,0.0,정상,True
2020 10 30 04:11:39,0.0,정상,0.0,0.0,정상,True
2020 10 30 04:11:44,0.0,정상,0.0,0.0,정상,True
2020 10 30 04:11:49,0.0,정상,0.0,0.0,정상,True
2020 10 30 04:11:54,0.0,정상,0.0,0.0,정상,True
2020 10 30 04:11:59,0.0,정상,0.0,0.0,정상,True
2020 10 30 04:12:04,0.0,정상,0.0,0.0,정상,True
2020 10 30 04:12:09,0.0,정상,0.0,0.0,정상,True
2020 10 30 04:12:14,0.0,정상,0.0,0.0,정상,True
2020 10 30 04:12:19,0.0,정상,0.0,0.0,정상,True
2020 10 30 04:12:24,0.0,정상,0.0,0.0,정상,True
2020 10 30 04:12:29,0.0,정상,0.0,0.0,정상,True
2020 10 30 04:12:34,0.0,정상,0.0,0.0,정상,True
2020 10 30 04:12:39,0.0,정상,0.0,0.0,정상,True
2020 10 30 04:12:44,0.0,정상,0.0,0.0,정상,True
2020 10 30 04:12:49,0.0,정상,0.04,0.0,정상,True
2020 10 30 04:12:54,0.0,정상,0.0,0.0,정상,True
2020 10 30 04:12:59,0.0,정상,0.0,0.0,정상,True
2020 10 30 04:13:04,0.0,정상,0.0,0.0,정상,True
2020 10 30 04:13:09,0.0,정상,0.0,0.0,정상,True
2020 10 30 04:13:14,0.0,정상,0.0,0.0,정상,True
2020 10 30 04:13:19,0.0,정상,0.0,0.0,정상,True
2020 10 30 04:13:24,0.0,정상,0.0,0.0,정상,True
2020 10 30 04:13:29,0.0,정상,0.0,0.0,정상,True
2020 10 30 04:13:34,0.0,정상,0.0,0.0,정상,True
2020 10 30 04:13:39,0.0,정상,0.0,0.0,정상,True
2020 10 30 04:13:44,0.0,정상,0.0,0.0,정상,True
2020 10 30 04:13:49,0.0,정상,0.0,0.0,정상,True
2020 10 30 04:13:54,0.0,정상,0.0,0.0,정상,True
2020 10 30 04:13:59,0.0,정상,0.0,0.0,정상,True
2020 10 30 04:14:04,0.0,정상,0.0,0.0,정상,True
2020 10 30 04:14:09,0.0,정상,0.0,0.0,정상,True
2020 10 30 04:14:14,0.0,정상,0.0,0.0,정상,True
2020 10 30 04:14:19,0.0,정상,0.0,0.0,정상,True
2020 10 30 04:14:24,0.0,정상,0.0,0.0,정상,True
2020 10 30 04:14:29,0.0,정상,0.0,0.0,정상,True
2020 10 30 04:14:34,0.0,정상,0.0,0.0,정상,True
2020 10 30 04:14:39,0.0,정상,0.0,0.0,정상,True
2020 10 30 04:14:44,0.0,정상,0.0,0.0,정상,True
2020 10 30 04:14:49,0.0,정상,0.0,0.0,정상,True
2020 10 30 04:14:54,0.0,정상,0.0,0.0,정상,True
2020 10 30 04:14:59,0.0,정상,0.0,0.0,정상,True
2020 10 30 04:15:04,0.0,정상,0.0,0.0,정상,True
2020 10 30 04:15:09,0.0,정상,0.0,0.0,정상,True
2020 10 30 04:15:14,0.0,정상,0.0,0.0,정상,True
2020 10 30 04:15:19,0.0,정상,0.0,0.0,정상,True
2020 10 30 04:15:24,0.0,정상,0.0,0.0,정상,True
2020 10 30 04:15:29,0.0,정상,0.0,0.0,정상,True
2020 10 30 04:15:34,0.0,정상,0.0,0.0,정상,True
2020 10 30 04:15:39,0.0,정상,0.0,0.0,정상,True
2020 10 30 04:15:44,0.0,정상,0.0,0.0,정상,True
2020 10 30 04:15:49,0.0,정상,0.0,0.0,정상,True
2020 10 30 04:15:54,0.0,정상,0.0,0.0,정상,True
2020 10 30 04:15:59,0.0,정상,0.0,0.0,정상,True
2020 10 30 04:16:04,0.0,정상,0.0,0.0,정상,True
2020 10 30 04:16:09,0.0,정상,0.0,0.0,정상,True
2020 10 30 04:16:14,0.0,정상,0.0,0.0,정상,True
2020 10 30 04:16:19,0.0,정상,0.0,0.0,정상,True
2020 10 30 04:16:24,0.0,정상,0.0,0.0,정상,True
2020 10 30 04:16:29,0.0,정상,0.0,0.0,정상,True
2020 10 30 04:16:34,0.0,정상,0.0,0.0,정상,True
2020 10 30 04:16:39,0.0,정상,0.0,0.0,정상,True
2020 10 30 04:16:44,0.0,정상,0.0,0.0,정상,True
2020 10 30 04:16:49,0.0,정상,0.0,0.0,정상,True
2020 10 30 04:16:54,0.0,정상,0.0,0.0,정상,True
2020 10 30 04:16:59,0.0,정상,0.0,0.0,정상,True
2020 10 30 04:17:04,0.0,정상,0.0,0.0,정상,True
2020 10 30 04:17:09,0.0,정상,0.0,0.0,정상,True
2020 10 30 04:17:14,0.0,정상,0.0,0.0,정상,True
2020 10 30 04:17:19,0.0,정상,0.0,0.0,정상,True
2020 10 30 04:17:24,0.0,정상,0.0,0.0,정상,True
2020 10 30 04:17:29,0.0,정상,0.0,0.0,정상,True
2020 10 30 04:17:34,0.0,정상,0.0,0.0,정상,True
2020 10 30 04:17:39,0.0,정상,0.0,0.0,정상,True
2020 10 30 04:17:44,0.0,정상,0.0,0.0,정상,True
2020 10 30 04:17:49,0.0,정상,0.0,0.0,정상,True
2020 10 30 04:17:54,0.0,정상,0.0,0.0,정상,True
2020 10 30 04:17:59,0.0,정상,0.0,0.0,정상,True
2020 10 30 04:18:04,0.0,정상,0.0,0.0,정상,True
2020 10 30 04:18:09,0.0,정상,0.0,0.0,정상,True
2020 10 30 04:18:14,0.0,정상,0.0,0.0,정상,True
2020 10 30 04:18:19,0.0,정상,0.0,0.0,정상,True
2020 10 30 04:18:24,0.0,정상,0.0,0.0,정상,True
2020 10 30 04:18:29,0.0,정상,0.0,0.0,정상,True
2020 10 30 04:18:34,0.0,정상,0.0,0.0,정상,True
2020 10 30 04:18:39,0.0,정상,0.0,0.0,정상,True
2020 10 30 04:18:44,0.0,정상,0.0,0.0,정상,True
2020 10 30 04:18:49,0.0,정상,0.0,0.0,정상,True
2020 10 30 04:18:54,0.0,정상,0.0,0.0,정상,True
2020 10 30 04:18:59,0.0,정상,0.0,0.0,정상,True
2020 10 30 04:19:04,0.0,정상,0.0,0.0,정상,True
2020 10 30 04:19:09,0.0,정상,0.0,0.0,정상,True
2020 10 30 04:19:14,0.0,정상,0.0,0.0,정상,True
2020 10 30 04:19:19,0.0,정상,0.0,0.0,정상,True
2020 10 30 04:19:24,0.0,정상,0.0,0.0,정상,True
2020 10 30 04:19:29,0.0,정상,0.0,0.0,정상,True
2020 10 30 04:19:34,0.0,정상,0.0,0.0,정상,True
2020 10 30 04:19:39,0.0,정상,0.0,0.0,정상,True
2020 10 30 04:19:44,0.0,정상,0.0,0.0,정상,True
2020 10 30 04:19:49,0.0,정상,0.0,0.0,정상,True
2020 10 30 04:19:54,0.0,정상,0.0,0.0,정상,True
2020 10 30 04:19:59,0.0,정상,0.0,0.0,정상,True
2020 10 30 04:20:04,0.0,정상,0.0,0.0,정상,True
2020 10 30 04:20:09,0.0,정상,0.0,0.0,정상,True
2020 10 30 04:20:14,0.0,정상,0.0,0.0,정상,True
2020 10 30 04:20:19,0.0,정상,0.0,0.0,정상,True
2020 10 30 04:20:24,0.0,정상,0.0,0.0,정상,True
2020 10 30 04:20:29,0.0,정상,0.0,0.0,정상,True
2020 10 30 04:20:34,0.0,정상,0.0,0.0,정상,True
2020 10 30 04:20:39,0.0,정상,0.0,0.0,정상,True
2020 10 30 04:20:44,0.0,정상,0.0,0.0,정상,True
2020 10 30 04:20:49,0.0,정상,0.0,0.0,정상,True
2020 10 30 04:20:54,0.0,정상,0.0,0.0,정상,True
2020 10 30 04:20:59,0.0,정상,0.0,0.0,정상,True
2020 10 30 04:21:04,0.0,정상,0.0,0.0,정상,True
2020 10 30 04:21:09,0.0,정상,0.0,0.0,정상,True
2020 10 30 04:21:14,0.0,정상,0.0,0.0,정상,True
2020 10 30 04:21:19,0.0,정상,0.0,0.0,정상,True
2020 10 30 04:21:24,0.0,정상,0.0,0.0,정상,True
2020 10 30 04:21:29,0.0,정상,0.0,0.0,정상,True
2020 10 30 04:21:34,0.0,정상,0.0,0.0,정상,True
2020 10 30 04:21:39,0.0,정상,0.0,0.0,정상,True
2020 10 30 04:21:44,0.0,정상,0.0,0.0,정상,True
2020 10 30 04:21:49,0.0,정상,0.0,0.0,정상,True
2020 10 30 04:21:54,0.0,정상,0.0,0.0,정상,True
2020 10 30 04:21:59,0.0,정상,0.0,0.0,정상,True
2020 10 30 04:22:04,0.0,정상,0.0,0.0,정상,True
2020 10 30 04:22:09,0.0,정상,0.0,0.0,정상,True
2020 10 30 04:22:14,0.0,정상,0.0,0.0,정상,True
2020 10 30 04:22:19,0.0,정상,0.0,0.0,정상,True
2020 10 30 04:22:24,0.0,정상,0.0,0.0,정상,True
2020 10 30 04:22:29,0.0,정상,0.0,0.0,정상,True
2020 10 30 04:22:34,0.0,정상,0.0,0.0,정상,True
2020 10 30 04:22:39,0.0,정상,0.0,0.0,정상,True
2020 10 30 04:22:44,0.0,정상,0.0,0.0,정상,True
2020 10 30 04:22:49,0.0,정상,0.0,0.0,정상,True
2020 10 30 04:22:54,0.0,정상,0.0,0.0,정상,True
2020 10 30 04:22:59,0.0,정상,0.0,0.0,정상,True
2020 10 30 04:23:04,0.0,정상,0.0,0.0,정상,True
2020 10 30 04:23:09,0.0,정상,0.0,0.0,정상,True
2020 10 30 04:23:14,0.0,정상,0.0,0.0,정상,True
2020 10 30 04:23:19,0.0,정상,0.0,0.0,정상,True
2020 10 30 04:23:24,0.0,정상,0.0,0.0,정상,True
2020 10 30 04:23:29,0.0,정상,0.0,0.0,정상,True
2020 10 30 04:23:34,0.0,정상,0.0,0.0,정상,True
2020 10 30 04:23:39,0.0,정상,0.0,0.0,정상,True
2020 10 30 04:23:44,0.0,정상,0.0,0.0,정상,True
2020 10 30 04:23:49,0.0,정상,0.0,0.0,정상,True
2020 10 30 04:23:54,0.0,정상,0.0,0.0,정상,True
2020 10 30 04:23:59,0.0,정상,0.0,0.0,정상,True
2020 10 30 04:24:04,0.0,정상,0.0,0.0,정상,True
2020 10 30 04:24:09,0.0,정상,0.0,0.0,정상,True
2020 10 30 04:24:14,0.0,정상,0.0,0.0,정상,True
2020 10 30 04:24:19,0.0,정상,0.0,0.0,정상,True
2020 10 30 04:24:24,0.0,정상,0.0,0.0,정상,True
2020 10 30 04:24:29,0.0,정상,0.0,0.0,정상,True
2020 10 30 04:24:34,0.0,정상,0.0,0.0,정상,True
2020 10 30 04:24:39,0.0,정상,0.0,0.0,정상,True
2020 10 30 04:24:44,0.0,정상,0.0,0.0,정상,True
2020 10 30 04:24:49,0.0,정상,0.0,0.0,정상,True
2020 10 30 04:24:54,0.0,정상,0.0,0.0,정상,True
2020 10 30 04:24:59,0.0,정상,0.0,0.0,정상,True
2020 10 30 04:25:04,0.0,정상,0.0,0.0,정상,True
2020 10 30 04:25:09,0.0,정상,0.0,0.0,정상,True
2020 10 30 04:25:14,0.0,정상,0.0,0.0,정상,True
2020 10 30 04:25:19,0.0,정상,0.0,0.0,정상,True
2020 10 30 04:25:24,0.0,정상,0.0,0.0,정상,True
2020 10 30 04:25:29,0.0,정상,0.0,0.0,정상,True
2020 10 30 04:25:34,0.0,정상,0.0,0.0,정상,True
2020 10 30 04:25:39,0.0,정상,0.0,0.0,정상,True
2020 10 30 04:25:44,0.0,정상,0.0,0.0,정상,True
2020 10 30 04:25:49,0.0,정상,0.0,0.0,정상,True
2020 10 30 04:25:54,0.0,정상,0.0,0.0,정상,True
2020 10 30 04:25:59,0.0,정상,0.0,0.0,정상,True
2020 10 30 04:26:04,0.0,정상,0.0,0.0,정상,True
2020 10 30 04:26:09,0.0,정상,0.0,0.0,정상,True
2020 10 30 04:26:14,0.0,정상,0.0,0.0,정상,True
2020 10 30 04:26:19,0.0,정상,0.0,0.0,정상,True
2020 10 30 04:26:24,0.0,정상,0.0,0.0,정상,True
2020 10 30 04:26:29,0.0,정상,0.0,0.0,정상,True
2020 10 30 04:26:34,0.0,정상,0.0,0.0,정상,True
2020 10 30 04:26:39,0.0,정상,0.0,0.0,정상,True
2020 10 30 04:26:44,0.0,정상,0.0,0.0,정상,True
2020 10 30 04:26:49,0.0,정상,0.0,0.0,정상,True
2020 10 30 04:26:54,0.0,정상,0.0,0.0,정상,True
2020 10 30 04:26:59,0.0,정상,0.0,0.0,정상,True
2020 10 30 04:27:04,0.0,정상,0.0,0.0,정상,True
2020 10 30 04:27:09,0.0,정상,0.0,0.0,정상,True
2020 10 30 04:27:14,0.0,정상,0.0,0.0,정상,True
2020 10 30 04:27:19,0.0,정상,0.0,0.0,정상,True
2020 10 30 04:27:24,0.0,정상,0.0,0.0,정상,True
2020 10 30 04:27:29,0.0,정상,0.0,0.0,정상,True
2020 10 30 04:27:34,0.0,정상,0.0,0.0,정상,True
2020 10 30 04:27:39,0.0,정상,0.0,0.0,정상,True
2020 10 30 04:27:44,0.0,정상,0.0,0.0,정상,True
2020 10 30 04:27:49,0.0,정상,0.0,0.0,정상,True
2020 10 30 04:27:54,0.0,정상,0.0,0.0,정상,True
2020 10 30 04:27:59,0.0,정상,0.0,0.0,정상,True
2020 10 30 04:28:04,0.0,정상,0.0,0.0,정상,True
2020 10 30 04:28:09,0.0,정상,0.0,0.0,정상,True
2020 10 30 04:28:14,0.0,정상,0.0,0.0,정상,True
2020 10 30 04:28:19,0.0,정상,0.0,0.0,정상,True
2020 10 30 04:28:24,0.0,정상,0.0,0.0,정상,True
2020 10 30 04:28:29,0.0,정상,0.0,0.0,정상,True
2020 10 30 04:28:34,0.0,정상,0.0,0.0,정상,True
2020 10 30 04:28:39,0.0,정상,0.0,0.0,정상,True
2020 10 30 04:28:44,0.0,정상,0.0,0.0,정상,True
2020 10 30 04:28:49,0.0,정상,0.0,0.0,정상,True
2020 10 30 04:28:54,0.0,정상,0.0,0.0,정상,True
2020 10 30 04:28:59,0.0,정상,0.0,0.0,정상,True
2020 10 30 04:29:04,0.0,정상,0.0,0.0,정상,True
2020 10 30 04:29:09,0.0,정상,0.0,0.0,정상,True
2020 10 30 04:29:14,0.0,정상,0.0,0.0,정상,True
2020 10 30 04:29:19,0.0,정상,0.0,0.0,정상,True
2020 10 30 04:29:24,0.0,정상,0.0,0.0,정상,True
2020 10 30 04:29:29,0.0,정상,0.0,0.0,정상,True
2020 10 30 04:29:34,0.0,정상,0.0,0.0,정상,True
2020 10 30 04:29:39,0.0,정상,0.0,0.0,정상,True
2020 10 30 04:29:44,0.0,정상,0.0,0.0,정상,True
2020 10 30 04:29:49,0.0,정상,0.0,0.0,정상,True
2020 10 30 04:29:54,0.0,정상,0.0,0.0,정상,True
2020 10 30 04:29:59,0.0,정상,0.0,0.0,정상,True
2020 10 30 04:30:04,0.0,정상,0.0,0.0,정상,True
2020 10 30 04:30:09,0.0,정상,0.0,0.0,정상,True
2020 10 30 04:30:14,0.0,정상,0.0,0.0,정상,True
2020 10 30 04:30:19,0.0,정상,0.0,0.0,정상,True
2020 10 30 04:30:24,0.0,정상,0.0,0.0,정상,True
2020 10 30 04:30:29,0.0,정상,0.0,0.0,정상,True
2020 10 30 04:30:34,0.0,정상,0.0,0.0,정상,True
2020 10 30 04:30:39,0.0,정상,0.0,0.0,정상,True
2020 10 30 04:30:44,0.0,정상,0.0,0.0,정상,True
2020 10 30 04:30:49,0.0,정상,0.0,0.0,정상,True
2020 10 30 04:30:54,0.0,정상,0.0,0.0,정상,True
2020 10 30 04:30:59,0.0,정상,0.0,0.0,정상,True
2020 10 30 04:31:04,0.0,정상,0.0,0.0,정상,True
2020 10 30 04:31:09,0.0,정상,0.0,0.0,정상,True
2020 10 30 04:31:14,0.0,정상,0.0,0.0,정상,True
2020 10 30 04:31:19,0.0,정상,0.0,0.0,정상,True
2020 10 30 04:31:24,0.0,정상,0.0,0.0,정상,True
2020 10 30 04:31:29,0.0,정상,0.0,0.0,정상,True
2020 10 30 04:31:34,0.0,정상,0.0,0.0,정상,True
2020 10 30 04:31:39,0.0,정상,0.0,0.0,정상,True
2020 10 30 04:31:44,0.0,정상,0.0,0.0,정상,True
2020 10 30 04:31:49,0.0,정상,0.0,0.0,정상,True
2020 10 30 04:31:54,0.0,정상,0.0,0.0,정상,True
2020 10 30 04:31:59,0.0,정상,0.0,0.0,정상,True
2020 10 30 04:32:04,0.0,정상,0.0,0.0,정상,True
2020 10 30 04:32:09,0.0,정상,0.0,0.0,정상,True
2020 10 30 04:32:14,0.0,정상,0.0,0.0,정상,True
2020 10 30 04:32:19,0.0,정상,0.0,0.0,정상,True
2020 10 30 04:32:24,0.0,정상,0.0,0.0,정상,True
2020 10 30 04:32:29,0.0,정상,0.0,0.0,정상,True
2020 10 30 04:32:34,0.0,정상,0.0,0.0,정상,True
2020 10 30 04:32:39,0.0,정상,0.0,0.0,정상,True
2020 10 30 04:32:44,0.0,정상,0.0,0.0,정상,True
2020 10 30 04:32:49,0.0,정상,0.0,0.0,정상,True
2020 10 30 04:32:54,0.0,정상,0.0,0.0,정상,True
2020 10 30 04:32:59,0.0,정상,0.0,0.0,정상,True
2020 10 30 04:33:04,0.0,정상,0.0,0.0,정상,True
2020 10 30 04:33:09,0.0,정상,0.0,0.0,정상,True
2020 10 30 04:33:14,0.0,정상,0.0,0.0,정상,True
2020 10 30 04:33:19,0.0,정상,0.0,0.0,정상,True
2020 10 30 04:33:24,0.0,정상,0.0,0.0,정상,True
2020 10 30 04:33:29,0.0,정상,0.0,0.0,정상,True
2020 10 30 04:33:34,0.0,정상,0.0,0.0,정상,True
2020 10 30 04:33:39,0.0,정상,0.0,0.0,정상,True
2020 10 30 04:33:44,0.0,정상,0.0,0.0,정상,True
2020 10 30 04:33:49,0.0,정상,0.0,0.0,정상,True
2020 10 30 04:33:54,0.0,정상,0.0,0.0,정상,True
2020 10 30 04:33:59,0.0,정상,0.0,0.0,정상,True
2020 10 30 04:34:04,0.0,정상,0.0,0.0,정상,True
2020 10 30 04:34:09,0.0,정상,0.0,0.0,정상,True
2020 10 30 04:34:14,0.0,정상,0.0,0.0,정상,True
2020 10 30 04:34:19,0.0,정상,0.0,0.0,정상,True
2020 10 30 04:34:24,0.0,정상,0.0,0.0,정상,True
2020 10 30 04:34:29,0.0,정상,0.0,0.0,정상,True
2020 10 30 04:34:34,0.0,정상,0.0,0.0,정상,True
2020 10 30 04:34:39,0.0,정상,0.0,0.0,정상,True
2020 10 30 04:34:44,0.0,정상,0.0,0.0,정상,True
2020 10 30 04:34:49,0.0,정상,0.0,0.0,정상,True
2020 10 30 04:34:54,0.0,정상,0.0,0.0,정상,True
2020 10 30 04:34:59,0.0,정상,0.0,0.0,정상,True
2020 10 30 04:35:04,0.0,정상,0.0,0.0,정상,True
2020 10 30 04:35:09,0.0,정상,0.0,0.0,정상,True
2020 10 30 04:35:14,0.0,정상,0.0,0.0,정상,True
2020 10 30 04:35:19,0.0,정상,0.0,0.0,정상,True
2020 10 30 04:35:24,0.0,정상,0.0,0.0,정상,True
2020 10 30 04:35:29,0.0,정상,0.0,0.0,정상,True
2020 10 30 04:35:34,0.0,정상,0.0,0.0,정상,True
2020 10 30 04:35:39,0.0,정상,0.0,0.0,정상,True
2020 10 30 04:35:44,0.0,정상,0.0,0.0,정상,True
2020 10 30 04:35:49,0.0,정상,0.0,0.0,정상,True
2020 10 30 04:35:54,0.0,정상,0.0,0.0,정상,True
2020 10 30 04:35:59,0.0,정상,0.0,0.0,정상,True
2020 10 30 04:36:04,0.0,정상,0.0,0.0,정상,True
2020 10 30 04:36:09,0.0,정상,0.0,0.0,정상,True
2020 10 30 04:36:14,0.0,정상,0.0,0.0,정상,True
2020 10 30 04:36:19,0.0,정상,0.0,0.0,정상,True
2020 10 30 04:36:24,0.0,정상,0.0,0.0,정상,True
2020 10 30 04:36:29,0.0,정상,0.0,0.0,정상,True
2020 10 30 04:36:34,0.0,정상,0.0,0.0,정상,True
2020 10 30 04:36:39,0.0,정상,0.0,0.0,정상,True
2020 10 30 04:36:44,0.0,정상,0.0,0.0,정상,True
2020 10 30 04:36:49,0.0,정상,0.0,0.0,정상,True
2020 10 30 04:36:54,0.0,정상,0.0,0.0,정상,True
2020 10 30 04:36:59,0.0,정상,0.0,0.0,정상,True
2020 10 30 04:37:04,0.0,정상,0.0,0.0,정상,True
2020 10 30 04:37:09,0.0,정상,0.0,0.0,정상,True
2020 10 30 04:37:14,0.0,정상,0.0,0.0,정상,True
2020 10 30 04:37:19,0.0,정상,0.0,0.0,정상,True
2020 10 30 04:37:24,0.0,정상,0.0,0.0,정상,True
2020 10 30 04:37:29,0.0,정상,0.0,0.0,정상,True
2020 10 30 04:37:34,0.0,정상,0.0,0.0,정상,True
2020 10 30 04:37:39,0.0,정상,0.0,0.0,정상,True
2020 10 30 04:37:44,0.0,정상,0.0,0.0,정상,True
2020 10 30 04:37:49,0.0,정상,0.0,0.0,정상,True
2020 10 30 04:37:54,0.0,정상,0.0,0.0,정상,True
2020 10 30 04:37:59,0.0,정상,0.0,0.0,정상,True
2020 10 30 04:38:04,0.0,정상,0.0,0.0,정상,True
2020 10 30 04:38:09,0.0,정상,0.0,0.0,정상,True
2020 10 30 04:38:14,0.0,정상,0.0,0.0,정상,True
2020 10 30 04:38:19,0.0,정상,0.0,0.0,정상,True
2020 10 30 04:38:24,0.0,정상,0.0,0.0,정상,True
2020 10 30 04:38:29,0.0,정상,0.0,0.0,정상,True
2020 10 30 04:38:34,0.0,정상,0.0,0.0,정상,True
2020 10 30 04:38:39,0.0,정상,0.0,0.0,정상,True
2020 10 30 04:38:44,0.0,정상,0.0,0.0,정상,True
2020 10 30 04:38:49,0.0,정상,0.0,0.0,정상,True
2020 10 30 04:38:54,0.0,정상,0.0,0.0,정상,True
2020 10 30 04:38:59,0.0,정상,0.0,0.0,정상,True
2020 10 30 04:39:04,0.0,정상,0.0,0.0,정상,True
2020 10 30 04:39:09,0.0,정상,0.0,0.0,정상,True
2020 10 30 04:39:14,0.0,정상,0.0,0.0,정상,True
2020 10 30 04:39:19,0.0,정상,0.0,0.0,정상,True
2020 10 30 04:39:24,0.0,정상,0.0,0.0,정상,True
2020 10 30 04:39:29,0.0,정상,0.0,0.0,정상,True
2020 10 30 04:39:34,0.0,정상,0.0,0.0,정상,True
2020 10 30 04:39:39,0.0,정상,0.0,0.0,정상,True
2020 10 30 04:39:44,0.0,정상,0.0,0.0,정상,True
2020 10 30 04:39:49,0.0,정상,0.0,0.0,정상,True
2020 10 30 04:39:54,0.0,정상,0.0,0.0,정상,True
2020 10 30 04:39:59,0.0,정상,0.0,0.0,정상,True
2020 10 30 04:40:04,0.0,정상,0.0,0.0,정상,True
2020 10 30 04:40:09,0.0,정상,0.0,0.0,정상,True
2020 10 30 04:40:14,0.0,정상,0.0,0.0,정상,True
2020 10 30 04:40:19,0.0,정상,0.0,0.0,정상,True
2020 10 30 04:40:24,0.0,정상,0.0,0.0,정상,True
2020 10 30 04:40:29,0.0,정상,0.0,0.0,정상,True
2020 10 30 04:40:34,0.0,정상,0.0,0.0,정상,True
2020 10 30 04:40:39,0.0,정상,0.0,0.0,정상,True
2020 10 30 04:40:44,0.0,정상,0.0,0.0,정상,True
2020 10 30 04:40:49,0.0,정상,0.0,0.0,정상,True
2020 10 30 04:40:54,0.0,정상,0.0,0.0,정상,True
2020 10 30 04:40:59,0.0,정상,0.0,0.0,정상,True
2020 10 30 04:41:04,0.0,정상,0.0,0.0,정상,True
2020 10 30 04:41:09,0.0,정상,0.0,0.0,정상,True
2020 10 30 04:41:14,0.0,정상,0.0,0.0,정상,True
2020 10 30 04:41:19,0.0,정상,0.0,0.0,정상,True
2020 10 30 04:41:24,0.0,정상,0.0,0.0,정상,True
2020 10 30 04:41:29,0.0,정상,0.0,0.0,정상,True
2020 10 30 04:41:34,0.0,정상,0.0,0.0,정상,True
2020 10 30 04:41:39,0.0,정상,0.0,0.0,정상,True
2020 10 30 04:41:44,0.0,정상,0.0,0.0,정상,True
2020 10 30 04:41:49,0.0,정상,0.0,0.0,정상,True
2020 10 30 04:41:54,0.0,정상,0.0,0.0,정상,True
2020 10 30 04:41:59,0.0,정상,0.0,0.0,정상,True
2020 10 30 04:42:04,0.0,정상,0.0,0.0,정상,True
2020 10 30 04:42:09,0.0,정상,0.0,0.0,정상,True
2020 10 30 04:42:14,0.0,정상,0.0,0.0,정상,True
2020 10 30 04:42:19,0.0,정상,0.0,0.0,정상,True
2020 10 30 04:42:24,0.0,정상,0.0,0.0,정상,True
2020 10 30 04:42:29,0.0,정상,0.0,0.0,정상,True
2020 10 30 04:42:34,0.0,정상,0.0,0.0,정상,True
2020 10 30 04:42:39,0.0,정상,0.0,0.0,정상,True
2020 10 30 04:42:44,0.0,정상,0.0,0.0,정상,True
2020 10 30 04:42:49,0.0,정상,0.0,0.0,정상,True
2020 10 30 04:42:54,0.0,정상,0.0,0.0,정상,True
2020 10 30 04:42:59,0.0,정상,0.0,0.0,정상,True
2020 10 30 04:43:04,0.0,정상,0.0,0.0,정상,True
2020 10 30 04:43:09,0.0,정상,0.0,0.0,정상,True
2020 10 30 04:43:14,0.0,정상,0.0,0.0,정상,True
2020 10 30 04:43:19,0.0,정상,0.0,0.0,정상,True
2020 10 30 04:43:24,0.0,정상,0.0,0.0,정상,True
2020 10 30 04:43:29,0.0,정상,0.0,0.0,정상,True
2020 10 30 04:43:34,0.0,정상,0.0,0.0,정상,True
2020 10 30 04:43:39,0.0,정상,0.0,0.0,정상,True
2020 10 30 04:43:44,0.0,정상,0.0,0.0,정상,True
2020 10 30 04:43:49,0.0,정상,0.0,0.0,정상,True
2020 10 30 04:43:54,0.0,정상,0.0,0.0,정상,True
2020 10 30 04:43:59,0.0,정상,0.0,0.0,정상,True
2020 10 30 04:44:04,0.0,정상,0.0,0.0,정상,True
2020 10 30 04:44:09,0.0,정상,0.0,0.0,정상,True
2020 10 30 04:44:14,0.0,정상,0.0,0.0,정상,True
2020 10 30 04:44:19,0.0,정상,0.0,0.0,정상,True
2020 10 30 04:44:24,0.0,정상,0.0,0.0,정상,True
2020 10 30 04:44:29,0.0,정상,0.0,0.0,정상,True
2020 10 30 04:44:34,0.0,정상,0.0,0.0,정상,True
2020 10 30 04:44:39,0.0,정상,0.0,0.0,정상,True
2020 10 30 04:44:44,0.0,정상,0.0,0.0,정상,True
2020 10 30 04:44:49,0.0,정상,0.0,0.0,정상,True
2020 10 30 04:44:54,0.0,정상,0.0,0.0,정상,True
2020 10 30 04:44:59,0.0,정상,0.0,0.0,정상,True
2020 10 30 04:45:04,0.0,정상,0.0,0.0,정상,True
2020 10 30 04:45:09,0.0,정상,0.0,0.0,정상,True
2020 10 30 04:45:14,0.0,정상,0.0,0.0,정상,True
2020 10 30 04:45:19,0.0,정상,0.0,0.0,정상,True
2020 10 30 04:45:24,0.0,정상,0.0,0.0,정상,True
2020 10 30 04:45:29,0.0,정상,0.0,0.0,정상,True
2020 10 30 04:45:34,0.0,정상,0.0,0.0,정상,True
2020 10 30 04:45:39,0.0,정상,0.0,0.0,정상,True
2020 10 30 04:45:44,0.0,정상,0.0,0.0,정상,True
2020 10 30 04:45:49,0.0,정상,0.0,0.0,정상,True
2020 10 30 04:45:54,0.0,정상,0.0,0.0,정상,True
2020 10 30 04:45:59,0.0,정상,0.0,0.0,정상,True
2020 10 30 04:46:04,0.0,정상,0.0,0.0,정상,True
2020 10 30 04:46:09,0.0,정상,0.0,0.0,정상,True
2020 10 30 04:46:14,0.0,정상,0.0,0.0,정상,True
2020 10 30 04:46:19,0.0,정상,0.0,0.0,정상,True
2020 10 30 04:46:24,0.0,정상,0.0,0.0,정상,True
2020 10 30 04:46:29,0.0,정상,0.0,0.0,정상,True
2020 10 30 04:46:34,0.0,정상,0.0,0.0,정상,True
2020 10 30 04:46:39,0.0,정상,0.0,0.0,정상,True
2020 10 30 04:46:44,0.0,정상,0.0,0.0,정상,True
2020 10 30 04:46:49,0.0,정상,0.0,0.0,정상,True
2020 10 30 04:46:54,0.0,정상,0.0,0.0,정상,True
2020 10 30 04:46:59,0.0,정상,0.0,0.0,정상,True
2020 10 30 04:47:04,0.0,정상,0.0,0.0,정상,True
2020 10 30 04:47:09,0.0,정상,0.0,0.0,정상,True
2020 10 30 04:47:14,0.0,정상,0.0,0.0,정상,True
2020 10 30 04:47:19,0.0,정상,0.0,0.0,정상,True
2020 10 30 04:47:24,0.0,정상,0.0,0.0,정상,True
2020 10 30 04:47:29,0.0,정상,0.0,0.0,정상,True
2020 10 30 04:47:34,0.0,정상,0.0,0.0,정상,True
2020 10 30 04:47:39,0.0,정상,0.0,0.0,정상,True
2020 10 30 04:47:44,0.0,정상,0.0,0.0,정상,True
2020 10 30 04:47:49,0.0,정상,0.0,0.0,정상,True
2020 10 30 04:47:54,0.0,정상,0.0,0.0,정상,True
2020 10 30 04:47:59,0.0,정상,0.0,0.0,정상,True
2020 10 30 04:48:04,0.0,정상,0.0,0.0,정상,True
2020 10 30 04:48:09,0.0,정상,0.0,0.0,정상,True
2020 10 30 04:48:14,0.0,정상,0.0,0.0,정상,True
2020 10 30 04:48:19,0.0,정상,0.0,0.0,정상,True
2020 10 30 04:48:24,0.0,정상,0.0,0.0,정상,True
2020 10 30 04:48:29,0.0,정상,0.0,0.0,정상,True
2020 10 30 04:48:34,0.0,정상,0.0,0.0,정상,True
2020 10 30 04:48:39,0.0,정상,0.0,0.0,정상,True
2020 10 30 04:48:44,0.0,정상,0.0,0.0,정상,True
2020 10 30 04:48:49,0.0,정상,0.0,0.0,정상,True
2020 10 30 04:48:54,0.0,정상,0.0,0.0,정상,True
2020 10 30 04:48:59,0.0,정상,0.0,0.0,정상,True
2020 10 30 04:49:04,0.0,정상,0.0,0.0,정상,True
2020 10 30 04:49:09,0.0,정상,0.0,0.0,정상,True
2020 10 30 04:49:14,0.0,정상,0.0,0.0,정상,True
2020 10 30 04:49:19,0.0,정상,0.0,0.0,정상,True
2020 10 30 04:49:24,0.0,정상,0.0,0.0,정상,True
2020 10 30 04:49:29,0.0,정상,0.0,0.0,정상,True
2020 10 30 04:49:34,0.0,정상,0.0,0.0,정상,True
2020 10 30 04:49:39,0.0,정상,0.0,0.0,정상,True
2020 10 30 04:49:44,0.0,정상,0.0,0.0,정상,True
2020 10 30 04:49:49,0.0,정상,0.0,0.0,정상,True
2020 10 30 04:49:54,0.0,정상,0.0,0.0,정상,True
2020 10 30 04:49:59,0.0,정상,0.0,0.0,정상,True
2020 10 30 04:50:04,0.0,정상,0.0,0.0,정상,True
2020 10 30 04:50:09,0.0,정상,0.0,0.0,정상,True
2020 10 30 04:50:14,0.0,정상,0.0,0.0,정상,True
2020 10 30 04:50:19,0.0,정상,0.0,0.0,정상,True
2020 10 30 04:50:24,0.0,정상,0.0,0.0,정상,True
2020 10 30 04:50:29,0.0,정상,0.0,0.0,정상,True
2020 10 30 04:50:34,0.0,정상,0.0,0.0,정상,True
2020 10 30 04:50:39,0.0,정상,0.0,0.0,정상,True
2020 10 30 04:50:44,0.0,정상,0.0,0.0,정상,True
2020 10 30 04:50:49,0.0,정상,0.0,0.0,정상,True
2020 10 30 04:50:54,0.0,정상,0.0,0.0,정상,True
2020 10 30 04:50:59,0.0,정상,0.0,0.0,정상,True
2020 10 30 04:51:04,0.0,정상,0.0,0.0,정상,True
2020 10 30 04:51:09,0.0,정상,0.0,0.0,정상,True
2020 10 30 04:51:14,0.0,정상,0.0,0.0,정상,True
2020 10 30 04:51:19,0.0,정상,0.0,0.0,정상,True
2020 10 30 04:51:24,0.0,정상,0.0,0.0,정상,True
2020 10 30 04:51:29,0.0,정상,0.0,0.0,정상,True
2020 10 30 04:51:34,0.0,정상,0.0,0.0,정상,True
2020 10 30 04:51:39,0.0,정상,0.0,0.0,정상,True
2020 10 30 04:51:44,0.0,정상,0.0,0.0,정상,True
2020 10 30 04:51:49,0.0,정상,0.0,0.0,정상,True
2020 10 30 04:51:54,0.0,정상,0.0,0.0,정상,True
2020 10 30 04:51:59,0.0,정상,0.0,0.0,정상,True
2020 10 30 04:52:04,0.0,정상,0.0,0.0,정상,True
2020 10 30 04:52:09,0.0,정상,0.0,0.0,정상,True
2020 10 30 04:52:14,0.0,정상,0.0,0.0,정상,True
2020 10 30 04:52:19,0.0,정상,0.0,0.0,정상,True
2020 10 30 04:52:24,0.0,정상,0.0,0.0,정상,True
2020 10 30 04:52:29,0.0,정상,0.0,0.0,정상,True
2020 10 30 04:52:34,0.0,정상,0.0,0.0,정상,True
2020 10 30 04:52:39,0.0,정상,0.0,0.0,정상,True
2020 10 30 04:52:44,0.0,정상,0.0,0.0,정상,True
2020 10 30 04:52:49,0.0,정상,0.0,0.0,정상,True
2020 10 30 04:52:54,0.0,정상,0.0,0.0,정상,True
2020 10 30 04:52:59,0.0,정상,0.0,0.0,정상,True
2020 10 30 04:53:04,0.0,정상,0.0,0.0,정상,True
2020 10 30 04:53:09,0.0,정상,0.0,0.0,정상,True
2020 10 30 04:53:14,0.0,정상,0.0,0.0,정상,True
2020 10 30 04:53:19,0.0,정상,0.0,0.0,정상,True
2020 10 30 04:53:24,0.0,정상,0.0,0.0,정상,True
2020 10 30 04:53:29,0.0,정상,0.0,0.0,정상,True
2020 10 30 04:53:34,0.0,정상,0.0,0.0,정상,True
2020 10 30 04:53:39,0.0,정상,0.0,0.0,정상,True
2020 10 30 04:53:44,0.0,정상,0.0,0.0,정상,True
2020 10 30 04:53:49,0.0,정상,0.0,0.0,정상,True
2020 10 30 04:53:54,0.0,정상,0.0,0.0,정상,True
2020 10 30 04:53:59,0.0,정상,0.0,0.0,정상,True
2020 10 30 04:54:04,0.0,정상,0.0,0.0,정상,True
2020 10 30 04:54:09,0.0,정상,0.0,0.0,정상,True
2020 10 30 04:54:14,0.0,정상,0.0,0.0,정상,True
2020 10 30 04:54:19,0.0,정상,0.0,0.0,정상,True
2020 10 30 04:54:24,0.0,정상,0.0,0.0,정상,True
2020 10 30 04:54:29,0.0,정상,0.0,0.0,정상,True
2020 10 30 04:54:34,0.0,정상,0.0,0.0,정상,True
2020 10 30 04:54:39,0.0,정상,0.0,0.0,정상,True
2020 10 30 04:54:44,0.0,정상,0.0,0.0,정상,True
2020 10 30 04:54:49,0.0,정상,0.0,0.0,정상,True
2020 10 30 04:54:54,0.0,정상,0.0,0.0,정상,True
2020 10 30 04:54:59,0.0,정상,0.0,0.0,정상,True
2020 10 30 04:55:04,0.0,정상,0.0,0.0,정상,True
2020 10 30 04:55:09,0.0,정상,0.0,0.0,정상,True
2020 10 30 04:55:14,0.0,정상,0.0,0.0,정상,True
2020 10 30 04:55:19,0.0,정상,0.0,0.0,정상,True
2020 10 30 04:55:24,0.0,정상,0.0,0.0,정상,True
2020 10 30 04:55:29,0.0,정상,0.0,0.0,정상,True
2020 10 30 04:55:34,0.0,정상,0.0,0.0,정상,True
2020 10 30 04:55:39,0.0,정상,0.0,0.0,정상,True
2020 10 30 04:55:44,0.0,정상,0.0,0.0,정상,True
2020 10 30 04:55:49,0.0,정상,0.0,0.0,정상,True
2020 10 30 04:55:54,0.0,정상,0.0,0.0,정상,True
2020 10 30 04:55:59,0.0,정상,0.0,0.0,정상,True
2020 10 30 04:56:04,0.0,정상,0.0,0.0,정상,True
2020 10 30 04:56:09,0.0,정상,0.0,0.0,정상,True
2020 10 30 04:56:14,0.0,정상,0.0,0.0,정상,True
2020 10 30 04:56:19,0.0,정상,0.0,0.0,정상,True
2020 10 30 04:56:24,0.0,정상,0.0,0.0,정상,True
2020 10 30 04:56:29,0.0,정상,0.0,0.0,정상,True
2020 10 30 04:56:34,0.0,정상,0.0,0.0,정상,True
2020 10 30 04:56:39,0.0,정상,0.0,0.0,정상,True
2020 10 30 04:56:44,0.0,정상,0.0,0.0,정상,True
2020 10 30 04:56:49,0.0,정상,0.0,0.0,정상,True
2020 10 30 04:56:54,0.0,정상,0.0,0.0,정상,True
2020 10 30 04:56:59,0.0,정상,0.0,0.0,정상,True
2020 10 30 04:57:04,0.0,정상,0.0,0.0,정상,True
2020 10 30 04:57:09,0.0,정상,0.0,0.0,정상,True
2020 10 30 04:57:14,0.0,정상,0.0,0.0,정상,True
2020 10 30 04:57:19,0.0,정상,0.0,0.0,정상,True
2020 10 30 04:57:24,0.0,정상,0.0,0.0,정상,True
2020 10 30 04:57:29,0.0,정상,0.0,0.0,정상,True
2020 10 30 04:57:34,0.0,정상,0.0,0.0,정상,True
2020 10 30 04:57:39,0.0,정상,0.0,0.0,정상,True
2020 10 30 04:57:44,0.0,정상,0.0,0.0,정상,True
2020 10 30 04:57:49,0.0,정상,0.0,0.0,정상,True
2020 10 30 04:57:54,0.0,정상,0.0,0.0,정상,True
2020 10 30 04:57:59,0.0,정상,0.0,0.0,정상,True
2020 10 30 04:58:04,0.0,정상,0.0,0.0,정상,True
2020 10 30 04:58:09,0.0,정상,0.0,0.0,정상,True
2020 10 30 04:58:14,0.0,정상,0.0,0.0,정상,True
2020 10 30 04:58:19,0.0,정상,0.0,0.0,정상,True
2020 10 30 04:58:24,0.0,정상,0.0,0.0,정상,True
2020 10 30 04:58:29,0.0,정상,0.0,0.0,정상,True
2020 10 30 04:58:34,0.0,정상,0.0,0.0,정상,True
2020 10 30 04:58:39,0.0,정상,0.0,0.0,정상,True
2020 10 30 04:58:44,0.0,정상,0.0,0.0,정상,True
2020 10 30 04:58:49,0.0,정상,0.0,0.0,정상,True
2020 10 30 04:58:54,0.0,정상,0.0,0.0,정상,True
2020 10 30 04:58:59,0.0,정상,0.0,0.0,정상,True
2020 10 30 04:59:04,0.0,정상,0.0,0.0,정상,True
2020 10 30 04:59:09,0.0,정상,0.0,0.0,정상,True
2020 10 30 04:59:14,0.0,정상,0.0,0.0,정상,True
2020 10 30 04:59:19,0.0,정상,0.0,0.0,정상,True
2020 10 30 04:59:24,0.0,정상,0.0,0.0,정상,True
2020 10 30 04:59:29,0.0,정상,0.0,0.0,정상,True
2020 10 30 04:59:34,0.0,정상,0.0,0.0,정상,True
2020 10 30 04:59:39,0.0,정상,0.0,0.0,정상,True
2020 10 30 04:59:44,0.0,정상,0.0,0.0,정상,True
2020 10 30 04:59:49,0.0,정상,0.0,0.0,정상,True
2020 10 30 04:59:54,0.0,정상,0.0,0.0,정상,True
2020 10 30 04:59:59,0.0,정상,0.0,0.0,정상,True
2020 10 30 05:00:04,0.0,정상,0.0,0.0,정상,True
2020 10 30 05:00:09,0.0,정상,0.0,0.0,정상,True
2020 10 30 05:00:14,0.0,정상,0.0,0.0,정상,True
2020 10 30 05:00:19,0.0,정상,0.0,0.0,정상,True
2020 10 30 05:00:24,0.0,정상,0.0,0.0,정상,True
2020 10 30 05:00:29,0.0,정상,0.0,0.0,정상,True
2020 10 30 05:00:34,0.0,정상,0.0,0.0,정상,True
2020 10 30 05:00:39,0.0,정상,0.0,0.0,정상,True
2020 10 30 05:00:44,0.0,정상,0.0,0.0,정상,True
2020 10 30 05:00:49,0.0,정상,0.0,0.0,정상,True
2020 10 30 05:00:54,0.0,정상,0.0,0.0,정상,True
2020 10 30 05:00:59,0.0,정상,0.0,0.0,정상,True
2020 10 30 05:01:04,0.0,정상,0.0,0.0,정상,True
2020 10 30 05:01:09,0.0,정상,0.0,0.0,정상,True
2020 10 30 05:01:14,0.0,정상,0.0,0.0,정상,True
2020 10 30 05:01:19,0.0,정상,0.0,0.0,정상,True
2020 10 30 05:01:24,0.0,정상,0.0,0.0,정상,True
2020 10 30 05:01:29,0.0,정상,0.0,0.0,정상,True
2020 10 30 05:01:34,0.0,정상,0.0,0.0,정상,True
2020 10 30 05:01:39,0.0,정상,0.0,0.0,정상,True
2020 10 30 05:01:44,0.0,정상,0.0,0.0,정상,True
2020 10 30 05:01:49,0.0,정상,0.0,0.0,정상,True
2020 10 30 05:01:54,0.0,정상,0.0,0.0,정상,True
2020 10 30 05:01:59,0.0,정상,0.0,0.0,정상,True
2020 10 30 05:02:04,0.0,정상,0.0,0.0,정상,True
2020 10 30 05:02:09,0.0,정상,0.0,0.0,정상,True
2020 10 30 05:02:14,0.0,정상,0.0,0.0,정상,True
2020 10 30 05:02:19,0.0,정상,0.0,0.0,정상,True
2020 10 30 05:02:24,0.0,정상,0.0,0.0,정상,True
2020 10 30 05:02:29,0.0,정상,0.0,0.0,정상,True
2020 10 30 05:02:34,0.0,정상,0.0,0.0,정상,True
2020 10 30 05:02:39,0.0,정상,0.0,0.0,정상,True
2020 10 30 05:02:44,0.0,정상,0.0,0.0,정상,True
2020 10 30 05:02:49,0.0,정상,0.0,0.0,정상,True
2020 10 30 05:02:54,0.0,정상,0.0,0.0,정상,True
2020 10 30 05:02:59,0.0,정상,0.0,0.0,정상,True
2020 10 30 05:03:04,0.0,정상,0.0,0.0,정상,True
2020 10 30 05:03:09,0.0,정상,0.0,0.0,정상,True
2020 10 30 05:03:14,0.0,정상,0.0,0.0,정상,True
2020 10 30 05:03:19,0.0,정상,0.0,0.0,정상,True
2020 10 30 05:03:24,0.0,정상,0.0,0.0,정상,True
2020 10 30 05:03:29,0.0,정상,0.0,0.0,정상,True
2020 10 30 05:03:34,0.0,정상,0.0,0.0,정상,True
2020 10 30 05:03:39,0.0,정상,0.0,0.0,정상,True
2020 10 30 05:03:44,0.0,정상,0.0,0.0,정상,True
2020 10 30 05:03:49,0.0,정상,0.11,0.0,정상,True
2020 10 30 05:03:54,0.0,정상,0.11,0.0,정상,True
2020 10 30 05:03:59,0.0,정상,0.0,0.0,정상,True
2020 10 30 05:04:04,0.0,정상,0.0,0.0,정상,True
2020 10 30 05:04:09,0.0,정상,0.0,0.0,정상,True
2020 10 30 05:04:14,0.0,정상,0.0,0.0,정상,True
2020 10 30 05:04:19,0.0,정상,0.0,0.0,정상,True
2020 10 30 05:04:24,0.0,정상,0.0,0.0,정상,True
2020 10 30 05:04:29,0.0,정상,0.0,0.0,정상,True
2020 10 30 05:04:34,0.0,정상,0.0,0.0,정상,True
2020 10 30 05:04:39,0.0,정상,0.0,0.0,정상,True
2020 10 30 05:04:44,0.0,정상,0.0,0.0,정상,True
2020 10 30 05:04:49,0.0,정상,0.0,0.0,정상,True
2020 10 30 05:04:54,0.0,정상,0.0,0.0,정상,True
2020 10 30 05:04:59,0.0,정상,0.0,0.0,정상,True
2020 10 30 05:05:04,0.0,정상,0.0,0.0,정상,True
2020 10 30 05:05:09,0.0,정상,0.0,0.0,정상,True
2020 10 30 05:05:14,0.0,정상,0.0,0.0,정상,True
2020 10 30 05:05:19,0.0,정상,0.0,0.0,정상,True
2020 10 30 05:05:24,0.0,정상,0.0,0.0,정상,True
2020 10 30 05:05:29,0.0,정상,0.0,0.0,정상,True
2020 10 30 05:05:34,0.0,정상,0.0,0.0,정상,True
2020 10 30 05:05:39,0.0,정상,0.0,0.0,정상,True
2020 10 30 05:05:44,0.0,정상,0.0,0.0,정상,True
2020 10 30 05:05:49,0.0,정상,0.0,0.0,정상,True
2020 10 30 05:05:54,0.0,정상,0.0,0.0,정상,True
2020 10 30 05:05:59,0.0,정상,0.0,0.0,정상,True
2020 10 30 05:06:04,0.0,정상,0.0,0.0,정상,True
2020 10 30 05:06:09,0.0,정상,0.0,0.0,정상,True
2020 10 30 05:06:14,0.0,정상,0.0,0.0,정상,True
2020 10 30 05:06:19,0.0,정상,0.0,0.0,정상,True
2020 10 30 05:06:24,0.0,정상,0.0,0.0,정상,True
2020 10 30 05:06:29,0.0,정상,0.0,0.0,정상,True
2020 10 30 05:06:34,0.0,정상,0.0,0.0,정상,True
2020 10 30 05:06:39,0.0,정상,0.0,0.0,정상,True
2020 10 30 05:06:44,0.0,정상,0.0,0.0,정상,True
2020 10 30 05:06:49,0.0,정상,0.0,0.0,정상,True
2020 10 30 05:06:54,0.0,정상,0.0,0.0,정상,True
2020 10 30 05:06:59,0.0,정상,0.0,0.0,정상,True
2020 10 30 05:07:04,0.0,정상,0.0,0.0,정상,True
2020 10 30 05:07:09,0.0,정상,0.0,0.0,정상,True
2020 10 30 05:07:14,0.0,정상,0.0,0.0,정상,True
2020 10 30 05:07:19,0.0,정상,0.0,0.0,정상,True
2020 10 30 05:07:24,0.0,정상,0.0,0.0,정상,True
2020 10 30 05:07:29,0.0,정상,0.0,0.0,정상,True
2020 10 30 05:07:34,0.0,정상,0.0,0.0,정상,True
2020 10 30 05:07:39,0.0,정상,0.0,0.0,정상,True
2020 10 30 05:07:44,0.0,정상,0.0,0.0,정상,True
2020 10 30 05:07:49,0.0,정상,0.0,0.0,정상,True
2020 10 30 05:07:54,0.0,정상,0.0,0.0,정상,True
2020 10 30 05:07:59,0.0,정상,0.0,0.0,정상,True
2020 10 30 05:08:04,0.0,정상,0.0,0.0,정상,True
2020 10 30 05:08:09,0.0,정상,0.0,0.0,정상,True
2020 10 30 05:08:14,0.0,정상,0.0,0.0,정상,True
2020 10 30 05:08:19,0.0,정상,0.0,0.0,정상,True
2020 10 30 05:08:24,0.0,정상,0.0,0.0,정상,True
2020 10 30 05:08:29,0.0,정상,0.0,0.0,정상,True
2020 10 30 05:08:34,0.0,정상,0.0,0.0,정상,True
2020 10 30 05:08:39,0.0,정상,0.0,0.0,정상,True
2020 10 30 05:08:44,0.0,정상,0.0,0.0,정상,True
2020 10 30 05:08:49,0.0,정상,0.0,0.0,정상,True
2020 10 30 05:08:54,0.0,정상,0.0,0.0,정상,True
2020 10 30 05:08:59,0.0,정상,0.0,0.0,정상,True
2020 10 30 05:09:04,0.0,정상,0.0,0.0,정상,True
2020 10 30 05:09:09,0.0,정상,0.0,0.0,정상,True
2020 10 30 05:09:14,0.0,정상,0.0,0.0,정상,True
2020 10 30 05:09:19,0.0,정상,0.0,0.0,정상,True
2020 10 30 05:09:24,0.0,정상,0.0,0.0,정상,True
2020 10 30 05:09:29,0.0,정상,0.0,0.0,정상,True
2020 10 30 05:09:34,0.0,정상,0.0,0.0,정상,True
2020 10 30 05:09:39,0.0,정상,0.0,0.0,정상,True
2020 10 30 05:09:44,0.0,정상,0.0,0.0,정상,True
2020 10 30 05:09:49,0.0,정상,0.0,0.0,정상,True
2020 10 30 05:09:54,0.0,정상,0.0,0.0,정상,True
2020 10 30 05:09:59,0.0,정상,0.0,0.0,정상,True
2020 10 30 05:10:04,0.0,정상,0.0,0.0,정상,True
2020 10 30 05:10:09,0.0,정상,0.0,0.0,정상,True
2020 10 30 05:10:14,0.0,정상,0.0,0.0,정상,True
2020 10 30 05:10:19,0.0,정상,0.0,0.0,정상,True
2020 10 30 05:10:24,0.0,정상,0.0,0.0,정상,True
2020 10 30 05:10:29,0.0,정상,0.0,0.0,정상,True
2020 10 30 05:10:34,0.0,정상,0.0,0.0,정상,True
2020 10 30 05:10:39,0.0,정상,0.0,0.0,정상,True
2020 10 30 05:10:44,0.0,정상,0.0,0.0,정상,True
2020 10 30 05:10:49,0.0,정상,0.0,0.0,정상,True
2020 10 30 05:10:54,0.0,정상,0.0,0.0,정상,True
2020 10 30 05:10:59,0.0,정상,0.0,0.0,정상,True
2020 10 30 05:11:04,0.0,정상,0.0,0.0,정상,True
2020 10 30 05:11:09,0.0,정상,0.0,0.0,정상,True
2020 10 30 05:11:14,0.0,정상,0.0,0.0,정상,True
2020 10 30 05:11:19,0.0,정상,0.0,0.0,정상,True
2020 10 30 05:11:24,0.0,정상,0.0,0.0,정상,True
2020 10 30 05:11:29,0.0,정상,0.0,0.0,정상,True
2020 10 30 05:11:34,0.0,정상,0.0,0.0,정상,True
2020 10 30 05:11:39,0.0,정상,0.0,0.0,정상,True
2020 10 30 05:11:44,0.0,정상,0.0,0.0,정상,True
2020 10 30 05:11:49,0.0,정상,0.0,0.0,정상,True
2020 10 30 05:11:54,0.0,정상,0.0,0.0,정상,True
2020 10 30 05:11:59,0.0,정상,0.0,0.0,정상,True
2020 10 30 05:12:04,0.0,정상,0.0,0.0,정상,True
2020 10 30 05:12:09,0.0,정상,0.0,0.0,정상,True
2020 10 30 05:12:14,0.0,정상,0.0,0.0,정상,True
2020 10 30 05:12:19,0.0,정상,0.0,0.0,정상,True
2020 10 30 05:12:24,0.0,정상,0.0,0.0,정상,True
2020 10 30 05:12:29,0.0,정상,0.0,0.0,정상,True
2020 10 30 05:12:34,0.0,정상,0.0,0.0,정상,True
2020 10 30 05:12:39,0.0,정상,0.0,0.0,정상,True
2020 10 30 05:12:44,0.0,정상,0.0,0.0,정상,True
2020 10 30 05:12:49,0.0,정상,0.0,0.0,정상,True
2020 10 30 05:12:54,0.0,정상,0.0,0.0,정상,True
2020 10 30 05:12:59,0.0,정상,0.0,0.0,정상,True
2020 10 30 05:13:04,0.0,정상,0.0,0.0,정상,True
2020 10 30 05:13:09,0.0,정상,0.0,0.0,정상,True
2020 10 30 05:13:14,0.0,정상,0.0,0.0,정상,True
2020 10 30 05:13:19,0.0,정상,0.0,0.0,정상,True
2020 10 30 05:13:24,0.0,정상,0.0,0.0,정상,True
2020 10 30 05:13:29,0.0,정상,0.0,0.0,정상,True
2020 10 30 05:13:34,0.0,정상,0.0,0.0,정상,True
2020 10 30 05:13:39,0.0,정상,0.0,0.0,정상,True
2020 10 30 05:13:44,0.0,정상,0.0,0.0,정상,True
2020 10 30 05:13:49,0.0,정상,0.0,0.0,정상,True
2020 10 30 05:13:54,0.0,정상,0.0,0.0,정상,True
2020 10 30 05:13:59,0.0,정상,0.0,0.0,정상,True
2020 10 30 05:14:04,0.0,정상,0.0,0.0,정상,True
2020 10 30 05:14:09,0.0,정상,0.0,0.0,정상,True
2020 10 30 05:14:14,0.0,정상,0.0,0.0,정상,True
2020 10 30 05:14:19,0.0,정상,0.0,0.0,정상,True
2020 10 30 05:14:24,0.0,정상,0.0,0.0,정상,True
2020 10 30 05:14:29,0.0,정상,0.0,0.0,정상,True
2020 10 30 05:14:34,0.0,정상,0.0,0.0,정상,True
2020 10 30 05:14:39,0.0,정상,0.0,0.0,정상,True
2020 10 30 05:14:44,0.0,정상,0.0,0.0,정상,True
2020 10 30 05:14:49,0.0,정상,0.0,0.0,정상,True
2020 10 30 05:14:54,0.0,정상,0.0,0.0,정상,True
2020 10 30 05:14:59,0.0,정상,0.0,0.0,정상,True
2020 10 30 05:15:04,0.0,정상,0.0,0.0,정상,True
2020 10 30 05:15:09,0.0,정상,0.0,0.0,정상,True
2020 10 30 05:15:14,0.0,정상,0.0,0.0,정상,True
2020 10 30 05:15:19,0.0,정상,0.0,0.0,정상,True
2020 10 30 05:15:24,0.0,정상,0.0,0.0,정상,True
2020 10 30 05:15:29,0.0,정상,0.0,0.0,정상,True
2020 10 30 05:15:34,0.0,정상,0.0,0.0,정상,True
2020 10 30 05:15:39,0.0,정상,0.0,0.0,정상,True
2020 10 30 05:15:44,0.0,정상,0.0,0.0,정상,True
2020 10 30 05:15:49,0.0,정상,0.0,0.0,정상,True
2020 10 30 05:15:54,0.0,정상,0.0,0.0,정상,True
2020 10 30 05:15:59,0.0,정상,0.0,0.0,정상,True
2020 10 30 05:16:04,0.0,정상,0.0,0.0,정상,True
2020 10 30 05:16:09,0.0,정상,0.0,0.0,정상,True
2020 10 30 05:16:14,0.0,정상,0.0,0.0,정상,True
2020 10 30 05:16:19,0.0,정상,0.0,0.0,정상,True
2020 10 30 05:16:24,0.0,정상,0.0,0.0,정상,True
2020 10 30 05:16:29,0.0,정상,0.0,0.0,정상,True
2020 10 30 05:16:34,0.0,정상,0.0,0.0,정상,True
2020 10 30 05:16:39,0.0,정상,0.0,0.0,정상,True
2020 10 30 05:16:44,0.0,정상,0.0,0.0,정상,True
2020 10 30 05:16:49,0.0,정상,0.0,0.0,정상,True
2020 10 30 05:16:54,0.0,정상,0.0,0.0,정상,True
2020 10 30 05:16:59,0.0,정상,0.0,0.0,정상,True
2020 10 30 05:17:04,0.0,정상,0.0,0.0,정상,True
2020 10 30 05:17:09,0.0,정상,0.0,0.0,정상,True
2020 10 30 05:17:14,0.0,정상,0.0,0.0,정상,True
2020 10 30 05:17:19,0.0,정상,0.0,0.0,정상,True
2020 10 30 05:17:24,0.0,정상,0.0,0.0,정상,True
2020 10 30 05:17:29,0.0,정상,0.0,0.0,정상,True
2020 10 30 05:17:34,0.0,정상,0.0,0.0,정상,True
2020 10 30 05:17:39,0.0,정상,0.0,0.0,정상,True
2020 10 30 05:17:44,0.0,정상,0.0,0.0,정상,True
2020 10 30 05:17:49,0.0,정상,0.0,0.0,정상,True
2020 10 30 05:17:54,0.0,정상,0.0,0.0,정상,True
2020 10 30 05:17:59,0.0,정상,0.0,0.0,정상,True
2020 10 30 05:18:04,0.0,정상,0.0,0.0,정상,True
2020 10 30 05:18:09,0.0,정상,0.0,0.0,정상,True
2020 10 30 05:18:14,0.0,정상,0.0,0.0,정상,True
2020 10 30 05:18:19,0.0,정상,0.0,0.0,정상,True
2020 10 30 05:18:24,0.0,정상,0.0,0.0,정상,True
2020 10 30 05:18:29,0.0,정상,0.0,0.0,정상,True
2020 10 30 05:18:34,0.0,정상,0.0,0.0,정상,True
2020 10 30 05:18:39,0.0,정상,0.0,0.0,정상,True
2020 10 30 05:18:44,0.0,정상,0.0,0.0,정상,True
2020 10 30 05:18:49,0.0,정상,0.0,0.0,정상,True
2020 10 30 05:18:54,0.0,정상,0.0,0.0,정상,True
2020 10 30 05:18:59,0.0,정상,0.0,0.0,정상,True
2020 10 30 05:19:04,0.0,정상,0.0,0.0,정상,True
2020 10 30 05:19:09,0.0,정상,0.0,0.0,정상,True
2020 10 30 05:19:14,0.0,정상,0.0,0.0,정상,True
2020 10 30 05:19:19,0.0,정상,0.0,0.0,정상,True
2020 10 30 05:19:24,0.0,정상,0.0,0.0,정상,True
2020 10 30 05:19:29,0.0,정상,0.0,0.0,정상,True
2020 10 30 05:19:34,0.0,정상,0.0,0.0,정상,True
2020 10 30 05:19:39,0.0,정상,0.0,0.0,정상,True
2020 10 30 05:19:44,0.0,정상,0.0,0.0,정상,True
2020 10 30 05:19:49,0.0,정상,0.0,0.0,정상,True
2020 10 30 05:19:54,0.0,정상,0.0,0.0,정상,True
2020 10 30 05:19:59,0.0,정상,0.0,0.0,정상,True
2020 10 30 05:20:04,0.0,정상,0.0,0.0,정상,True
2020 10 30 05:20:09,0.0,정상,0.0,0.0,정상,True
2020 10 30 05:20:14,0.0,정상,0.0,0.0,정상,True
2020 10 30 05:20:19,0.0,정상,0.0,0.0,정상,True
2020 10 30 05:20:24,0.0,정상,0.0,0.0,정상,True
2020 10 30 05:20:29,0.0,정상,0.0,0.0,정상,True
2020 10 30 05:20:34,0.0,정상,0.0,0.0,정상,True
2020 10 30 05:20:39,0.0,정상,0.0,0.0,정상,True
2020 10 30 05:20:44,0.0,정상,0.0,0.0,정상,True
2020 10 30 05:20:49,0.0,정상,0.0,0.0,정상,True
2020 10 30 05:20:54,0.0,정상,0.0,0.0,정상,True
2020 10 30 05:20:59,0.0,정상,0.0,0.0,정상,True
2020 10 30 05:21:04,0.0,정상,0.0,0.0,정상,True
2020 10 30 05:21:09,0.0,정상,0.0,0.0,정상,True
2020 10 30 05:21:14,0.0,정상,0.0,0.0,정상,True
2020 10 30 05:21:19,0.0,정상,0.0,0.0,정상,True
2020 10 30 05:21:24,0.0,정상,0.0,0.0,정상,True
2020 10 30 05:21:29,0.0,정상,0.0,0.0,정상,True
2020 10 30 05:21:34,0.0,정상,0.0,0.0,정상,True
2020 10 30 05:21:39,0.0,정상,0.0,0.0,정상,True
2020 10 30 05:21:44,0.0,정상,0.0,0.0,정상,True
2020 10 30 05:21:49,0.0,정상,0.0,0.0,정상,True
2020 10 30 05:21:54,0.0,정상,0.0,0.0,정상,True
2020 10 30 05:21:59,0.0,정상,0.0,0.0,정상,True
2020 10 30 05:22:04,0.0,정상,0.0,0.0,정상,True
2020 10 30 05:22:09,0.0,정상,0.0,0.0,정상,True
2020 10 30 05:22:14,0.0,정상,0.0,0.0,정상,True
2020 10 30 05:22:19,0.0,정상,0.0,0.0,정상,True
2020 10 30 05:22:24,0.0,정상,0.0,0.0,정상,True
2020 10 30 05:22:29,0.0,정상,0.0,0.0,정상,True
2020 10 30 05:22:34,0.0,정상,0.0,0.0,정상,True
2020 10 30 05:22:39,0.0,정상,0.0,0.0,정상,True
2020 10 30 05:22:44,0.0,정상,0.0,0.0,정상,True
2020 10 30 05:22:49,0.0,정상,0.0,0.0,정상,True
2020 10 30 05:22:54,0.0,정상,0.0,0.0,정상,True
2020 10 30 05:22:59,0.0,정상,0.0,0.0,정상,True
2020 10 30 05:23:04,0.0,정상,0.0,0.0,정상,True
2020 10 30 05:23:09,0.0,정상,0.0,0.0,정상,True
2020 10 30 05:23:14,0.0,정상,0.0,0.0,정상,True
2020 10 30 05:23:19,0.0,정상,0.0,0.0,정상,True
2020 10 30 05:23:24,0.0,정상,0.0,0.0,정상,True
2020 10 30 05:23:29,0.0,정상,0.0,0.0,정상,True
2020 10 30 05:23:34,0.0,정상,0.0,0.0,정상,True
2020 10 30 05:23:39,0.0,정상,0.0,0.0,정상,True
2020 10 30 05:23:44,0.0,정상,0.0,0.0,정상,True
2020 10 30 05:23:49,0.0,정상,0.0,0.0,정상,True
2020 10 30 05:23:54,0.0,정상,0.0,0.0,정상,True
2020 10 30 05:23:59,0.0,정상,0.0,0.0,정상,True
2020 10 30 05:24:04,0.0,정상,0.0,0.0,정상,True
2020 10 30 05:24:09,0.0,정상,0.0,0.0,정상,True
2020 10 30 05:24:14,0.0,정상,0.0,0.0,정상,True
2020 10 30 05:24:19,0.0,정상,0.0,0.0,정상,True
2020 10 30 05:24:24,0.0,정상,0.0,0.0,정상,True
2020 10 30 05:24:29,0.0,정상,0.0,0.0,정상,True
2020 10 30 05:24:34,0.0,정상,0.0,0.0,정상,True
2020 10 30 05:24:39,0.0,정상,0.0,0.0,정상,True
2020 10 30 05:24:44,0.0,정상,0.0,0.0,정상,True
2020 10 30 05:24:49,0.0,정상,0.0,0.0,정상,True
2020 10 30 05:24:54,0.0,정상,0.0,0.0,정상,True
2020 10 30 05:24:59,0.0,정상,0.0,0.0,정상,True
2020 10 30 05:25:04,0.0,정상,0.0,0.0,정상,True
2020 10 30 05:25:09,0.0,정상,0.0,0.0,정상,True
2020 10 30 05:25:14,0.0,정상,0.0,0.0,정상,True
2020 10 30 05:25:19,0.0,정상,0.0,0.0,정상,True
2020 10 30 05:25:24,0.0,정상,0.0,0.0,정상,True
2020 10 30 05:25:29,0.0,정상,0.0,0.0,정상,True
2020 10 30 05:25:34,0.0,정상,0.0,0.0,정상,True
2020 10 30 05:25:39,0.0,정상,0.0,0.0,정상,True
2020 10 30 05:25:44,0.0,정상,0.0,0.0,정상,True
2020 10 30 05:25:49,0.0,정상,0.0,0.0,정상,True
2020 10 30 05:25:54,0.0,정상,0.0,0.0,정상,True
2020 10 30 05:25:59,0.0,정상,0.0,0.0,정상,True
2020 10 30 05:26:04,0.0,정상,0.0,0.0,정상,True
2020 10 30 05:26:09,0.0,정상,0.0,0.0,정상,True
2020 10 30 05:26:14,0.0,정상,0.0,0.0,정상,True
2020 10 30 05:26:19,0.0,정상,0.0,0.0,정상,True
2020 10 30 05:26:24,0.0,정상,0.0,0.0,정상,True
2020 10 30 05:26:29,0.0,정상,0.0,0.0,정상,True
2020 10 30 05:26:34,0.0,정상,0.0,0.0,정상,True
2020 10 30 05:26:39,0.0,정상,0.0,0.0,정상,True
2020 10 30 05:26:44,0.0,정상,0.0,0.0,정상,True
2020 10 30 05:26:49,0.0,정상,0.0,0.0,정상,True
2020 10 30 05:26:54,0.0,정상,0.0,0.0,정상,True
2020 10 30 05:26:59,0.0,정상,0.0,0.0,정상,True
2020 10 30 05:27:04,0.0,정상,0.0,0.0,정상,True
2020 10 30 05:27:09,0.0,정상,0.0,0.0,정상,True
2020 10 30 05:27:14,0.0,정상,0.0,0.0,정상,True
2020 10 30 05:27:19,0.0,정상,0.0,0.0,정상,True
2020 10 30 05:27:24,0.0,정상,0.0,0.0,정상,True
2020 10 30 05:27:29,0.0,정상,0.0,0.0,정상,True
2020 10 30 05:27:34,0.0,정상,0.0,0.0,정상,True
2020 10 30 05:27:39,0.0,정상,0.0,0.0,정상,True
2020 10 30 05:27:44,0.0,정상,0.0,0.0,정상,True
2020 10 30 05:27:49,0.0,정상,0.0,0.0,정상,True
2020 10 30 05:27:54,0.0,정상,0.0,0.0,정상,True
2020 10 30 05:27:59,0.0,정상,0.0,0.0,정상,True
2020 10 30 05:28:04,0.0,정상,0.0,0.0,정상,True
2020 10 30 05:28:09,0.0,정상,0.0,0.0,정상,True
2020 10 30 05:28:14,0.0,정상,0.0,0.0,정상,True
2020 10 30 05:28:19,0.0,정상,0.0,0.0,정상,True
2020 10 30 05:28:24,0.0,정상,0.0,0.0,정상,True
2020 10 30 05:28:29,0.0,정상,0.0,0.0,정상,True
2020 10 30 05:28:34,0.0,정상,0.0,0.0,정상,True
2020 10 30 05:28:39,0.0,정상,0.0,0.0,정상,True
2020 10 30 05:28:44,0.0,정상,0.0,0.0,정상,True
2020 10 30 05:28:49,0.0,정상,0.0,0.0,정상,True
2020 10 30 05:28:54,0.0,정상,0.0,0.0,정상,True
2020 10 30 05:28:59,0.0,정상,0.0,0.0,정상,True
2020 10 30 05:29:04,0.0,정상,0.0,0.0,정상,True
2020 10 30 05:29:09,0.0,정상,0.0,0.0,정상,True
2020 10 30 05:29:14,0.0,정상,0.0,0.0,정상,True
2020 10 30 05:29:19,0.0,정상,0.0,0.0,정상,True
2020 10 30 05:29:24,0.0,정상,0.0,0.0,정상,True
2020 10 30 05:29:29,0.0,정상,0.0,0.0,정상,True
2020 10 30 05:29:34,0.0,정상,0.0,0.0,정상,True
2020 10 30 05:29:39,0.0,정상,0.0,0.0,정상,True
2020 10 30 05:29:44,0.0,정상,0.0,0.0,정상,True
2020 10 30 05:29:49,0.0,정상,0.0,0.0,정상,True
2020 10 30 05:29:54,0.0,정상,0.0,0.0,정상,True
2020 10 30 05:29:59,0.0,정상,0.0,0.0,정상,True
2020 10 30 05:30:04,0.0,정상,0.0,0.0,정상,True
2020 10 30 05:30:09,0.0,정상,0.0,0.0,정상,True
2020 10 30 05:30:14,0.0,정상,0.0,0.0,정상,True
2020 10 30 05:30:19,0.0,정상,0.0,0.0,정상,True
2020 10 30 05:30:24,0.0,정상,0.0,0.0,정상,True
2020 10 30 05:30:29,0.0,정상,0.0,0.0,정상,True
2020 10 30 05:30:34,0.0,정상,0.0,0.0,정상,True
2020 10 30 05:30:39,0.0,정상,0.0,0.0,정상,True
2020 10 30 05:30:44,0.0,정상,0.0,0.0,정상,True
2020 10 30 05:30:49,0.0,정상,0.0,0.0,정상,True
2020 10 30 05:30:54,0.0,정상,0.0,0.0,정상,True
2020 10 30 05:30:59,0.0,정상,0.0,0.0,정상,True
2020 10 30 05:31:04,0.0,정상,0.0,0.0,정상,True
2020 10 30 05:31:09,0.0,정상,0.0,0.0,정상,True
2020 10 30 05:31:14,0.0,정상,0.0,0.0,정상,True
2020 10 30 05:31:19,0.0,정상,0.0,0.0,정상,True
2020 10 30 05:31:24,0.0,정상,0.0,0.0,정상,True
2020 10 30 05:31:29,0.0,정상,0.0,0.0,정상,True
2020 10 30 05:31:34,0.0,정상,0.0,0.0,정상,True
2020 10 30 05:31:39,0.0,정상,0.0,0.0,정상,True
2020 10 30 05:31:44,0.0,정상,0.0,0.0,정상,True
2020 10 30 05:31:49,0.0,정상,0.0,0.0,정상,True
2020 10 30 05:31:54,0.0,정상,0.0,0.0,정상,True
2020 10 30 05:31:59,0.0,정상,0.0,0.0,정상,True
2020 10 30 05:32:04,0.0,정상,0.0,0.0,정상,True
2020 10 30 05:32:09,0.0,정상,0.0,0.0,정상,True
2020 10 30 05:32:14,0.0,정상,0.0,0.0,정상,True
2020 10 30 05:32:19,0.0,정상,0.0,0.0,정상,True
2020 10 30 05:32:24,0.0,정상,0.0,0.0,정상,True
2020 10 30 05:32:29,0.0,정상,0.0,0.0,정상,True
2020 10 30 05:32:34,0.0,정상,0.0,0.0,정상,True
2020 10 30 05:32:39,0.0,정상,0.0,0.0,정상,True
2020 10 30 05:32:44,0.0,정상,0.0,0.0,정상,True
2020 10 30 05:32:49,0.0,정상,0.0,0.0,정상,True
2020 10 30 05:32:54,0.0,정상,0.0,0.0,정상,True
2020 10 30 05:32:59,0.0,정상,0.0,0.0,정상,True
2020 10 30 05:33:04,0.0,정상,0.0,0.0,정상,True
2020 10 30 05:33:09,0.0,정상,0.0,0.0,정상,True
2020 10 30 05:33:14,0.0,정상,0.0,0.0,정상,True
2020 10 30 05:33:19,0.0,정상,0.0,0.0,정상,True
2020 10 30 05:33:24,0.0,정상,0.0,0.0,정상,True
2020 10 30 05:33:29,0.0,정상,0.0,0.0,정상,True
2020 10 30 05:33:34,0.0,정상,0.0,0.0,정상,True
2020 10 30 05:33:39,0.0,정상,0.0,0.0,정상,True
2020 10 30 05:33:44,0.0,정상,0.0,0.0,정상,True
2020 10 30 05:33:49,0.0,정상,0.0,0.0,정상,True
2020 10 30 05:33:54,0.0,정상,0.0,0.0,정상,True
2020 10 30 05:33:59,0.0,정상,0.0,0.0,정상,True
2020 10 30 05:34:04,0.0,정상,0.0,0.0,정상,True
2020 10 30 05:34:09,0.0,정상,0.0,0.0,정상,True
2020 10 30 05:34:14,0.0,정상,0.0,0.0,정상,True
2020 10 30 05:34:19,0.0,정상,0.0,0.0,정상,True
2020 10 30 05:34:24,0.0,정상,0.0,0.0,정상,True
2020 10 30 05:34:29,0.0,정상,0.0,0.0,정상,True
2020 10 30 05:34:34,0.0,정상,0.0,0.0,정상,True
2020 10 30 05:34:39,0.0,정상,0.0,0.0,정상,True
2020 10 30 05:34:44,0.0,정상,0.0,0.0,정상,True
2020 10 30 05:34:49,0.0,정상,0.0,0.0,정상,True
2020 10 30 05:34:54,0.0,정상,0.0,0.0,정상,True
2020 10 30 05:34:59,0.0,정상,0.0,0.0,정상,True
2020 10 30 05:35:04,0.0,정상,0.0,0.0,정상,True
2020 10 30 05:35:09,0.0,정상,0.0,0.0,정상,True
2020 10 30 05:35:14,0.0,정상,0.0,0.0,정상,True
2020 10 30 05:35:19,0.0,정상,0.0,0.0,정상,True
2020 10 30 05:35:24,0.0,정상,0.0,0.0,정상,True
2020 10 30 05:35:29,0.0,정상,0.0,0.0,정상,True
2020 10 30 05:35:34,0.0,정상,0.0,0.0,정상,True
2020 10 30 05:35:39,0.0,정상,0.0,0.0,정상,True
2020 10 30 05:35:44,0.0,정상,0.0,0.0,정상,True
2020 10 30 05:35:49,0.0,정상,0.0,0.0,정상,True
2020 10 30 05:35:54,0.0,정상,0.0,0.0,정상,True
2020 10 30 05:35:59,0.0,정상,0.0,0.0,정상,True
2020 10 30 05:36:04,0.0,정상,0.0,0.0,정상,True
2020 10 30 05:36:09,0.0,정상,0.0,0.0,정상,True
2020 10 30 05:36:14,0.0,정상,0.0,0.0,정상,True
2020 10 30 05:36:19,0.0,정상,0.0,0.0,정상,True
2020 10 30 05:36:24,0.0,정상,0.0,0.0,정상,True
2020 10 30 05:36:29,0.0,정상,0.0,0.0,정상,True
2020 10 30 05:36:34,0.0,정상,0.0,0.0,정상,True
2020 10 30 05:36:39,0.0,정상,0.0,0.0,정상,True
2020 10 30 05:36:44,0.0,정상,0.0,0.0,정상,True
2020 10 30 05:36:49,0.0,정상,0.0,0.0,정상,True
2020 10 30 05:36:54,0.0,정상,0.0,0.0,정상,True
2020 10 30 05:36:59,0.0,정상,0.0,0.0,정상,True
2020 10 30 05:37:04,0.0,정상,0.0,0.0,정상,True
2020 10 30 05:37:09,0.0,정상,0.0,0.0,정상,True
2020 10 30 05:37:14,0.0,정상,0.0,0.0,정상,True
2020 10 30 05:37:19,0.0,정상,0.0,0.0,정상,True
2020 10 30 05:37:24,0.0,정상,0.0,0.0,정상,True
2020 10 30 05:37:29,0.0,정상,0.0,0.0,정상,True
2020 10 30 05:37:34,0.0,정상,0.0,0.0,정상,True
2020 10 30 05:37:39,0.0,정상,0.0,0.0,정상,True
2020 10 30 05:37:44,0.0,정상,0.0,0.0,정상,True
2020 10 30 05:37:49,0.0,정상,0.0,0.0,정상,True
2020 10 30 05:37:54,0.0,정상,0.0,0.0,정상,True
2020 10 30 05:37:59,0.0,정상,0.0,0.0,정상,True
2020 10 30 05:38:04,0.0,정상,0.0,0.0,정상,True
2020 10 30 05:38:09,0.0,정상,0.0,0.0,정상,True
2020 10 30 05:38:14,0.0,정상,0.0,0.0,정상,True
2020 10 30 05:38:19,0.0,정상,0.0,0.0,정상,True
2020 10 30 05:38:24,0.0,정상,0.0,0.0,정상,True
2020 10 30 05:38:29,0.0,정상,0.0,0.0,정상,True
2020 10 30 05:38:34,0.0,정상,0.0,0.0,정상,True
2020 10 30 05:38:39,0.0,정상,0.0,0.0,정상,True
2020 10 30 05:38:44,0.0,정상,0.0,0.0,정상,True
2020 10 30 05:38:49,0.0,정상,0.0,0.0,정상,True
2020 10 30 05:38:54,0.0,정상,0.0,0.0,정상,True
2020 10 30 05:38:59,0.0,정상,0.0,0.0,정상,True
2020 10 30 05:39:04,0.0,정상,0.0,0.0,정상,True
2020 10 30 05:39:09,0.0,정상,0.0,0.0,정상,True
2020 10 30 05:39:14,0.0,정상,0.0,0.0,정상,True
2020 10 30 05:39:19,0.0,정상,0.0,0.0,정상,True
2020 10 30 05:39:24,0.0,정상,0.0,0.0,정상,True
2020 10 30 05:39:29,0.0,정상,0.0,0.0,정상,True
2020 10 30 05:39:34,0.0,정상,0.0,0.0,정상,True
2020 10 30 05:39:39,0.0,정상,0.0,0.0,정상,True
2020 10 30 05:39:44,0.0,정상,0.0,0.0,정상,True
2020 10 30 05:39:49,0.0,정상,0.0,0.0,정상,True
2020 10 30 05:39:54,0.0,정상,0.0,0.0,정상,True
2020 10 30 05:39:59,0.0,정상,0.0,0.0,정상,True
2020 10 30 05:40:04,0.0,정상,0.0,0.0,정상,True
2020 10 30 05:40:09,0.0,정상,0.0,0.0,정상,True
2020 10 30 05:40:14,0.0,정상,0.0,0.0,정상,True
2020 10 30 05:40:19,0.0,정상,0.0,0.0,정상,True
2020 10 30 05:40:24,0.0,정상,0.0,0.0,정상,True
2020 10 30 05:40:29,0.0,정상,0.0,0.0,정상,True
2020 10 30 05:40:34,0.0,정상,0.0,0.0,정상,True
2020 10 30 05:40:39,0.0,정상,0.0,0.0,정상,True
2020 10 30 05:40:44,0.0,정상,0.0,0.0,정상,True
2020 10 30 05:40:49,0.0,정상,0.0,0.0,정상,True
2020 10 30 05:40:54,0.0,정상,0.0,0.0,정상,True
2020 10 30 05:40:59,0.0,정상,0.0,0.0,정상,True
2020 10 30 05:41:04,0.0,정상,0.0,0.0,정상,True
2020 10 30 05:41:09,0.0,정상,0.0,0.0,정상,True
2020 10 30 05:41:14,0.0,정상,0.0,0.0,정상,True
2020 10 30 05:41:19,0.0,정상,0.0,0.0,정상,True
2020 10 30 05:41:24,0.0,정상,0.0,0.0,정상,True
2020 10 30 05:41:29,0.0,정상,0.0,0.0,정상,True
2020 10 30 05:41:34,0.0,정상,0.0,0.0,정상,True
2020 10 30 05:41:39,0.0,정상,0.0,0.0,정상,True
2020 10 30 05:41:44,0.0,정상,0.0,0.0,정상,True
2020 10 30 05:41:49,0.0,정상,0.0,0.0,정상,True
2020 10 30 05:41:54,0.0,정상,0.0,0.0,정상,True
2020 10 30 05:41:59,0.0,정상,0.0,0.0,정상,True
2020 10 30 05:42:04,0.0,정상,0.0,0.0,정상,True
2020 10 30 05:42:09,0.0,정상,0.0,0.0,정상,True
2020 10 30 05:42:14,0.0,정상,0.0,0.0,정상,True
2020 10 30 05:42:19,0.0,정상,0.0,0.0,정상,True
2020 10 30 05:42:24,0.0,정상,0.0,0.0,정상,True
2020 10 30 05:42:29,0.0,정상,0.0,0.0,정상,True
2020 10 30 05:42:34,0.0,정상,0.0,0.0,정상,True
2020 10 30 05:42:39,0.0,정상,0.0,0.0,정상,True
2020 10 30 05:42:44,0.0,정상,0.0,0.0,정상,True
2020 10 30 05:42:49,0.0,정상,0.0,0.0,정상,True
2020 10 30 05:42:54,0.0,정상,0.0,0.0,정상,True
2020 10 30 05:42:59,0.0,정상,0.0,0.0,정상,True
2020 10 30 05:43:04,0.0,정상,0.0,0.0,정상,True
2020 10 30 05:43:09,0.0,정상,0.0,0.0,정상,True
2020 10 30 05:43:14,0.0,정상,0.0,0.0,정상,True
2020 10 30 05:43:19,0.0,정상,0.0,0.0,정상,True
2020 10 30 05:43:24,0.0,정상,0.0,0.0,정상,True
2020 10 30 05:43:29,0.0,정상,0.0,0.0,정상,True
2020 10 30 05:43:34,0.0,정상,0.0,0.0,정상,True
2020 10 30 05:43:39,0.0,정상,0.0,0.0,정상,True
2020 10 30 05:43:44,0.0,정상,0.0,0.0,정상,True
2020 10 30 05:43:49,0.0,정상,0.0,0.0,정상,True
2020 10 30 05:43:54,0.0,정상,0.0,0.0,정상,True
2020 10 30 05:43:59,0.0,정상,0.0,0.0,정상,True
2020 10 30 05:44:04,0.0,정상,0.0,0.0,정상,True
2020 10 30 05:44:09,0.0,정상,0.0,0.0,정상,True
2020 10 30 05:44:14,0.0,정상,0.0,0.0,정상,True
2020 10 30 05:44:19,0.0,정상,0.0,0.0,정상,True
2020 10 30 05:44:24,0.0,정상,0.0,0.0,정상,True
2020 10 30 05:44:29,0.0,정상,0.0,0.0,정상,True
2020 10 30 05:44:34,0.0,정상,0.0,0.0,정상,True
2020 10 30 05:44:39,0.0,정상,0.0,0.0,정상,True
2020 10 30 05:44:44,0.0,정상,0.0,0.0,정상,True
2020 10 30 05:44:49,0.0,정상,0.0,0.0,정상,True
2020 10 30 05:44:54,0.0,정상,0.0,0.0,정상,True
2020 10 30 05:44:59,0.0,정상,0.0,0.0,정상,True
2020 10 30 05:45:04,0.0,정상,0.0,0.0,정상,True
2020 10 30 05:45:09,0.0,정상,0.0,0.0,정상,True
2020 10 30 05:45:14,0.0,정상,0.0,0.0,정상,True
2020 10 30 05:45:19,0.0,정상,0.0,0.0,정상,True
2020 10 30 05:45:24,0.0,정상,0.0,0.0,정상,True
2020 10 30 05:45:29,0.0,정상,0.0,0.0,정상,True
2020 10 30 05:45:34,0.0,정상,0.0,0.0,정상,True
2020 10 30 05:45:39,0.0,정상,0.0,0.0,정상,True
2020 10 30 05:45:44,0.0,정상,0.0,0.0,정상,True
2020 10 30 05:45:49,0.0,정상,0.0,0.0,정상,True
2020 10 30 05:45:54,0.0,정상,0.0,0.0,정상,True
2020 10 30 05:45:59,0.0,정상,0.0,0.0,정상,True
2020 10 30 05:46:04,0.0,정상,0.0,0.0,정상,True
2020 10 30 05:46:09,0.0,정상,0.0,0.0,정상,True
2020 10 30 05:46:14,0.0,정상,0.0,0.0,정상,True
2020 10 30 05:46:19,0.0,정상,0.0,0.0,정상,True
2020 10 30 05:46:24,0.0,정상,0.0,0.0,정상,True
2020 10 30 05:46:29,0.0,정상,0.0,0.0,정상,True
2020 10 30 05:46:34,0.0,정상,0.0,0.0,정상,True
2020 10 30 05:46:39,0.0,정상,0.0,0.0,정상,True
2020 10 30 05:46:44,0.0,정상,0.0,0.0,정상,True
2020 10 30 05:46:49,0.0,정상,0.0,0.0,정상,True
2020 10 30 05:46:54,0.0,정상,0.0,0.0,정상,True
2020 10 30 05:46:59,0.0,정상,0.0,0.0,정상,True
2020 10 30 05:47:04,0.0,정상,0.0,0.0,정상,True
2020 10 30 05:47:09,0.0,정상,0.0,0.0,정상,True
2020 10 30 05:47:14,0.0,정상,0.0,0.0,정상,True
2020 10 30 05:47:19,0.0,정상,0.0,0.0,정상,True
2020 10 30 05:47:24,0.0,정상,0.0,0.0,정상,True
2020 10 30 05:47:29,0.0,정상,0.0,0.0,정상,True
2020 10 30 05:47:34,0.0,정상,0.0,0.0,정상,True
2020 10 30 05:47:39,0.0,정상,0.0,0.0,정상,True
2020 10 30 05:47:44,0.0,정상,0.0,0.0,정상,True
2020 10 30 05:47:49,0.0,정상,0.0,0.0,정상,True
2020 10 30 05:47:54,0.0,정상,0.0,0.0,정상,True
2020 10 30 05:47:59,0.0,정상,0.0,0.0,정상,True
2020 10 30 05:48:04,0.0,정상,0.0,0.0,정상,True
2020 10 30 05:48:09,0.0,정상,0.0,0.0,정상,True
2020 10 30 05:48:14,0.0,정상,0.0,0.0,정상,True
2020 10 30 05:48:19,0.0,정상,0.0,0.0,정상,True
2020 10 30 05:48:24,0.0,정상,0.0,0.0,정상,True
2020 10 30 05:48:29,0.0,정상,0.0,0.0,정상,True
2020 10 30 05:48:34,0.0,정상,0.0,0.0,정상,True
2020 10 30 05:48:39,0.0,정상,0.0,0.0,정상,True
2020 10 30 05:48:44,0.0,정상,0.0,0.0,정상,True
2020 10 30 05:48:49,0.0,정상,0.0,0.0,정상,True
2020 10 30 05:48:54,0.0,정상,0.0,0.0,정상,True
2020 10 30 05:48:59,0.0,정상,0.0,0.0,정상,True
2020 10 30 05:49:04,0.0,정상,0.0,0.0,정상,True
2020 10 30 05:49:09,0.0,정상,0.0,0.0,정상,True
2020 10 30 05:49:14,0.0,정상,0.0,0.0,정상,True
2020 10 30 05:49:19,0.0,정상,0.0,0.0,정상,True
2020 10 30 05:49:24,0.0,정상,0.0,0.0,정상,True
2020 10 30 05:49:29,0.0,정상,0.0,0.0,정상,True
2020 10 30 05:49:34,0.0,정상,0.0,0.0,정상,True
2020 10 30 05:49:39,0.0,정상,0.0,0.0,정상,True
2020 10 30 05:49:44,0.0,정상,0.0,0.0,정상,True
2020 10 30 05:49:49,0.0,정상,0.0,0.0,정상,True
2020 10 30 05:49:54,0.0,정상,0.0,0.0,정상,True
2020 10 30 05:49:59,0.0,정상,0.0,0.0,정상,True
2020 10 30 05:50:04,0.0,정상,0.0,0.0,정상,True
2020 10 30 05:50:09,0.0,정상,0.0,0.0,정상,True
2020 10 30 05:50:14,0.0,정상,0.0,0.0,정상,True
2020 10 30 05:50:19,0.0,정상,0.0,0.0,정상,True
2020 10 30 05:50:24,0.0,정상,0.0,0.0,정상,True
2020 10 30 05:50:29,0.0,정상,0.0,0.0,정상,True
2020 10 30 05:50:34,0.0,정상,0.0,0.0,정상,True
2020 10 30 05:50:39,0.0,정상,0.0,0.0,정상,True
2020 10 30 05:50:44,0.0,정상,0.0,0.0,정상,True
2020 10 30 05:50:49,0.0,정상,0.0,0.0,정상,True
2020 10 30 05:50:54,0.0,정상,0.0,0.0,정상,True
2020 10 30 05:50:59,0.0,정상,0.0,0.0,정상,True
2020 10 30 05:51:04,0.0,정상,0.0,0.0,정상,True
2020 10 30 05:51:09,0.0,정상,0.0,0.0,정상,True
2020 10 30 05:51:14,0.0,정상,0.0,0.0,정상,True
2020 10 30 05:51:19,0.0,정상,0.0,0.0,정상,True
2020 10 30 05:51:24,0.0,정상,0.0,0.0,정상,True
2020 10 30 05:51:29,0.0,정상,0.0,0.0,정상,True
2020 10 30 05:51:34,0.0,정상,0.0,0.0,정상,True
2020 10 30 05:51:39,0.0,정상,0.0,0.0,정상,True
2020 10 30 05:51:44,0.0,정상,0.0,0.0,정상,True
2020 10 30 05:51:49,0.0,정상,0.0,0.0,정상,True
2020 10 30 05:51:54,0.0,정상,0.0,0.0,정상,True
2020 10 30 05:51:59,0.0,정상,0.0,0.0,정상,True
2020 10 30 05:52:04,0.0,정상,0.0,0.0,정상,True
2020 10 30 05:52:09,0.0,정상,0.0,0.0,정상,True
2020 10 30 05:52:14,0.0,정상,0.0,0.0,정상,True
2020 10 30 05:52:19,0.0,정상,0.0,0.0,정상,True
2020 10 30 05:52:24,0.0,정상,0.0,0.0,정상,True
2020 10 30 05:52:29,0.0,정상,0.0,0.0,정상,True
2020 10 30 05:52:34,0.0,정상,0.0,0.0,정상,True
2020 10 30 05:52:39,0.0,정상,0.0,0.0,정상,True
2020 10 30 05:52:44,0.0,정상,0.0,0.0,정상,True
2020 10 30 05:52:49,0.0,정상,0.0,0.0,정상,True
2020 10 30 05:52:54,0.0,정상,0.0,0.0,정상,True
2020 10 30 05:52:59,0.0,정상,0.0,0.0,정상,True
2020 10 30 05:53:04,0.0,정상,0.0,0.0,정상,True
2020 10 30 05:53:09,0.0,정상,0.0,0.0,정상,True
2020 10 30 05:53:14,0.0,정상,0.0,0.0,정상,True
2020 10 30 05:53:19,0.0,정상,0.0,0.0,정상,True
2020 10 30 05:53:24,0.0,정상,0.0,0.0,정상,True
2020 10 30 05:53:29,0.0,정상,0.0,0.0,정상,True
2020 10 30 05:53:34,0.0,정상,0.0,0.0,정상,True
2020 10 30 05:53:39,0.0,정상,0.0,0.0,정상,True
2020 10 30 05:53:44,0.0,정상,0.0,0.0,정상,True
2020 10 30 05:53:49,0.0,정상,0.0,0.0,정상,True
2020 10 30 05:53:54,0.0,정상,0.0,0.0,정상,True
2020 10 30 05:53:59,0.0,정상,0.0,0.0,정상,True
2020 10 30 05:54:04,0.0,정상,0.0,0.0,정상,True
2020 10 30 05:54:09,0.0,정상,0.0,0.0,정상,True
2020 10 30 05:54:14,0.0,정상,0.0,0.0,정상,True
2020 10 30 05:54:19,0.0,정상,0.0,0.0,정상,True
2020 10 30 05:54:24,0.0,정상,0.0,0.0,정상,True
2020 10 30 05:54:29,0.0,정상,0.0,0.0,정상,True
2020 10 30 05:54:34,0.0,정상,0.0,0.0,정상,True
2020 10 30 05:54:39,0.0,정상,0.0,0.0,정상,True
2020 10 30 05:54:44,0.0,정상,0.0,0.0,정상,True
2020 10 30 05:54:49,0.0,정상,0.0,0.0,정상,True
2020 10 30 05:54:54,0.0,정상,0.0,0.0,정상,True
2020 10 30 05:54:59,0.0,정상,0.0,0.0,정상,True
2020 10 30 05:55:04,0.0,정상,0.0,0.0,정상,True
2020 10 30 05:55:09,0.0,정상,0.0,0.0,정상,True
2020 10 30 05:55:14,0.0,정상,0.0,0.0,정상,True
2020 10 30 05:55:19,0.0,정상,0.0,0.0,정상,True
2020 10 30 05:55:24,0.0,정상,0.0,0.0,정상,True
2020 10 30 05:55:29,0.0,정상,0.0,0.0,정상,True
2020 10 30 05:55:34,0.0,정상,0.0,0.0,정상,True
2020 10 30 05:55:39,0.0,정상,0.0,0.0,정상,True
2020 10 30 05:55:44,0.0,정상,0.0,0.0,정상,True
2020 10 30 05:55:49,0.0,정상,0.0,0.0,정상,True
2020 10 30 05:55:54,0.0,정상,0.0,0.0,정상,True
2020 10 30 05:55:59,0.0,정상,0.0,0.0,정상,True
2020 10 30 05:56:04,0.0,정상,0.0,0.0,정상,True
2020 10 30 05:56:09,0.0,정상,0.0,0.0,정상,True
2020 10 30 05:56:14,0.0,정상,0.0,0.0,정상,True
2020 10 30 05:56:19,0.0,정상,0.0,0.0,정상,True
2020 10 30 05:56:24,0.0,정상,0.0,0.0,정상,True
2020 10 30 05:56:29,0.0,정상,0.0,0.0,정상,True
2020 10 30 05:56:34,0.0,정상,0.0,0.0,정상,True
2020 10 30 05:56:39,0.0,정상,0.0,0.0,정상,True
2020 10 30 05:56:44,0.0,정상,0.0,0.0,정상,True
2020 10 30 05:56:49,0.0,정상,0.0,0.0,정상,True
2020 10 30 05:56:54,0.0,정상,0.0,0.0,정상,True
2020 10 30 05:56:59,0.0,정상,0.0,0.0,정상,True
2020 10 30 05:57:04,0.0,정상,0.0,0.0,정상,True
2020 10 30 05:57:09,0.0,정상,0.0,0.0,정상,True
2020 10 30 05:57:14,0.0,정상,0.0,0.0,정상,True
2020 10 30 05:57:19,0.0,정상,0.0,0.0,정상,True
2020 10 30 05:57:24,0.0,정상,0.0,0.0,정상,True
2020 10 30 05:57:29,0.0,정상,0.0,0.0,정상,True
2020 10 30 05:57:34,0.0,정상,0.0,0.0,정상,True
2020 10 30 05:57:39,0.0,정상,0.0,0.0,정상,True
2020 10 30 05:57:44,0.0,정상,0.0,0.0,정상,True
2020 10 30 05:57:49,0.0,정상,0.0,0.0,정상,True
2020 10 30 05:57:54,0.0,정상,0.0,0.0,정상,True
2020 10 30 05:57:59,0.0,정상,0.0,0.0,정상,True
2020 10 30 05:58:04,0.0,정상,0.0,0.0,정상,True
2020 10 30 05:58:09,0.0,정상,0.0,0.0,정상,True
2020 10 30 05:58:14,0.0,정상,0.0,0.0,정상,True
2020 10 30 05:58:19,0.0,정상,0.0,0.0,정상,True
2020 10 30 05:58:24,0.0,정상,0.0,0.0,정상,True
2020 10 30 05:58:29,0.0,정상,0.0,0.0,정상,True
2020 10 30 05:58:34,0.0,정상,0.0,0.0,정상,True
2020 10 30 05:58:39,0.0,정상,0.0,0.0,정상,True
2020 10 30 05:58:44,0.0,정상,0.0,0.0,정상,True
2020 10 30 05:58:49,0.0,정상,0.0,0.0,정상,True
2020 10 30 05:58:54,0.0,정상,0.0,0.0,정상,True
2020 10 30 05:58:59,0.0,정상,0.0,0.0,정상,True
2020 10 30 05:59:04,0.0,정상,0.0,0.0,정상,True
2020 10 30 05:59:09,0.0,정상,0.0,0.0,정상,True
2020 10 30 05:59:14,0.0,정상,0.0,0.0,정상,True
2020 10 30 05:59:19,0.0,정상,0.0,0.0,정상,True
2020 10 30 05:59:24,0.0,정상,0.0,0.0,정상,True
2020 10 30 05:59:29,0.0,정상,0.0,0.0,정상,True
2020 10 30 05:59:34,0.0,정상,0.0,0.0,정상,True
2020 10 30 05:59:39,0.0,정상,0.0,0.0,정상,True
2020 10 30 05:59:44,0.0,정상,0.0,0.0,정상,True
2020 10 30 05:59:49,0.0,정상,0.0,0.0,정상,True
2020 10 30 05:59:54,0.0,정상,0.0,0.0,정상,True
2020 10 30 05:59:59,0.0,정상,0.0,0.0,정상,True
2020 10 30 06:00:04,0.0,정상,0.0,0.0,정상,True
2020 10 30 06:00:09,0.0,정상,0.0,0.0,정상,True
2020 10 30 06:00:14,0.0,정상,0.0,0.0,정상,True
2020 10 30 06:00:19,0.0,정상,0.0,0.0,정상,True
2020 10 30 06:00:24,0.0,정상,0.0,0.0,정상,True
2020 10 30 06:00:29,0.0,정상,0.0,0.0,정상,True
2020 10 30 06:00:34,0.0,정상,0.0,0.0,정상,True
2020 10 30 06:00:39,0.0,정상,0.0,0.0,정상,True
2020 10 30 06:00:44,0.0,정상,0.0,0.0,정상,True
2020 10 30 06:00:49,0.0,정상,0.0,0.0,정상,True
2020 10 30 06:00:54,0.0,정상,0.0,0.0,정상,True
2020 10 30 06:00:59,0.0,정상,0.0,0.0,정상,True
2020 10 30 06:01:04,0.0,정상,0.0,0.0,정상,True
2020 10 30 06:01:09,0.0,정상,0.0,0.0,정상,True
2020 10 30 06:01:14,0.0,정상,0.0,0.0,정상,True
2020 10 30 06:01:19,0.0,정상,0.0,0.0,정상,True
2020 10 30 06:01:24,0.0,정상,0.0,0.0,정상,True
2020 10 30 06:01:29,0.0,정상,0.0,0.0,정상,True
2020 10 30 06:01:34,0.0,정상,0.0,0.0,정상,True
2020 10 30 06:01:39,0.0,정상,0.0,0.0,정상,True
2020 10 30 06:01:44,0.0,정상,0.0,0.0,정상,True
2020 10 30 06:01:49,0.0,정상,0.0,0.0,정상,True
2020 10 30 06:01:54,0.0,정상,0.0,0.0,정상,True
2020 10 30 06:01:59,0.0,정상,0.0,0.0,정상,True
2020 10 30 06:02:04,0.0,정상,0.0,0.0,정상,True
2020 10 30 06:02:09,0.0,정상,0.0,0.0,정상,True
2020 10 30 06:02:14,0.0,정상,0.0,0.0,정상,True
2020 10 30 06:02:19,0.0,정상,0.0,0.0,정상,True
2020 10 30 06:02:24,0.0,정상,0.0,0.0,정상,True
2020 10 30 06:02:29,0.0,정상,0.0,0.0,정상,True
2020 10 30 06:02:34,0.0,정상,0.0,0.0,정상,True
2020 10 30 06:02:39,0.0,정상,0.0,0.0,정상,True
2020 10 30 06:02:44,0.0,정상,0.0,0.0,정상,True
2020 10 30 06:02:49,0.0,정상,0.0,0.0,정상,True
2020 10 30 06:02:54,0.0,정상,0.0,0.0,정상,True
2020 10 30 06:02:59,0.0,정상,0.0,0.0,정상,True
2020 10 30 06:03:04,0.0,정상,0.0,0.0,정상,True
2020 10 30 06:03:09,0.0,정상,0.0,0.0,정상,True
2020 10 30 06:03:14,0.0,정상,0.0,0.0,정상,True
2020 10 30 06:03:19,0.0,정상,0.0,0.0,정상,True
2020 10 30 06:03:24,0.0,정상,0.0,0.0,정상,True
2020 10 30 06:03:29,0.0,정상,0.0,0.0,정상,True
2020 10 30 06:03:34,0.0,정상,0.0,0.0,정상,True
2020 10 30 06:03:39,0.0,정상,0.0,0.0,정상,True
2020 10 30 06:03:44,0.0,정상,0.0,0.0,정상,True
2020 10 30 06:03:49,0.0,정상,0.0,0.0,정상,True
2020 10 30 06:03:54,0.0,정상,0.0,0.0,정상,True
2020 10 30 06:03:59,0.0,정상,0.0,0.0,정상,True
2020 10 30 06:04:04,0.0,정상,0.0,0.0,정상,True
2020 10 30 06:04:09,0.0,정상,0.0,0.0,정상,True
2020 10 30 06:04:14,0.0,정상,0.0,0.0,정상,True
2020 10 30 06:04:19,0.0,정상,0.0,0.0,정상,True
2020 10 30 06:04:24,0.0,정상,0.0,0.0,정상,True
2020 10 30 06:04:29,0.0,정상,0.0,0.0,정상,True
2020 10 30 06:04:34,0.0,정상,0.0,0.0,정상,True
2020 10 30 06:04:39,0.0,정상,0.0,0.0,정상,True
2020 10 30 06:04:44,0.0,정상,0.0,0.0,정상,True
2020 10 30 06:04:49,0.0,정상,0.0,0.0,정상,True
2020 10 30 06:04:54,0.0,정상,0.0,0.0,정상,True
2020 10 30 06:04:59,0.0,정상,0.0,0.0,정상,True
2020 10 30 06:05:04,0.0,정상,0.0,0.0,정상,True
2020 10 30 06:05:09,0.0,정상,0.0,0.0,정상,True
2020 10 30 06:05:14,0.0,정상,0.0,0.0,정상,True
2020 10 30 06:05:19,0.0,정상,0.0,0.0,정상,True
2020 10 30 06:05:24,0.0,정상,0.0,0.0,정상,True
2020 10 30 06:05:29,0.0,정상,0.0,0.0,정상,True
2020 10 30 06:05:34,0.0,정상,0.0,0.0,정상,True
2020 10 30 06:05:39,0.0,정상,0.0,0.0,정상,True
2020 10 30 06:05:44,0.0,정상,0.0,0.0,정상,True
2020 10 30 06:05:49,0.0,정상,0.0,0.0,정상,True
2020 10 30 06:05:54,0.0,정상,0.0,0.0,정상,True
2020 10 30 06:05:59,0.0,정상,0.0,0.0,정상,True
2020 10 30 06:06:04,0.0,정상,0.0,0.0,정상,True
2020 10 30 06:06:09,0.0,정상,0.0,0.0,정상,True
2020 10 30 06:06:14,0.0,정상,0.0,0.0,정상,True
2020 10 30 06:06:19,0.0,정상,0.0,0.0,정상,True
2020 10 30 06:06:24,0.0,정상,0.0,0.0,정상,True
2020 10 30 06:06:29,0.0,정상,0.0,0.0,정상,True
2020 10 30 06:06:34,0.0,정상,0.0,0.0,정상,True
2020 10 30 06:06:39,0.0,정상,0.0,0.0,정상,True
2020 10 30 06:06:44,0.0,정상,0.0,0.0,정상,True
2020 10 30 06:06:49,0.0,정상,0.0,0.0,정상,True
2020 10 30 06:06:54,0.0,정상,0.0,0.0,정상,True
2020 10 30 06:06:59,0.0,정상,0.0,0.0,정상,True
2020 10 30 06:07:04,0.0,정상,0.0,0.0,정상,True
2020 10 30 06:07:09,0.0,정상,0.0,0.0,정상,True
2020 10 30 06:07:14,0.0,정상,0.0,0.0,정상,True
2020 10 30 06:07:19,0.0,정상,0.0,0.0,정상,True
2020 10 30 06:07:24,0.0,정상,0.0,0.0,정상,True
2020 10 30 06:07:29,0.0,정상,0.0,0.0,정상,True
2020 10 30 06:07:34,0.0,정상,0.0,0.0,정상,True
2020 10 30 06:07:39,0.0,정상,0.0,0.0,정상,True
2020 10 30 06:07:44,0.0,정상,0.0,0.0,정상,True
2020 10 30 06:07:49,0.0,정상,0.0,0.0,정상,True
2020 10 30 06:07:54,0.0,정상,0.0,0.0,정상,True
2020 10 30 06:07:59,0.0,정상,0.0,0.0,정상,True
2020 10 30 06:08:04,0.0,정상,0.0,0.0,정상,True
2020 10 30 06:08:09,0.0,정상,0.0,0.0,정상,True
2020 10 30 06:08:14,0.0,정상,0.0,0.0,정상,True
2020 10 30 06:08:19,0.0,정상,0.0,0.0,정상,True
2020 10 30 06:08:24,0.0,정상,0.0,0.0,정상,True
2020 10 30 06:08:29,0.0,정상,0.0,0.0,정상,True
2020 10 30 06:08:34,0.0,정상,0.0,0.0,정상,True
2020 10 30 06:08:39,0.0,정상,0.0,0.0,정상,True
2020 10 30 06:08:44,0.0,정상,0.0,0.0,정상,True
2020 10 30 06:08:49,0.0,정상,0.0,0.0,정상,True
2020 10 30 06:08:54,0.0,정상,0.0,0.0,정상,True
2020 10 30 06:08:59,0.0,정상,0.0,0.0,정상,True
2020 10 30 06:09:04,0.0,정상,0.0,0.0,정상,True
2020 10 30 06:09:09,0.0,정상,0.0,0.0,정상,True
2020 10 30 06:09:14,0.0,정상,0.0,0.0,정상,True
2020 10 30 06:09:19,0.0,정상,0.0,0.0,정상,True
2020 10 30 06:09:24,0.0,정상,0.0,0.0,정상,True
2020 10 30 06:09:29,0.0,정상,0.0,0.0,정상,True
2020 10 30 06:09:34,0.0,정상,0.0,0.0,정상,True
2020 10 30 06:09:39,0.0,정상,0.0,0.0,정상,True
2020 10 30 06:09:44,0.0,정상,0.0,0.0,정상,True
2020 10 30 06:09:49,0.0,정상,0.0,0.0,정상,True
2020 10 30 06:09:54,0.0,정상,0.0,0.0,정상,True
2020 10 30 06:09:59,0.0,정상,0.0,0.0,정상,True
2020 10 30 06:10:04,0.0,정상,0.0,0.0,정상,True
2020 10 30 06:10:09,0.0,정상,0.0,0.0,정상,True
2020 10 30 06:10:14,0.0,정상,0.0,0.0,정상,True
2020 10 30 06:10:19,0.0,정상,0.0,0.0,정상,True
2020 10 30 06:10:24,0.0,정상,0.0,0.0,정상,True
2020 10 30 06:10:29,0.0,정상,0.0,0.0,정상,True
2020 10 30 06:10:34,0.0,정상,0.0,0.0,정상,True
2020 10 30 06:10:39,0.0,정상,0.0,0.0,정상,True
2020 10 30 06:10:44,0.0,정상,0.0,0.0,정상,True
2020 10 30 06:10:49,0.0,정상,0.0,0.0,정상,True
2020 10 30 06:10:54,0.0,정상,0.0,0.0,정상,True
2020 10 30 06:10:59,0.0,정상,0.0,0.0,정상,True
2020 10 30 06:11:04,0.0,정상,0.0,0.0,정상,True
2020 10 30 06:11:09,0.0,정상,0.0,0.0,정상,True
2020 10 30 06:11:14,0.0,정상,0.0,0.0,정상,True
2020 10 30 06:11:19,0.0,정상,0.0,0.0,정상,True
2020 10 30 06:11:24,0.0,정상,0.0,0.0,정상,True
2020 10 30 06:11:29,0.0,정상,0.0,0.0,정상,True
2020 10 30 06:11:34,0.0,정상,0.0,0.0,정상,True
2020 10 30 06:11:39,0.0,정상,0.0,0.0,정상,True
2020 10 30 06:11:44,0.0,정상,0.0,0.0,정상,True
2020 10 30 06:11:49,0.0,정상,0.0,0.0,정상,True
2020 10 30 06:11:54,0.0,정상,0.0,0.0,정상,True
2020 10 30 06:11:59,0.0,정상,0.0,0.0,정상,True
2020 10 30 06:12:04,0.0,정상,0.0,0.0,정상,True
2020 10 30 06:12:09,0.0,정상,0.0,0.0,정상,True
2020 10 30 06:12:14,0.0,정상,0.0,0.0,정상,True
2020 10 30 06:12:19,0.0,정상,0.0,0.0,정상,True
2020 10 30 06:12:24,0.0,정상,0.0,0.0,정상,True
2020 10 30 06:12:29,0.0,정상,0.0,0.0,정상,True
2020 10 30 06:12:34,0.0,정상,0.0,0.0,정상,True
2020 10 30 06:12:39,0.0,정상,0.0,0.0,정상,True
2020 10 30 06:12:44,0.0,정상,0.0,0.0,정상,True
2020 10 30 06:12:49,0.0,정상,0.0,0.0,정상,True
2020 10 30 06:12:54,0.0,정상,0.0,0.0,정상,True
2020 10 30 06:12:59,0.0,정상,0.0,0.0,정상,True
2020 10 30 06:13:04,0.0,정상,0.0,0.0,정상,True
2020 10 30 06:13:09,0.0,정상,0.0,0.0,정상,True
2020 10 30 06:13:14,0.0,정상,0.0,0.0,정상,True
2020 10 30 06:13:19,0.0,정상,0.0,0.0,정상,True
2020 10 30 06:13:24,0.0,정상,0.0,0.0,정상,True
2020 10 30 06:13:29,0.0,정상,0.0,0.0,정상,True
2020 10 30 06:13:34,0.0,정상,0.0,0.0,정상,True
2020 10 30 06:13:39,0.0,정상,0.0,0.0,정상,True
2020 10 30 06:13:44,0.0,정상,0.0,0.0,정상,True
2020 10 30 06:13:49,0.0,정상,0.0,0.0,정상,True
2020 10 30 06:13:54,0.0,정상,0.0,0.0,정상,True
2020 10 30 06:13:59,0.0,정상,0.0,0.0,정상,True
2020 10 30 06:14:04,0.0,정상,0.0,0.0,정상,True
2020 10 30 06:14:09,0.0,정상,0.0,0.0,정상,True
2020 10 30 06:14:14,0.0,정상,0.0,0.0,정상,True
2020 10 30 06:14:19,0.0,정상,0.0,0.0,정상,True
2020 10 30 06:14:24,0.0,정상,0.0,0.0,정상,True
2020 10 30 06:14:29,0.0,정상,0.0,0.0,정상,True
2020 10 30 06:14:34,0.0,정상,0.0,0.0,정상,True
2020 10 30 06:14:39,0.0,정상,0.0,0.0,정상,True
2020 10 30 06:14:44,0.0,정상,0.0,0.0,정상,True
2020 10 30 06:14:49,0.0,정상,0.0,0.0,정상,True
2020 10 30 06:14:54,0.0,정상,0.0,0.0,정상,True
2020 10 30 06:14:59,0.0,정상,0.0,0.0,정상,True
2020 10 30 06:15:04,0.0,정상,0.0,0.0,정상,True
2020 10 30 06:15:09,0.0,정상,0.0,0.0,정상,True
2020 10 30 06:15:14,0.0,정상,0.0,0.0,정상,True
2020 10 30 06:15:19,0.0,정상,0.0,0.0,정상,True
2020 10 30 06:15:24,0.0,정상,0.0,0.0,정상,True
2020 10 30 06:15:29,0.0,정상,0.0,0.0,정상,True
2020 10 30 06:15:34,0.0,정상,0.0,0.0,정상,True
2020 10 30 06:15:39,0.0,정상,0.0,0.0,정상,True
2020 10 30 06:15:44,0.0,정상,0.0,0.0,정상,True
2020 10 30 06:15:49,0.0,정상,0.0,0.0,정상,True
2020 10 30 06:15:54,0.0,정상,0.0,0.0,정상,True
2020 10 30 06:15:59,0.0,정상,0.0,0.0,정상,True
2020 10 30 06:16:04,0.0,정상,0.0,0.0,정상,True
2020 10 30 06:16:09,0.0,정상,0.0,0.0,정상,True
2020 10 30 06:16:14,0.0,정상,0.0,0.0,정상,True
2020 10 30 06:16:19,0.0,정상,0.0,0.0,정상,True
2020 10 30 06:16:24,0.0,정상,0.0,0.0,정상,True
2020 10 30 06:16:29,0.0,정상,0.0,0.0,정상,True
2020 10 30 06:16:34,0.0,정상,0.0,0.0,정상,True
2020 10 30 06:16:39,0.0,정상,0.0,0.0,정상,True
2020 10 30 06:16:44,0.0,정상,0.0,0.0,정상,True
2020 10 30 06:16:49,0.0,정상,0.0,0.0,정상,True
2020 10 30 06:16:54,0.0,정상,0.0,0.0,정상,True
2020 10 30 06:16:59,0.0,정상,0.0,0.0,정상,True
2020 10 30 06:17:04,0.0,정상,0.0,0.0,정상,True
2020 10 30 06:17:09,0.0,정상,0.0,0.0,정상,True
2020 10 30 06:17:14,0.0,정상,0.0,0.0,정상,True
2020 10 30 06:17:19,0.0,정상,0.0,0.0,정상,True
2020 10 30 06:17:24,0.0,정상,0.0,0.0,정상,True
2020 10 30 06:17:29,0.0,정상,0.0,0.0,정상,True
2020 10 30 06:17:34,0.0,정상,0.0,0.0,정상,True
2020 10 30 06:17:39,0.0,정상,0.0,0.0,정상,True
2020 10 30 06:17:44,0.0,정상,0.0,0.0,정상,True
2020 10 30 06:17:49,0.0,정상,0.0,0.0,정상,True
2020 10 30 06:17:54,0.0,정상,0.0,0.0,정상,True
2020 10 30 06:17:59,0.0,정상,0.0,0.0,정상,True
2020 10 30 06:18:04,0.0,정상,0.0,0.0,정상,True
2020 10 30 06:18:09,0.0,정상,0.0,0.0,정상,True
2020 10 30 06:18:14,0.0,정상,0.0,0.0,정상,True
2020 10 30 06:18:19,0.0,정상,0.0,0.0,정상,True
2020 10 30 06:18:24,0.0,정상,0.0,0.0,정상,True
2020 10 30 06:18:29,0.0,정상,0.0,0.0,정상,True
2020 10 30 06:18:34,0.0,정상,0.0,0.0,정상,True
2020 10 30 06:18:39,0.0,정상,0.0,0.0,정상,True
2020 10 30 06:18:44,0.0,정상,0.0,0.0,정상,True
2020 10 30 06:18:49,0.0,정상,0.0,0.0,정상,True
2020 10 30 06:18:54,0.0,정상,0.0,0.0,정상,True
2020 10 30 06:18:59,0.0,정상,0.0,0.0,정상,True
2020 10 30 06:19:04,0.0,정상,0.0,0.0,정상,True
2020 10 30 06:19:09,0.0,정상,0.0,0.0,정상,True
2020 10 30 06:19:14,0.0,정상,0.0,0.0,정상,True
2020 10 30 06:19:19,0.0,정상,0.0,0.0,정상,True
2020 10 30 06:19:24,0.0,정상,0.0,0.0,정상,True
2020 10 30 06:19:29,0.0,정상,0.0,0.0,정상,True
2020 10 30 06:19:34,0.0,정상,0.0,0.0,정상,True
2020 10 30 06:19:39,0.0,정상,0.0,0.0,정상,True
2020 10 30 06:19:44,0.0,정상,0.0,0.0,정상,True
2020 10 30 06:19:49,0.0,정상,0.0,0.0,정상,True
2020 10 30 06:19:54,0.0,정상,0.0,0.0,정상,True
2020 10 30 06:19:59,0.0,정상,0.0,0.0,정상,True
2020 10 30 06:20:04,0.0,정상,0.0,0.0,정상,True
2020 10 30 06:20:09,0.0,정상,0.0,0.0,정상,True
2020 10 30 06:20:14,0.0,정상,0.0,0.0,정상,True
2020 10 30 06:20:19,0.0,정상,0.0,0.0,정상,True
2020 10 30 06:20:24,0.0,정상,0.0,0.0,정상,True
2020 10 30 06:20:29,0.0,정상,0.0,0.0,정상,True
2020 10 30 06:20:34,0.0,정상,0.0,0.0,정상,True
2020 10 30 06:20:39,0.0,정상,0.0,0.0,정상,True
2020 10 30 06:20:44,0.0,정상,0.0,0.0,정상,True
2020 10 30 06:20:49,0.0,정상,0.0,0.0,정상,True
2020 10 30 06:20:54,0.0,정상,0.0,0.0,정상,True
2020 10 30 06:20:59,0.0,정상,0.0,0.0,정상,True
2020 10 30 06:21:04,0.0,정상,0.0,0.0,정상,True
2020 10 30 06:21:09,0.0,정상,0.0,0.0,정상,True
2020 10 30 06:21:14,0.0,정상,0.0,0.0,정상,True
2020 10 30 06:21:19,0.0,정상,0.0,0.0,정상,True
2020 10 30 06:21:24,0.0,정상,0.0,0.0,정상,True
2020 10 30 06:21:29,0.0,정상,0.0,0.0,정상,True
2020 10 30 06:21:34,0.0,정상,0.0,0.0,정상,True
2020 10 30 06:21:39,0.0,정상,0.0,0.0,정상,True
2020 10 30 06:21:44,0.0,정상,0.0,0.0,정상,True
2020 10 30 06:21:49,0.0,정상,0.0,0.0,정상,True
2020 10 30 06:21:54,0.0,정상,0.0,0.0,정상,True
2020 10 30 06:21:59,0.0,정상,0.0,0.0,정상,True
2020 10 30 06:22:04,0.0,정상,0.0,0.0,정상,True
2020 10 30 06:22:09,0.0,정상,0.0,0.0,정상,True
2020 10 30 06:22:14,0.0,정상,0.0,0.0,정상,True
2020 10 30 06:22:19,0.0,정상,0.0,0.0,정상,True
2020 10 30 06:22:24,0.0,정상,0.0,0.0,정상,True
2020 10 30 06:22:29,0.0,정상,0.0,0.0,정상,True
2020 10 30 06:22:34,0.0,정상,0.0,0.0,정상,True
2020 10 30 06:22:39,0.0,정상,0.0,0.0,정상,True
2020 10 30 06:22:44,0.0,정상,0.0,0.0,정상,True
2020 10 30 06:22:49,0.0,정상,0.0,0.0,정상,True
2020 10 30 06:22:54,0.0,정상,0.0,0.0,정상,True
2020 10 30 06:22:59,0.0,정상,0.0,0.0,정상,True
2020 10 30 06:23:04,0.0,정상,0.0,0.0,정상,True
2020 10 30 06:23:09,0.0,정상,0.0,0.0,정상,True
2020 10 30 06:23:14,0.0,정상,0.0,0.0,정상,True
2020 10 30 06:23:19,0.0,정상,0.0,0.0,정상,True
2020 10 30 06:23:24,0.0,정상,0.0,0.0,정상,True
2020 10 30 06:23:29,0.0,정상,0.0,0.0,정상,True
2020 10 30 06:23:34,0.0,정상,0.0,0.0,정상,True
2020 10 30 06:23:39,0.0,정상,0.0,0.0,정상,True
2020 10 30 06:23:44,0.0,정상,0.0,0.0,정상,True
2020 10 30 06:23:49,0.0,정상,0.0,0.0,정상,True
2020 10 30 06:23:54,0.0,정상,0.0,0.0,정상,True
2020 10 30 06:23:59,0.0,정상,0.0,0.0,정상,True
2020 10 30 06:24:04,0.0,정상,0.0,0.0,정상,True
2020 10 30 06:24:09,0.0,정상,0.0,0.0,정상,True
2020 10 30 06:24:14,0.0,정상,0.0,0.0,정상,True
2020 10 30 06:24:19,0.0,정상,0.0,0.0,정상,True
2020 10 30 06:24:24,0.0,정상,0.0,0.0,정상,True
2020 10 30 06:24:29,0.0,정상,0.0,0.0,정상,True
2020 10 30 06:24:34,0.0,정상,0.0,0.0,정상,True
2020 10 30 06:24:39,0.0,정상,0.0,0.0,정상,True
2020 10 30 06:24:44,0.0,정상,0.0,0.0,정상,True
2020 10 30 06:24:49,0.0,정상,0.0,0.0,정상,True
2020 10 30 06:24:54,0.0,정상,0.0,0.0,정상,True
2020 10 30 06:24:59,0.0,정상,0.0,0.0,정상,True
2020 10 30 06:25:04,0.0,정상,0.0,0.0,정상,True
2020 10 30 06:25:09,0.0,정상,0.0,0.0,정상,True
2020 10 30 06:25:14,0.0,정상,0.0,0.0,정상,True
2020 10 30 06:25:19,0.0,정상,0.0,0.0,정상,True
2020 10 30 06:25:24,0.0,정상,0.0,0.0,정상,True
2020 10 30 06:25:29,0.0,정상,0.0,0.0,정상,True
2020 10 30 06:25:34,0.0,정상,0.0,0.0,정상,True
2020 10 30 06:25:39,0.0,정상,0.0,0.0,정상,True
2020 10 30 06:25:44,0.0,정상,0.0,0.0,정상,True
2020 10 30 06:25:49,0.0,정상,0.0,0.0,정상,True
2020 10 30 06:25:54,0.0,정상,0.0,0.0,정상,True
2020 10 30 06:25:59,0.0,정상,0.0,0.0,정상,True
2020 10 30 06:26:04,0.0,정상,0.0,0.0,정상,True
2020 10 30 06:26:09,0.0,정상,0.0,0.0,정상,True
2020 10 30 06:26:14,0.0,정상,0.0,0.0,정상,True
2020 10 30 06:26:19,0.0,정상,0.0,0.0,정상,True
2020 10 30 06:26:24,0.0,정상,0.0,0.0,정상,True
2020 10 30 06:26:29,0.0,정상,0.0,0.0,정상,True
2020 10 30 06:26:34,0.0,정상,0.0,0.0,정상,True
2020 10 30 06:26:39,0.0,정상,0.0,0.0,정상,True
2020 10 30 06:26:44,0.0,정상,0.0,0.0,정상,True
2020 10 30 06:26:49,0.0,정상,0.0,0.0,정상,True
2020 10 30 06:26:54,0.0,정상,0.0,0.0,정상,True
2020 10 30 06:26:59,0.0,정상,0.0,0.0,정상,True
2020 10 30 06:27:04,0.0,정상,0.0,0.0,정상,True
2020 10 30 06:27:09,0.0,정상,0.0,0.0,정상,True
2020 10 30 06:27:14,0.0,정상,0.0,0.0,정상,True
2020 10 30 06:27:19,0.0,정상,0.0,0.0,정상,True
2020 10 30 06:27:24,0.0,정상,0.0,0.0,정상,True
2020 10 30 06:27:29,0.0,정상,0.0,0.0,정상,True
2020 10 30 06:27:34,0.0,정상,0.0,0.0,정상,True
2020 10 30 06:27:39,0.0,정상,0.0,0.0,정상,True
2020 10 30 06:27:44,0.0,정상,0.0,0.0,정상,True
2020 10 30 06:27:49,0.0,정상,0.0,0.0,정상,True
2020 10 30 06:27:54,0.0,정상,0.0,0.0,정상,True
2020 10 30 06:27:59,0.0,정상,0.0,0.0,정상,True
2020 10 30 06:28:04,0.0,정상,0.0,0.0,정상,True
2020 10 30 06:28:09,0.0,정상,0.0,0.0,정상,True
2020 10 30 06:28:14,0.0,정상,0.0,0.0,정상,True
2020 10 30 06:28:19,0.0,정상,0.0,0.0,정상,True
2020 10 30 06:28:24,0.0,정상,0.0,0.0,정상,True
2020 10 30 06:28:29,0.0,정상,0.0,0.0,정상,True
2020 10 30 06:28:34,0.0,정상,0.0,0.0,정상,True
2020 10 30 06:28:39,0.0,정상,0.0,0.0,정상,True
2020 10 30 06:28:44,0.0,정상,0.0,0.0,정상,True
2020 10 30 06:28:49,0.0,정상,0.0,0.0,정상,True
2020 10 30 06:28:54,0.0,정상,0.0,0.0,정상,True
2020 10 30 06:28:59,0.0,정상,0.0,0.0,정상,True
2020 10 30 06:29:04,0.0,정상,0.0,0.0,정상,True
2020 10 30 06:29:09,0.0,정상,0.0,0.0,정상,True
2020 10 30 06:29:14,0.0,정상,0.0,0.0,정상,True
2020 10 30 06:29:19,0.0,정상,0.0,0.0,정상,True
2020 10 30 06:29:24,0.0,정상,0.0,0.0,정상,True
2020 10 30 06:29:29,0.0,정상,0.0,0.0,정상,True
2020 10 30 06:29:34,0.0,정상,0.0,0.0,정상,True
2020 10 30 06:29:39,0.0,정상,0.0,0.0,정상,True
2020 10 30 06:29:44,0.0,정상,0.0,0.0,정상,True
2020 10 30 06:29:49,0.0,정상,0.0,0.0,정상,True
2020 10 30 06:29:54,0.0,정상,0.0,0.0,정상,True
2020 10 30 06:29:59,0.0,정상,0.0,0.0,정상,True
2020 10 30 06:30:04,0.0,정상,0.0,0.0,정상,True
2020 10 30 06:30:09,0.0,정상,0.0,0.0,정상,True
2020 10 30 06:30:14,0.0,정상,0.0,0.0,정상,True
2020 10 30 06:30:19,0.0,정상,0.0,0.0,정상,True
2020 10 30 06:30:24,0.0,정상,0.0,0.0,정상,True
2020 10 30 06:30:29,0.0,정상,0.0,0.0,정상,True
2020 10 30 06:30:34,0.0,정상,0.0,0.0,정상,True
2020 10 30 06:30:39,0.0,정상,0.0,0.0,정상,True
2020 10 30 06:30:44,0.0,정상,0.0,0.0,정상,True
2020 10 30 06:30:49,0.0,정상,0.0,0.0,정상,True
2020 10 30 06:30:54,0.0,정상,0.0,0.0,정상,True
2020 10 30 06:30:59,0.0,정상,0.0,0.0,정상,True
2020 10 30 06:31:04,0.0,정상,0.0,0.0,정상,True
2020 10 30 06:31:09,0.0,정상,0.0,0.0,정상,True
2020 10 30 06:31:14,0.0,정상,0.0,0.0,정상,True
2020 10 30 06:31:19,0.0,정상,0.0,0.0,정상,True
2020 10 30 06:31:24,0.0,정상,0.0,0.0,정상,True
2020 10 30 06:31:29,0.0,정상,0.0,0.0,정상,True
2020 10 30 06:31:34,0.0,정상,0.0,0.0,정상,True
2020 10 30 06:31:39,0.0,정상,0.0,0.0,정상,True
2020 10 30 06:31:44,0.0,정상,0.0,0.0,정상,True
2020 10 30 06:31:49,0.0,정상,0.0,0.0,정상,True
2020 10 30 06:31:54,0.0,정상,0.0,0.0,정상,True
2020 10 30 06:31:59,0.0,정상,0.0,0.0,정상,True
2020 10 30 06:32:04,0.0,정상,0.0,0.0,정상,True
2020 10 30 06:32:09,0.0,정상,0.0,0.0,정상,True
2020 10 30 06:32:14,0.0,정상,0.0,0.0,정상,True
2020 10 30 06:32:19,0.0,정상,0.0,0.0,정상,True
2020 10 30 06:32:24,0.0,정상,0.0,0.0,정상,True
2020 10 30 06:32:29,0.0,정상,0.0,0.0,정상,True
2020 10 30 06:32:34,0.0,정상,0.0,0.0,정상,True
2020 10 30 06:32:39,0.0,정상,0.0,0.0,정상,True
2020 10 30 06:32:44,0.0,정상,0.0,0.0,정상,True
2020 10 30 06:32:49,0.0,정상,0.0,0.0,정상,True
2020 10 30 06:32:54,0.0,정상,0.0,0.0,정상,True
2020 10 30 06:32:59,0.0,정상,0.0,0.0,정상,True
2020 10 30 06:33:04,0.0,정상,0.0,0.0,정상,True
2020 10 30 06:33:09,0.0,정상,0.0,0.0,정상,True
2020 10 30 06:33:14,0.0,정상,0.0,0.0,정상,True
2020 10 30 06:33:19,0.0,정상,0.0,0.0,정상,True
2020 10 30 06:33:24,0.0,정상,0.0,0.0,정상,True
2020 10 30 06:33:29,0.0,정상,0.0,0.0,정상,True
2020 10 30 06:33:34,0.0,정상,0.0,0.0,정상,True
2020 10 30 06:33:39,0.0,정상,0.0,0.0,정상,True
2020 10 30 06:33:44,0.0,정상,0.0,0.0,정상,True
2020 10 30 06:33:49,0.0,정상,0.0,0.0,정상,True
2020 10 30 06:33:54,0.0,정상,0.0,0.0,정상,True
2020 10 30 06:33:59,0.0,정상,0.0,0.0,정상,True
2020 10 30 06:34:04,0.0,정상,0.0,0.0,정상,True
2020 10 30 06:34:09,0.0,정상,0.0,0.0,정상,True
2020 10 30 06:34:14,0.0,정상,0.0,0.0,정상,True
2020 10 30 06:34:19,0.0,정상,0.0,0.0,정상,True
2020 10 30 06:34:24,0.0,정상,0.0,0.0,정상,True
2020 10 30 06:34:29,0.0,정상,0.0,0.0,정상,True
2020 10 30 06:34:34,0.0,정상,0.0,0.0,정상,True
2020 10 30 06:34:39,0.0,정상,0.0,0.0,정상,True
2020 10 30 06:34:44,0.0,정상,0.0,0.0,정상,True
2020 10 30 06:34:49,0.0,정상,0.0,0.0,정상,True
2020 10 30 06:34:54,0.0,정상,0.0,0.0,정상,True
2020 10 30 06:34:59,0.0,정상,0.0,0.0,정상,True
2020 10 30 06:35:04,0.0,정상,0.0,0.0,정상,True
2020 10 30 06:35:09,0.0,정상,0.0,0.0,정상,True
2020 10 30 06:35:14,0.0,정상,0.0,0.0,정상,True
2020 10 30 06:35:19,0.0,정상,0.0,0.0,정상,True
2020 10 30 06:35:24,0.0,정상,0.0,0.0,정상,True
2020 10 30 06:35:29,0.0,정상,0.0,0.0,정상,True
2020 10 30 06:35:34,0.0,정상,0.0,0.0,정상,True
2020 10 30 06:35:39,0.0,정상,0.0,0.0,정상,True
2020 10 30 06:35:44,0.0,정상,0.0,0.0,정상,True
2020 10 30 06:35:49,0.0,정상,0.0,0.0,정상,True
2020 10 30 06:35:54,0.0,정상,0.0,0.0,정상,True
2020 10 30 06:35:59,0.0,정상,0.0,0.0,정상,True
2020 10 30 06:36:04,0.0,정상,0.0,0.0,정상,True
2020 10 30 06:36:09,0.0,정상,0.0,0.0,정상,True
2020 10 30 06:36:14,0.0,정상,0.0,0.0,정상,True
2020 10 30 06:36:19,0.0,정상,0.0,0.0,정상,True
2020 10 30 06:36:24,0.0,정상,0.0,0.0,정상,True
2020 10 30 06:36:29,0.0,정상,0.0,0.0,정상,True
2020 10 30 06:36:34,0.0,정상,0.0,0.0,정상,True
2020 10 30 06:36:39,0.0,정상,0.0,0.0,정상,True
2020 10 30 06:36:44,0.0,정상,0.0,0.0,정상,True
2020 10 30 06:36:49,0.0,정상,0.0,0.0,정상,True
2020 10 30 06:36:54,0.0,정상,0.0,0.0,정상,True
2020 10 30 06:36:59,0.0,정상,0.0,0.0,정상,True
2020 10 30 06:37:04,0.0,정상,0.0,0.0,정상,True
2020 10 30 06:37:09,0.0,정상,0.0,0.0,정상,True
2020 10 30 06:37:14,0.0,정상,0.0,0.0,정상,True
2020 10 30 06:37:19,0.0,정상,0.0,0.0,정상,True
2020 10 30 06:37:24,0.0,정상,0.0,0.0,정상,True
2020 10 30 06:37:29,0.0,정상,0.0,0.0,정상,True
2020 10 30 06:37:34,0.0,정상,0.0,0.0,정상,True
2020 10 30 06:37:39,0.0,정상,0.0,0.0,정상,True
2020 10 30 06:37:44,0.0,정상,0.0,0.0,정상,True
2020 10 30 06:37:49,0.0,정상,0.0,0.0,정상,True
2020 10 30 06:37:54,0.0,정상,0.0,0.0,정상,True
2020 10 30 06:37:59,0.0,정상,0.0,0.0,정상,True
2020 10 30 06:38:04,0.0,정상,0.0,0.0,정상,True
2020 10 30 06:38:09,0.0,정상,0.0,0.0,정상,True
2020 10 30 06:38:14,0.0,정상,0.0,0.0,정상,True
2020 10 30 06:38:19,0.0,정상,0.0,0.0,정상,True
2020 10 30 06:38:24,0.0,정상,0.0,0.0,정상,True
2020 10 30 06:38:29,0.0,정상,0.0,0.0,정상,True
2020 10 30 06:38:34,0.0,정상,0.0,0.0,정상,True
2020 10 30 06:38:39,0.0,정상,0.0,0.0,정상,True
2020 10 30 06:38:44,0.0,정상,0.0,0.0,정상,True
2020 10 30 06:38:49,0.0,정상,0.0,0.0,정상,True
2020 10 30 06:38:54,0.0,정상,0.0,0.0,정상,True
2020 10 30 06:38:59,0.0,정상,0.0,0.0,정상,True
2020 10 30 06:39:04,0.0,정상,0.0,0.0,정상,True
2020 10 30 06:39:09,0.0,정상,0.0,0.0,정상,True
2020 10 30 06:39:14,0.0,정상,0.0,0.0,정상,True
2020 10 30 06:39:19,0.0,정상,0.0,0.0,정상,True
2020 10 30 06:39:24,0.0,정상,0.0,0.0,정상,True
2020 10 30 06:39:29,0.0,정상,0.0,0.0,정상,True
2020 10 30 06:39:34,0.0,정상,0.0,0.0,정상,True
2020 10 30 06:39:39,0.0,정상,0.0,0.0,정상,True
2020 10 30 06:39:44,0.0,정상,0.0,0.0,정상,True
2020 10 30 06:39:49,0.0,정상,0.0,0.0,정상,True
2020 10 30 06:39:54,0.0,정상,0.0,0.0,정상,True
2020 10 30 06:39:59,0.0,정상,0.0,0.0,정상,True
2020 10 30 06:40:04,0.0,정상,0.0,0.0,정상,True
2020 10 30 06:40:09,0.0,정상,0.0,0.0,정상,True
2020 10 30 06:40:14,0.0,정상,0.0,0.0,정상,True
2020 10 30 06:40:19,0.0,정상,0.0,0.0,정상,True
2020 10 30 06:40:24,0.0,정상,0.0,0.0,정상,True
2020 10 30 06:40:29,0.0,정상,0.0,0.0,정상,True
2020 10 30 06:40:34,0.0,정상,0.0,0.0,정상,True
2020 10 30 06:40:39,0.0,정상,0.0,0.0,정상,True
2020 10 30 06:40:44,0.0,정상,0.0,0.0,정상,True
2020 10 30 06:40:49,0.0,정상,0.0,0.0,정상,True
2020 10 30 06:40:54,0.0,정상,0.0,0.0,정상,True
2020 10 30 06:40:59,0.0,정상,0.0,0.0,정상,True
2020 10 30 06:41:04,0.0,정상,0.0,0.0,정상,True
2020 10 30 06:41:09,0.0,정상,0.0,0.0,정상,True
2020 10 30 06:41:14,0.0,정상,0.0,0.0,정상,True
2020 10 30 06:41:19,0.0,정상,0.0,0.0,정상,True
2020 10 30 06:41:24,0.0,정상,0.0,0.0,정상,True
2020 10 30 06:41:29,0.0,정상,0.0,0.0,정상,True
2020 10 30 06:41:34,0.0,정상,0.0,0.0,정상,True
2020 10 30 06:41:39,0.0,정상,0.0,0.0,정상,True
2020 10 30 06:41:44,0.0,정상,0.0,0.0,정상,True
2020 10 30 06:41:49,0.0,정상,0.0,0.0,정상,True
2020 10 30 06:41:54,0.0,정상,0.0,0.0,정상,True
2020 10 30 06:41:59,0.0,정상,0.0,0.0,정상,True
2020 10 30 06:42:04,0.0,정상,0.0,0.0,정상,True
2020 10 30 06:42:09,0.0,정상,0.0,0.0,정상,True
2020 10 30 06:42:14,0.0,정상,0.0,0.0,정상,True
2020 10 30 06:42:19,0.0,정상,0.0,0.0,정상,True
2020 10 30 06:42:24,0.0,정상,0.0,0.0,정상,True
2020 10 30 06:42:29,0.0,정상,0.0,0.0,정상,True
2020 10 30 06:42:34,0.0,정상,0.0,0.0,정상,True
2020 10 30 06:42:39,0.0,정상,0.0,0.0,정상,True
2020 10 30 06:42:44,0.0,정상,0.0,0.0,정상,True
2020 10 30 06:42:49,0.0,정상,0.0,0.0,정상,True
2020 10 30 06:42:54,0.0,정상,0.0,0.0,정상,True
2020 10 30 06:42:59,0.0,정상,0.0,0.0,정상,True
2020 10 30 06:43:04,0.0,정상,0.0,0.0,정상,True
2020 10 30 06:43:09,0.0,정상,0.0,0.0,정상,True
2020 10 30 06:43:14,0.0,정상,0.0,0.0,정상,True
2020 10 30 06:43:19,0.0,정상,0.0,0.0,정상,True
2020 10 30 06:43:24,0.0,정상,0.0,0.0,정상,True
2020 10 30 06:43:29,0.0,정상,0.0,0.0,정상,True
2020 10 30 06:43:34,0.0,정상,0.0,0.0,정상,True
2020 10 30 06:43:39,0.0,정상,0.0,0.0,정상,True
2020 10 30 06:43:44,0.0,정상,0.0,0.0,정상,True
2020 10 30 06:43:49,0.0,정상,0.0,0.0,정상,True
2020 10 30 06:43:54,0.0,정상,0.0,0.0,정상,True
2020 10 30 06:43:59,0.0,정상,0.0,0.0,정상,True
2020 10 30 06:44:04,0.0,정상,0.0,0.0,정상,True
2020 10 30 06:44:09,0.0,정상,0.0,0.0,정상,True
2020 10 30 06:44:14,0.0,정상,0.0,0.0,정상,True
2020 10 30 06:44:19,0.0,정상,0.0,0.0,정상,True
2020 10 30 06:44:24,0.0,정상,0.0,0.0,정상,True
2020 10 30 06:44:29,0.0,정상,0.0,0.0,정상,True
2020 10 30 06:44:34,0.0,정상,0.0,0.0,정상,True
2020 10 30 06:44:39,0.0,정상,0.0,0.0,정상,True
2020 10 30 06:44:44,0.0,정상,0.0,0.0,정상,True
2020 10 30 06:44:49,0.0,정상,0.0,0.0,정상,True
2020 10 30 06:44:54,0.0,정상,0.0,0.0,정상,True
2020 10 30 06:44:59,0.0,정상,0.0,0.0,정상,True
2020 10 30 06:45:04,0.0,정상,0.0,0.0,정상,True
2020 10 30 06:45:09,0.0,정상,0.0,0.0,정상,True
2020 10 30 06:45:14,0.0,정상,0.0,0.0,정상,True
2020 10 30 06:45:19,0.0,정상,0.0,0.0,정상,True
2020 10 30 06:45:24,0.0,정상,0.0,0.0,정상,True
2020 10 30 06:45:29,0.0,정상,0.0,0.0,정상,True
2020 10 30 06:45:34,0.0,정상,0.0,0.0,정상,True
2020 10 30 06:45:39,0.0,정상,0.0,0.0,정상,True
2020 10 30 06:45:44,0.0,정상,0.0,0.0,정상,True
2020 10 30 06:45:49,0.0,정상,0.0,0.0,정상,True
2020 10 30 06:45:54,0.0,정상,0.0,0.0,정상,True
2020 10 30 06:45:59,0.0,정상,0.0,0.0,정상,True
2020 10 30 06:46:04,0.0,정상,0.0,0.0,정상,True
2020 10 30 06:46:09,0.0,정상,0.0,0.0,정상,True
2020 10 30 06:46:14,0.0,정상,0.0,0.0,정상,True
2020 10 30 06:46:19,0.0,정상,0.0,0.0,정상,True
2020 10 30 06:46:24,0.0,정상,0.0,0.0,정상,True
2020 10 30 06:46:29,0.0,정상,0.0,0.0,정상,True
2020 10 30 06:46:34,0.0,정상,0.0,0.0,정상,True
2020 10 30 06:46:39,0.0,정상,0.0,0.0,정상,True
2020 10 30 06:46:44,0.0,정상,0.0,0.0,정상,True
2020 10 30 06:46:49,0.0,정상,0.0,0.0,정상,True
2020 10 30 06:46:54,0.0,정상,0.0,0.0,정상,True
2020 10 30 06:46:59,0.0,정상,0.0,0.0,정상,True
2020 10 30 06:47:04,0.0,정상,0.0,0.0,정상,True
2020 10 30 06:47:09,0.0,정상,0.0,0.0,정상,True
2020 10 30 06:47:14,0.0,정상,0.0,0.0,정상,True
2020 10 30 06:47:19,0.0,정상,0.0,0.0,정상,True
2020 10 30 06:47:24,0.0,정상,0.0,0.0,정상,True
2020 10 30 06:47:29,0.0,정상,0.0,0.0,정상,True
2020 10 30 06:47:34,0.0,정상,0.0,0.0,정상,True
2020 10 30 06:47:39,0.0,정상,0.0,0.0,정상,True
2020 10 30 06:47:44,0.0,정상,0.0,0.0,정상,True
2020 10 30 06:47:49,0.0,정상,0.0,0.0,정상,True
2020 10 30 06:47:54,0.0,정상,0.0,0.0,정상,True
2020 10 30 06:47:59,0.0,정상,0.0,0.0,정상,True
2020 10 30 06:48:04,0.0,정상,0.0,0.0,정상,True
2020 10 30 06:48:09,0.0,정상,0.0,0.0,정상,True
2020 10 30 06:48:14,0.0,정상,0.0,0.0,정상,True
2020 10 30 06:48:19,0.0,정상,0.0,0.0,정상,True
2020 10 30 06:48:24,0.0,정상,0.0,0.0,정상,True
2020 10 30 06:48:29,0.0,정상,0.0,0.0,정상,True
2020 10 30 06:48:34,0.0,정상,0.0,0.0,정상,True
2020 10 30 06:48:39,0.0,정상,0.0,0.0,정상,True
2020 10 30 06:48:44,0.0,정상,0.0,0.0,정상,True
2020 10 30 06:48:49,0.0,정상,0.0,0.0,정상,True
2020 10 30 06:48:54,0.0,정상,0.0,0.0,정상,True
2020 10 30 06:48:59,0.0,정상,0.0,0.0,정상,True
2020 10 30 06:49:04,0.0,정상,0.0,0.0,정상,True
2020 10 30 06:49:09,0.0,정상,0.0,0.0,정상,True
2020 10 30 06:49:14,0.0,정상,0.0,0.0,정상,True
2020 10 30 06:49:19,0.0,정상,0.0,0.0,정상,True
2020 10 30 06:49:24,0.0,정상,0.0,0.0,정상,True
2020 10 30 06:49:29,0.0,정상,0.0,0.0,정상,True
2020 10 30 06:49:34,0.0,정상,0.0,0.0,정상,True
2020 10 30 06:49:39,0.0,정상,0.0,0.0,정상,True
2020 10 30 06:49:44,0.0,정상,0.0,0.0,정상,True
2020 10 30 06:49:49,0.0,정상,0.0,0.0,정상,True
2020 10 30 06:49:54,0.0,정상,0.0,0.0,정상,True
2020 10 30 06:49:59,0.0,정상,0.0,0.0,정상,True
2020 10 30 06:50:04,0.0,정상,0.0,0.0,정상,True
2020 10 30 06:50:09,0.0,정상,0.0,0.0,정상,True
2020 10 30 06:50:14,0.0,정상,0.0,0.0,정상,True
2020 10 30 06:50:19,0.0,정상,0.0,0.0,정상,True
2020 10 30 06:50:24,0.0,정상,0.0,0.0,정상,True
2020 10 30 06:50:29,0.0,정상,0.0,0.0,정상,True
2020 10 30 06:50:34,0.0,정상,0.0,0.0,정상,True
2020 10 30 06:50:39,0.0,정상,0.0,0.0,정상,True
2020 10 30 06:50:44,0.0,정상,0.0,0.0,정상,True
2020 10 30 06:50:49,0.0,정상,0.0,0.0,정상,True
2020 10 30 06:50:54,0.0,정상,0.0,0.0,정상,True
2020 10 30 06:50:59,0.0,정상,0.0,0.0,정상,True
2020 10 30 06:51:04,0.0,정상,0.0,0.0,정상,True
2020 10 30 06:51:09,0.0,정상,0.0,0.0,정상,True
2020 10 30 06:51:14,0.0,정상,0.0,0.0,정상,True
2020 10 30 06:51:19,0.0,정상,0.0,0.0,정상,True
2020 10 30 06:51:24,0.0,정상,0.0,0.0,정상,True
2020 10 30 06:51:29,0.0,정상,0.0,0.0,정상,True
2020 10 30 06:51:34,0.0,정상,0.0,0.0,정상,True
2020 10 30 06:51:39,0.0,정상,0.0,0.0,정상,True
2020 10 30 06:51:44,0.0,정상,0.0,0.0,정상,True
2020 10 30 06:51:49,0.0,정상,0.0,0.0,정상,True
2020 10 30 06:51:54,0.0,정상,0.0,0.0,정상,True
2020 10 30 06:51:59,0.0,정상,0.0,0.0,정상,True
2020 10 30 06:52:04,0.0,정상,0.0,0.0,정상,True
2020 10 30 06:52:09,0.0,정상,0.0,0.0,정상,True
2020 10 30 06:52:14,0.0,정상,0.0,0.0,정상,True
2020 10 30 06:52:19,0.0,정상,0.0,0.0,정상,True
2020 10 30 06:52:24,0.0,정상,0.0,0.0,정상,True
2020 10 30 06:52:29,0.0,정상,0.0,0.0,정상,True
2020 10 30 06:52:34,0.0,정상,0.0,0.0,정상,True
2020 10 30 06:52:39,0.0,정상,0.0,0.0,정상,True
2020 10 30 06:52:44,0.0,정상,0.0,0.0,정상,True
2020 10 30 06:52:49,0.0,정상,0.0,0.0,정상,True
2020 10 30 06:52:54,0.0,정상,0.0,0.0,정상,True
2020 10 30 06:52:59,0.0,정상,0.0,0.0,정상,True
2020 10 30 06:53:04,0.0,정상,0.0,0.0,정상,True
2020 10 30 06:53:09,0.0,정상,0.0,0.0,정상,True
2020 10 30 06:53:14,0.0,정상,0.0,0.0,정상,True
2020 10 30 06:53:19,0.0,정상,0.0,0.0,정상,True
2020 10 30 06:53:24,0.0,정상,0.0,0.0,정상,True
2020 10 30 06:53:29,0.0,정상,0.0,0.0,정상,True
2020 10 30 06:53:34,0.0,정상,0.0,0.0,정상,True
2020 10 30 06:53:39,0.0,정상,0.0,0.0,정상,True
2020 10 30 06:53:44,0.0,정상,0.0,0.0,정상,True
2020 10 30 06:53:49,0.0,정상,0.0,0.0,정상,True
2020 10 30 06:53:54,0.0,정상,0.0,0.0,정상,True
2020 10 30 06:53:59,0.0,정상,0.0,0.0,정상,True
2020 10 30 06:54:04,0.0,정상,0.0,0.0,정상,True
2020 10 30 06:54:09,0.0,정상,0.0,0.0,정상,True
2020 10 30 06:54:14,0.0,정상,0.0,0.0,정상,True
2020 10 30 06:54:19,0.0,정상,0.0,0.0,정상,True
2020 10 30 06:54:24,0.0,정상,0.0,0.0,정상,True
2020 10 30 06:54:29,0.0,정상,0.0,0.0,정상,True
2020 10 30 06:54:34,0.0,정상,0.0,0.0,정상,True
2020 10 30 06:54:39,0.0,정상,0.0,0.0,정상,True
2020 10 30 06:54:44,0.0,정상,0.0,0.0,정상,True
2020 10 30 06:54:49,0.0,정상,0.0,0.0,정상,True
2020 10 30 06:54:54,0.0,정상,0.0,0.0,정상,True
2020 10 30 06:54:59,0.0,정상,0.0,0.0,정상,True
2020 10 30 06:55:04,0.0,정상,0.0,0.0,정상,True
2020 10 30 06:55:09,0.0,정상,0.0,0.0,정상,True
2020 10 30 06:55:14,0.0,정상,0.0,0.0,정상,True
2020 10 30 06:55:19,0.0,정상,0.0,0.0,정상,True
2020 10 30 06:55:24,0.0,정상,0.0,0.0,정상,True
2020 10 30 06:55:29,0.0,정상,0.0,0.0,정상,True
2020 10 30 06:55:34,0.0,정상,0.0,0.0,정상,True
2020 10 30 06:55:39,0.0,정상,0.0,0.0,정상,True
2020 10 30 06:55:44,0.0,정상,0.0,0.0,정상,True
2020 10 30 06:55:49,0.0,정상,0.0,0.0,정상,True
2020 10 30 06:55:54,0.0,정상,0.0,0.0,정상,True
2020 10 30 06:55:59,0.0,정상,0.0,0.0,정상,True
2020 10 30 06:56:04,0.0,정상,0.0,0.0,정상,True
2020 10 30 06:56:09,0.0,정상,0.0,0.0,정상,True
2020 10 30 06:56:14,0.0,정상,0.0,0.0,정상,True
2020 10 30 06:56:19,0.0,정상,0.0,0.0,정상,True
2020 10 30 06:56:24,0.0,정상,0.0,0.0,정상,True
2020 10 30 06:56:29,0.0,정상,0.0,0.0,정상,True
2020 10 30 06:56:34,0.0,정상,0.0,0.0,정상,True
2020 10 30 06:56:39,0.0,정상,0.0,0.0,정상,True
2020 10 30 06:56:44,0.0,정상,0.0,0.0,정상,True
2020 10 30 06:56:49,0.0,정상,0.0,0.0,정상,True
2020 10 30 06:56:54,0.0,정상,0.0,0.0,정상,True
2020 10 30 06:56:59,0.0,정상,0.0,0.0,정상,True
2020 10 30 06:57:04,0.0,정상,0.0,0.0,정상,True
2020 10 30 06:57:09,0.0,정상,0.0,0.0,정상,True
2020 10 30 06:57:14,0.0,정상,0.0,0.0,정상,True
2020 10 30 06:57:19,0.0,정상,0.0,0.0,정상,True
2020 10 30 06:57:24,0.0,정상,0.0,0.0,정상,True
2020 10 30 06:57:29,0.0,정상,0.0,0.0,정상,True
2020 10 30 06:57:34,0.0,정상,0.0,0.0,정상,True
2020 10 30 06:57:39,0.0,정상,0.0,0.0,정상,True
2020 10 30 06:57:44,0.0,정상,0.0,0.0,정상,True
2020 10 30 06:57:49,0.0,정상,0.0,0.0,정상,True
2020 10 30 06:57:54,0.0,정상,0.0,0.0,정상,True
2020 10 30 06:57:59,0.0,정상,0.0,0.0,정상,True
2020 10 30 06:58:04,0.0,정상,0.0,0.0,정상,True
2020 10 30 06:58:09,0.0,정상,0.0,0.0,정상,True
2020 10 30 06:58:14,0.0,정상,0.0,0.0,정상,True
2020 10 30 06:58:19,0.0,정상,0.0,0.0,정상,True
2020 10 30 06:58:24,0.0,정상,0.0,0.0,정상,True
2020 10 30 06:58:29,0.0,정상,0.0,0.0,정상,True
2020 10 30 06:58:34,0.0,정상,0.0,0.0,정상,True
2020 10 30 06:58:39,0.0,정상,0.0,0.0,정상,True
2020 10 30 06:58:44,0.0,정상,0.0,0.0,정상,True
2020 10 30 06:58:49,0.0,정상,0.0,0.0,정상,True
2020 10 30 06:58:54,0.0,정상,0.0,0.0,정상,True
2020 10 30 06:58:59,0.0,정상,0.0,0.0,정상,True
2020 10 30 06:59:04,0.0,정상,0.0,0.0,정상,True
2020 10 30 06:59:09,0.0,정상,0.0,0.0,정상,True
2020 10 30 06:59:14,0.0,정상,0.0,0.0,정상,True
2020 10 30 06:59:19,0.0,정상,0.0,0.0,정상,True
2020 10 30 06:59:24,0.0,정상,0.0,0.0,정상,True
2020 10 30 06:59:29,0.0,정상,0.0,0.0,정상,True
2020 10 30 06:59:34,0.0,정상,0.0,0.0,정상,True
2020 10 30 06:59:39,0.0,정상,0.0,0.0,정상,True
2020 10 30 06:59:44,0.0,정상,0.0,0.0,정상,True
2020 10 30 06:59:49,0.0,정상,0.0,0.0,정상,True
2020 10 30 06:59:54,0.0,정상,0.0,0.0,정상,True
2020 10 30 06:59:59,0.0,정상,0.0,0.0,정상,True
2020 10 30 07:00:04,0.0,정상,0.0,0.0,정상,True
2020 10 30 07:00:09,0.0,정상,0.0,0.0,정상,True
2020 10 30 07:00:14,0.0,정상,0.0,0.0,정상,True
2020 10 30 07:00:19,0.0,정상,0.0,0.0,정상,True
2020 10 30 07:00:24,0.0,정상,0.0,0.0,정상,True
2020 10 30 07:00:29,0.0,정상,0.0,0.0,정상,True
2020 10 30 07:00:34,0.0,정상,0.0,0.0,정상,True
2020 10 30 07:00:39,0.0,정상,0.0,0.0,정상,True
2020 10 30 07:00:44,0.0,정상,0.0,0.0,정상,True
2020 10 30 07:00:49,0.0,정상,0.0,0.0,정상,True
2020 10 30 07:00:54,0.0,정상,0.0,0.0,정상,True
2020 10 30 07:00:59,0.0,정상,0.0,0.0,정상,True
2020 10 30 07:01:04,0.0,정상,0.0,0.0,정상,True
2020 10 30 07:01:09,0.0,정상,0.0,0.0,정상,True
2020 10 30 07:01:14,0.0,정상,0.0,0.0,정상,True
2020 10 30 07:01:19,0.0,정상,0.0,0.0,정상,True
2020 10 30 07:01:24,0.0,정상,0.0,0.0,정상,True
2020 10 30 07:01:29,0.0,정상,0.0,0.0,정상,True
2020 10 30 07:01:34,0.0,정상,0.0,0.0,정상,True
2020 10 30 07:01:39,0.0,정상,0.0,0.0,정상,True
2020 10 30 07:01:44,0.0,정상,0.0,0.0,정상,True
2020 10 30 07:01:49,0.0,정상,0.0,0.0,정상,True
2020 10 30 07:01:54,0.0,정상,0.0,0.0,정상,True
2020 10 30 07:01:59,0.0,정상,0.0,0.0,정상,True
2020 10 30 07:02:04,0.0,정상,0.0,0.0,정상,True
2020 10 30 07:02:09,0.0,정상,0.0,0.0,정상,True
2020 10 30 07:02:14,0.0,정상,0.0,0.0,정상,True
2020 10 30 07:02:19,0.0,정상,0.0,0.0,정상,True
2020 10 30 07:02:24,0.0,정상,0.0,0.0,정상,True
2020 10 30 07:02:29,0.0,정상,0.0,0.0,정상,True
2020 10 30 07:02:34,0.0,정상,0.0,0.0,정상,True
2020 10 30 07:02:39,0.0,정상,0.0,0.0,정상,True
2020 10 30 07:02:44,0.0,정상,0.0,0.0,정상,True
2020 10 30 07:02:49,0.0,정상,0.0,0.0,정상,True
2020 10 30 07:02:54,0.0,정상,0.0,0.0,정상,True
2020 10 30 07:02:59,0.0,정상,0.0,0.0,정상,True
2020 10 30 07:03:04,0.0,정상,0.0,0.0,정상,True
2020 10 30 07:03:09,0.0,정상,0.0,0.0,정상,True
2020 10 30 07:03:14,0.0,정상,0.0,0.0,정상,True
2020 10 30 07:03:19,0.0,정상,0.0,0.0,정상,True
2020 10 30 07:03:24,0.0,정상,0.0,0.0,정상,True
2020 10 30 07:03:29,0.0,정상,0.0,0.0,정상,True
2020 10 30 07:03:34,0.0,정상,0.0,0.0,정상,True
2020 10 30 07:03:39,0.0,정상,0.0,0.0,정상,True
2020 10 30 07:03:44,0.0,정상,0.0,0.0,정상,True
2020 10 30 07:03:49,0.0,정상,0.0,0.0,정상,True
2020 10 30 07:03:54,0.0,정상,0.0,0.0,정상,True
2020 10 30 07:03:59,0.0,정상,0.0,0.0,정상,True
2020 10 30 07:04:04,0.0,정상,0.0,0.0,정상,True
2020 10 30 07:04:09,0.0,정상,0.0,0.0,정상,True
2020 10 30 07:04:14,0.0,정상,0.0,0.0,정상,True
2020 10 30 07:04:19,0.0,정상,0.0,0.0,정상,True
2020 10 30 07:04:24,0.0,정상,0.0,0.0,정상,True
2020 10 30 07:04:29,0.0,정상,0.0,0.0,정상,True
2020 10 30 07:04:34,0.0,정상,0.0,0.0,정상,True
2020 10 30 07:04:39,0.0,정상,0.0,0.0,정상,True
2020 10 30 07:04:44,0.0,정상,0.0,0.0,정상,True
2020 10 30 07:04:49,0.0,정상,0.0,0.0,정상,True
2020 10 30 07:04:54,0.0,정상,0.0,0.0,정상,True
2020 10 30 07:04:59,0.0,정상,0.0,0.0,정상,True
2020 10 30 07:05:04,0.0,정상,0.0,0.0,정상,True
2020 10 30 07:05:09,0.0,정상,0.0,0.0,정상,True
2020 10 30 07:05:14,0.0,정상,0.0,0.0,정상,True
2020 10 30 07:05:19,0.0,정상,0.0,0.0,정상,True
2020 10 30 07:05:24,0.0,정상,0.0,0.0,정상,True
2020 10 30 07:05:29,0.0,정상,0.0,0.0,정상,True
2020 10 30 07:05:34,0.0,정상,0.0,0.0,정상,True
2020 10 30 07:05:39,0.0,정상,0.0,0.0,정상,True
2020 10 30 07:05:44,0.0,정상,0.0,0.0,정상,True
2020 10 30 07:05:49,0.0,정상,0.0,0.0,정상,True
2020 10 30 07:05:54,0.0,정상,0.0,0.0,정상,True
2020 10 30 07:05:59,0.0,정상,0.0,0.0,정상,True
2020 10 30 07:06:04,0.0,정상,0.0,0.0,정상,True
2020 10 30 07:06:09,0.0,정상,0.0,0.0,정상,True
2020 10 30 07:06:14,0.0,정상,0.0,0.0,정상,True
2020 10 30 07:06:19,0.0,정상,0.0,0.0,정상,True
2020 10 30 07:06:24,0.0,정상,0.0,0.0,정상,True
2020 10 30 07:06:29,0.0,정상,0.0,0.0,정상,True
2020 10 30 07:06:34,0.0,정상,0.0,0.0,정상,True
2020 10 30 07:06:39,0.0,정상,0.0,0.0,정상,True
2020 10 30 07:06:44,0.0,정상,0.0,0.0,정상,True
2020 10 30 07:06:49,0.0,정상,0.0,0.0,정상,True
2020 10 30 07:06:54,0.0,정상,0.0,0.0,정상,True
2020 10 30 07:06:59,0.0,정상,0.0,0.0,정상,True
2020 10 30 07:07:04,0.0,정상,0.0,0.0,정상,True
2020 10 30 07:07:09,0.0,정상,0.0,0.0,정상,True
2020 10 30 07:07:14,0.0,정상,0.0,0.0,정상,True
2020 10 30 07:07:19,0.0,정상,0.0,0.0,정상,True
2020 10 30 07:07:24,0.0,정상,0.0,0.0,정상,True
2020 10 30 07:07:29,0.0,정상,0.0,0.0,정상,True
2020 10 30 07:07:34,0.0,정상,0.0,0.0,정상,True
2020 10 30 07:07:39,0.0,정상,0.0,0.0,정상,True
2020 10 30 07:07:44,0.0,정상,0.0,0.0,정상,True
2020 10 30 07:07:49,0.0,정상,0.0,0.0,정상,True
2020 10 30 07:07:54,0.0,정상,0.0,0.0,정상,True
2020 10 30 07:07:59,0.0,정상,0.0,0.0,정상,True
2020 10 30 07:08:04,0.0,정상,0.0,0.0,정상,True
2020 10 30 07:08:09,0.0,정상,0.0,0.0,정상,True
2020 10 30 07:08:14,0.0,정상,0.0,0.0,정상,True
2020 10 30 07:08:19,0.0,정상,0.0,0.0,정상,True
2020 10 30 07:08:24,0.0,정상,0.0,0.0,정상,True
2020 10 30 07:08:29,0.0,정상,0.0,0.0,정상,True
2020 10 30 07:08:34,0.0,정상,0.0,0.0,정상,True
2020 10 30 07:08:39,0.0,정상,0.0,0.0,정상,True
2020 10 30 07:08:44,0.0,정상,0.0,0.0,정상,True
2020 10 30 07:08:49,0.0,정상,0.0,0.0,정상,True
2020 10 30 07:08:54,0.0,정상,0.0,0.0,정상,True
2020 10 30 07:08:59,0.0,정상,0.0,0.0,정상,True
2020 10 30 07:09:04,0.0,정상,0.0,0.0,정상,True
2020 10 30 07:09:09,0.0,정상,0.0,0.0,정상,True
2020 10 30 07:09:14,0.0,정상,0.0,0.0,정상,True
2020 10 30 07:09:19,0.0,정상,0.0,0.0,정상,True
2020 10 30 07:09:24,0.0,정상,0.0,0.0,정상,True
2020 10 30 07:09:29,0.0,정상,0.0,0.0,정상,True
2020 10 30 07:09:34,0.0,정상,0.0,0.0,정상,True
2020 10 30 07:09:39,0.0,정상,0.0,0.0,정상,True
2020 10 30 07:09:44,0.0,정상,0.0,0.0,정상,True
2020 10 30 07:09:49,0.0,정상,0.0,0.0,정상,True
2020 10 30 07:09:54,0.0,정상,0.0,0.0,정상,True
2020 10 30 07:09:59,0.0,정상,0.0,0.0,정상,True
2020 10 30 07:10:04,0.0,정상,0.0,0.0,정상,True
2020 10 30 07:10:09,0.0,정상,0.0,0.0,정상,True
2020 10 30 07:10:14,0.0,정상,0.0,0.0,정상,True
2020 10 30 07:10:19,0.0,정상,0.0,0.0,정상,True
2020 10 30 07:10:24,0.0,정상,0.0,0.0,정상,True
2020 10 30 07:10:29,0.0,정상,0.0,0.0,정상,True
2020 10 30 07:10:34,0.0,정상,0.0,0.0,정상,True
2020 10 30 07:10:39,0.0,정상,0.0,0.0,정상,True
2020 10 30 07:10:44,0.0,정상,0.0,0.0,정상,True
2020 10 30 07:10:49,0.0,정상,0.0,0.0,정상,True
2020 10 30 07:10:54,0.0,정상,0.0,0.0,정상,True
2020 10 30 07:10:59,0.0,정상,0.0,0.0,정상,True
2020 10 30 07:11:04,0.0,정상,0.0,0.0,정상,True
2020 10 30 07:11:09,0.0,정상,0.0,0.0,정상,True
2020 10 30 07:11:14,0.0,정상,0.0,0.0,정상,True
2020 10 30 07:11:19,0.0,정상,0.0,0.0,정상,True
2020 10 30 07:11:24,0.0,정상,0.0,0.0,정상,True
2020 10 30 07:11:29,0.0,정상,0.0,0.0,정상,True
2020 10 30 07:11:34,0.0,정상,0.0,0.0,정상,True
2020 10 30 07:11:39,0.0,정상,0.0,0.0,정상,True
2020 10 30 07:11:44,0.0,정상,0.0,0.0,정상,True
2020 10 30 07:11:49,0.0,정상,0.0,0.0,정상,True
2020 10 30 07:11:54,0.0,정상,0.0,0.0,정상,True
2020 10 30 07:11:59,0.0,정상,0.0,0.0,정상,True
2020 10 30 07:12:04,0.0,정상,0.0,0.0,정상,True
2020 10 30 07:12:09,0.0,정상,0.0,0.0,정상,True
2020 10 30 07:12:14,0.0,정상,0.0,0.0,정상,True
2020 10 30 07:12:19,0.0,정상,0.0,0.0,정상,True
2020 10 30 07:12:24,0.0,정상,0.0,0.0,정상,True
2020 10 30 07:12:29,0.0,정상,0.0,0.0,정상,True
2020 10 30 07:12:34,0.0,정상,0.0,0.0,정상,True
2020 10 30 07:12:39,0.0,정상,0.0,0.0,정상,True
2020 10 30 07:12:44,0.0,정상,0.0,0.0,정상,True
2020 10 30 07:12:49,0.0,정상,0.0,0.0,정상,True
2020 10 30 07:12:54,0.0,정상,0.0,0.0,정상,True
2020 10 30 07:12:59,0.0,정상,0.0,0.0,정상,True
2020 10 30 07:13:04,0.0,정상,0.0,0.0,정상,True
2020 10 30 07:13:09,0.0,정상,0.0,0.0,정상,True
2020 10 30 07:13:14,0.0,정상,0.0,0.0,정상,True
2020 10 30 07:13:19,0.0,정상,0.0,0.0,정상,True
2020 10 30 07:13:24,0.0,정상,0.0,0.0,정상,True
2020 10 30 07:13:29,0.0,정상,0.0,0.0,정상,True
2020 10 30 07:13:34,0.0,정상,0.0,0.0,정상,True
2020 10 30 07:13:39,0.0,정상,0.0,0.0,정상,True
2020 10 30 07:13:44,0.0,정상,0.0,0.0,정상,True
2020 10 30 07:13:49,0.0,정상,0.0,0.0,정상,True
2020 10 30 07:13:54,0.0,정상,0.0,0.0,정상,True
2020 10 30 07:13:59,0.0,정상,0.0,0.0,정상,True
2020 10 30 07:14:04,0.0,정상,0.0,0.0,정상,True
2020 10 30 07:14:09,0.0,정상,0.0,0.0,정상,True
2020 10 30 07:14:14,0.0,정상,0.0,0.0,정상,True
2020 10 30 07:14:19,0.0,정상,0.0,0.0,정상,True
2020 10 30 07:14:24,0.0,정상,0.0,0.0,정상,True
2020 10 30 07:14:29,0.0,정상,0.0,0.0,정상,True
2020 10 30 07:14:34,0.0,정상,0.0,0.0,정상,True
2020 10 30 07:14:39,0.0,정상,0.0,0.0,정상,True
2020 10 30 07:14:44,0.0,정상,0.0,0.0,정상,True
2020 10 30 07:14:49,0.0,정상,0.0,0.0,정상,True
2020 10 30 07:14:54,0.0,정상,0.0,0.0,정상,True
2020 10 30 07:14:59,0.0,정상,0.0,0.0,정상,True
2020 10 30 07:15:04,0.0,정상,0.0,0.0,정상,True
2020 10 30 07:15:09,0.0,정상,0.0,0.0,정상,True
2020 10 30 07:15:14,0.0,정상,0.0,0.0,정상,True
2020 10 30 07:15:19,0.0,정상,0.0,0.0,정상,True
2020 10 30 07:15:24,0.0,정상,0.0,0.0,정상,True
2020 10 30 07:15:29,0.0,정상,0.0,0.0,정상,True
2020 10 30 07:15:34,0.0,정상,0.0,0.0,정상,True
2020 10 30 07:15:39,0.0,정상,0.0,0.0,정상,True
2020 10 30 07:15:44,0.0,정상,0.0,0.0,정상,True
2020 10 30 07:15:49,0.0,정상,0.0,0.0,정상,True
2020 10 30 07:15:54,0.0,정상,0.0,0.0,정상,True
2020 10 30 07:15:59,0.0,정상,0.0,0.0,정상,True
2020 10 30 07:16:04,0.0,정상,0.0,0.0,정상,True
2020 10 30 07:16:09,0.0,정상,0.0,0.0,정상,True
2020 10 30 07:16:14,0.0,정상,0.0,0.0,정상,True
2020 10 30 07:16:19,0.0,정상,0.0,0.0,정상,True
2020 10 30 07:16:24,0.0,정상,0.0,0.0,정상,True
2020 10 30 07:16:29,0.0,정상,0.0,0.0,정상,True
2020 10 30 07:16:34,0.0,정상,0.0,0.0,정상,True
2020 10 30 07:16:39,0.0,정상,0.0,0.0,정상,True
2020 10 30 07:16:44,0.0,정상,0.0,0.0,정상,True
2020 10 30 07:16:49,0.0,정상,0.0,0.0,정상,True
2020 10 30 07:16:54,0.0,정상,0.0,0.0,정상,True
2020 10 30 07:16:59,0.0,정상,0.0,0.0,정상,True
2020 10 30 07:17:04,0.0,정상,0.0,0.0,정상,True
2020 10 30 07:17:09,0.0,정상,0.0,0.0,정상,True
2020 10 30 07:17:14,0.0,정상,0.0,0.0,정상,True
2020 10 30 07:17:19,0.0,정상,0.0,0.0,정상,True
2020 10 30 07:17:24,0.0,정상,0.0,0.0,정상,True
2020 10 30 07:17:29,0.0,정상,0.0,0.0,정상,True
2020 10 30 07:17:34,0.0,정상,0.0,0.0,정상,True
2020 10 30 07:17:39,0.0,정상,0.0,0.0,정상,True
2020 10 30 07:17:44,0.0,정상,0.0,0.0,정상,True
2020 10 30 07:17:49,0.0,정상,0.0,0.0,정상,True
2020 10 30 07:17:54,0.0,정상,0.0,0.0,정상,True
2020 10 30 07:17:59,0.0,정상,0.0,0.0,정상,True
2020 10 30 07:18:04,0.0,정상,0.0,0.0,정상,True
2020 10 30 07:18:09,0.0,정상,0.0,0.0,정상,True
2020 10 30 07:18:14,0.0,정상,0.0,0.0,정상,True
2020 10 30 07:18:19,0.0,정상,0.0,0.0,정상,True
2020 10 30 07:18:24,0.0,정상,0.0,0.0,정상,True
2020 10 30 07:18:29,0.0,정상,0.0,0.0,정상,True
2020 10 30 07:18:34,0.0,정상,0.0,0.0,정상,True
2020 10 30 07:18:39,0.0,정상,0.0,0.0,정상,True
2020 10 30 07:18:44,0.0,정상,0.0,0.0,정상,True
2020 10 30 07:18:49,0.0,정상,0.0,0.0,정상,True
2020 10 30 07:18:54,0.0,정상,0.0,0.0,정상,True
2020 10 30 07:18:59,0.0,정상,0.0,0.0,정상,True
2020 10 30 07:19:04,0.0,정상,0.0,0.0,정상,True
2020 10 30 07:19:09,0.0,정상,0.0,0.0,정상,True
2020 10 30 07:19:14,0.0,정상,0.0,0.0,정상,True
2020 10 30 07:19:19,0.0,정상,0.0,0.0,정상,True
2020 10 30 07:19:24,0.0,정상,0.0,0.0,정상,True
2020 10 30 07:19:29,0.0,정상,0.0,0.0,정상,True
2020 10 30 07:19:34,0.0,정상,0.0,0.0,정상,True
2020 10 30 07:19:39,0.0,정상,0.0,0.0,정상,True
2020 10 30 07:19:44,0.0,정상,0.0,0.0,정상,True
2020 10 30 07:19:49,0.0,정상,0.0,0.0,정상,True
2020 10 30 07:19:54,0.0,정상,0.0,0.0,정상,True
2020 10 30 07:19:59,0.0,정상,0.0,0.0,정상,True
2020 10 30 07:20:04,0.0,정상,0.0,0.0,정상,True
2020 10 30 07:20:09,0.0,정상,0.0,0.0,정상,True
2020 10 30 07:20:14,0.0,정상,0.0,0.0,정상,True
2020 10 30 07:20:19,0.0,정상,0.0,0.0,정상,True
2020 10 30 07:20:24,0.0,정상,0.0,0.0,정상,True
2020 10 30 07:20:29,0.0,정상,0.0,0.0,정상,True
2020 10 30 07:20:34,0.0,정상,0.0,0.0,정상,True
2020 10 30 07:20:39,0.0,정상,0.0,0.0,정상,True
2020 10 30 07:20:44,0.0,정상,0.0,0.0,정상,True
2020 10 30 07:20:49,0.0,정상,0.0,0.0,정상,True
2020 10 30 07:20:54,0.0,정상,0.0,0.0,정상,True
2020 10 30 07:20:59,0.0,정상,0.0,0.0,정상,True
2020 10 30 07:21:04,0.0,정상,0.0,0.0,정상,True
2020 10 30 07:21:09,0.0,정상,0.0,0.0,정상,True
2020 10 30 07:21:14,0.0,정상,0.0,0.0,정상,True
2020 10 30 07:21:19,0.0,정상,0.0,0.0,정상,True
2020 10 30 07:21:24,0.0,정상,0.0,0.0,정상,True
2020 10 30 07:21:29,0.0,정상,0.0,0.0,정상,True
2020 10 30 07:21:34,0.0,정상,0.0,0.0,정상,True
2020 10 30 07:21:39,0.0,정상,0.0,0.0,정상,True
2020 10 30 07:21:44,0.0,정상,0.0,0.0,정상,True
2020 10 30 07:21:49,0.0,정상,0.0,0.0,정상,True
2020 10 30 07:21:54,0.0,정상,0.0,0.0,정상,True
2020 10 30 07:21:59,0.0,정상,0.0,0.0,정상,True
2020 10 30 07:22:04,0.0,정상,0.0,0.0,정상,True
2020 10 30 07:22:09,0.0,정상,0.0,0.0,정상,True
2020 10 30 07:22:14,0.0,정상,0.0,0.0,정상,True
2020 10 30 07:22:19,0.0,정상,0.0,0.0,정상,True
2020 10 30 07:22:24,0.0,정상,0.0,0.0,정상,True
2020 10 30 07:22:29,0.0,정상,0.0,0.0,정상,True
2020 10 30 07:22:34,0.0,정상,0.0,0.0,정상,True
2020 10 30 07:22:39,0.0,정상,0.0,0.0,정상,True
2020 10 30 07:22:44,0.0,정상,0.0,0.0,정상,True
2020 10 30 07:22:49,0.0,정상,0.0,0.0,정상,True
2020 10 30 07:22:54,0.0,정상,0.0,0.0,정상,True
2020 10 30 07:22:59,0.0,정상,0.0,0.0,정상,True
2020 10 30 07:23:04,0.0,정상,0.0,0.0,정상,True
2020 10 30 07:23:09,0.0,정상,0.0,0.0,정상,True
2020 10 30 07:23:14,0.0,정상,0.0,0.0,정상,True
2020 10 30 07:23:19,0.0,정상,0.0,0.0,정상,True
2020 10 30 07:23:24,0.0,정상,0.0,0.0,정상,True
2020 10 30 07:23:29,0.0,정상,0.0,0.0,정상,True
2020 10 30 07:23:34,0.0,정상,0.0,0.0,정상,True
2020 10 30 07:23:39,0.0,정상,0.0,0.0,정상,True
2020 10 30 07:23:44,0.0,정상,0.0,0.0,정상,True
2020 10 30 07:23:49,0.0,정상,0.0,0.0,정상,True
2020 10 30 07:23:54,0.0,정상,0.0,0.0,정상,True
2020 10 30 07:23:59,0.0,정상,0.0,0.0,정상,True
2020 10 30 07:24:04,0.0,정상,0.0,0.0,정상,True
2020 10 30 07:24:09,0.0,정상,0.0,0.0,정상,True
2020 10 30 07:24:14,0.0,정상,0.0,0.0,정상,True
2020 10 30 07:24:19,0.0,정상,0.0,0.0,정상,True
2020 10 30 07:24:24,0.0,정상,0.0,0.0,정상,True
2020 10 30 07:24:29,0.0,정상,0.0,0.0,정상,True
2020 10 30 07:24:34,0.0,정상,0.0,0.0,정상,True
2020 10 30 07:24:39,0.0,정상,0.0,0.0,정상,True
2020 10 30 07:24:44,0.0,정상,0.0,0.0,정상,True
2020 10 30 07:24:49,0.0,정상,0.0,0.0,정상,True
2020 10 30 07:24:54,0.0,정상,0.0,0.0,정상,True
2020 10 30 07:24:59,0.0,정상,0.0,0.0,정상,True
2020 10 30 07:25:04,0.0,정상,0.0,0.0,정상,True
2020 10 30 07:25:09,0.0,정상,0.0,0.0,정상,True
2020 10 30 07:25:14,0.0,정상,0.0,0.0,정상,True
2020 10 30 07:25:19,0.0,정상,0.0,0.0,정상,True
2020 10 30 07:25:24,0.0,정상,0.0,0.0,정상,True
2020 10 30 07:25:29,0.0,정상,0.0,0.0,정상,True
2020 10 30 07:25:34,0.0,정상,0.0,0.0,정상,True
2020 10 30 07:25:39,0.0,정상,0.0,0.0,정상,True
2020 10 30 07:25:44,0.0,정상,0.0,0.0,정상,True
2020 10 30 07:25:49,0.0,정상,0.0,0.0,정상,True
2020 10 30 07:25:54,0.0,정상,0.0,0.0,정상,True
2020 10 30 07:25:59,0.0,정상,0.0,0.0,정상,True
2020 10 30 07:26:04,0.0,정상,0.0,0.0,정상,True
2020 10 30 07:26:09,0.0,정상,0.0,0.0,정상,True
2020 10 30 07:26:14,0.0,정상,0.0,0.0,정상,True
2020 10 30 07:26:19,0.0,정상,0.0,0.0,정상,True
2020 10 30 07:26:24,0.0,정상,0.0,0.0,정상,True
2020 10 30 07:26:29,0.0,정상,0.0,0.0,정상,True
2020 10 30 07:26:34,0.0,정상,0.0,0.0,정상,True
2020 10 30 07:26:39,0.0,정상,0.0,0.0,정상,True
2020 10 30 07:26:44,0.0,정상,0.0,0.0,정상,True
2020 10 30 07:26:49,0.0,정상,0.0,0.0,정상,True
2020 10 30 07:26:54,0.0,정상,0.0,0.0,정상,True
2020 10 30 07:26:59,0.0,정상,0.0,0.0,정상,True
2020 10 30 07:27:04,0.0,정상,0.0,0.0,정상,True
2020 10 30 07:27:09,0.0,정상,0.0,0.0,정상,True
2020 10 30 07:27:14,0.0,정상,0.0,0.0,정상,True
2020 10 30 07:27:19,0.0,정상,0.0,0.0,정상,True
2020 10 30 07:27:24,0.0,정상,0.0,0.0,정상,True
2020 10 30 07:27:29,0.0,정상,0.0,0.0,정상,True
2020 10 30 07:27:34,0.0,정상,0.0,0.0,정상,True
2020 10 30 07:27:39,0.0,정상,0.0,0.0,정상,True
2020 10 30 07:27:44,0.0,정상,0.0,0.0,정상,True
2020 10 30 07:27:49,0.0,정상,0.0,0.0,정상,True
2020 10 30 07:27:54,0.0,정상,0.0,0.0,정상,True
2020 10 30 07:27:59,0.0,정상,0.0,0.0,정상,True
2020 10 30 07:28:04,0.0,정상,0.0,0.0,정상,True
2020 10 30 07:28:09,0.0,정상,0.0,0.0,정상,True
2020 10 30 07:28:14,0.0,정상,0.0,0.0,정상,True
2020 10 30 07:28:19,0.0,정상,0.0,0.0,정상,True
2020 10 30 07:28:24,0.0,정상,0.0,0.0,정상,True
2020 10 30 07:28:29,0.0,정상,0.0,0.0,정상,True
2020 10 30 07:28:34,0.0,정상,0.0,0.0,정상,True
2020 10 30 07:28:39,0.0,정상,0.0,0.0,정상,True
2020 10 30 07:28:44,0.0,정상,0.0,0.0,정상,True
2020 10 30 07:28:49,0.0,정상,0.0,0.0,정상,True
2020 10 30 07:28:54,0.0,정상,0.0,0.0,정상,True
2020 10 30 07:28:59,0.0,정상,0.0,0.0,정상,True
2020 10 30 07:29:04,0.0,정상,0.0,0.0,정상,True
2020 10 30 07:29:09,0.0,정상,0.0,0.0,정상,True
2020 10 30 07:29:14,0.0,정상,0.0,0.0,정상,True
2020 10 30 07:29:19,0.0,정상,0.0,0.0,정상,True
2020 10 30 07:29:24,0.0,정상,0.0,0.0,정상,True
2020 10 30 07:29:29,0.0,정상,0.0,0.0,정상,True
2020 10 30 07:29:34,0.0,정상,0.0,0.0,정상,True
2020 10 30 07:29:39,0.0,정상,0.0,0.0,정상,True
2020 10 30 07:29:44,0.0,정상,0.0,0.0,정상,True
2020 10 30 07:29:49,0.0,정상,0.0,0.0,정상,True
2020 10 30 07:29:54,0.0,정상,0.0,0.0,정상,True
2020 10 30 07:29:59,0.0,정상,0.0,0.0,정상,True
2020 10 30 07:30:04,0.0,정상,0.0,0.0,정상,True
2020 10 30 07:30:09,0.0,정상,0.0,0.0,정상,True
2020 10 30 07:30:14,0.0,정상,0.0,0.0,정상,True
2020 10 30 07:30:19,0.0,정상,0.0,0.0,정상,True
2020 10 30 07:30:24,0.0,정상,0.0,0.0,정상,True
2020 10 30 07:30:29,0.0,정상,0.0,0.0,정상,True
2020 10 30 07:30:34,0.0,정상,0.0,0.0,정상,True
2020 10 30 07:30:39,0.0,정상,0.0,0.0,정상,True
2020 10 30 07:30:44,0.0,정상,0.0,0.0,정상,True
2020 10 30 07:30:49,0.0,정상,0.0,0.0,정상,True
2020 10 30 07:30:54,0.0,정상,0.0,0.0,정상,True
2020 10 30 07:30:59,0.0,정상,0.0,0.0,정상,True
2020 10 30 07:31:04,0.0,정상,0.0,0.0,정상,True
2020 10 30 07:31:09,0.0,정상,0.0,0.0,정상,True
2020 10 30 07:31:14,0.0,정상,0.0,0.0,정상,True
2020 10 30 07:31:19,0.0,정상,0.0,0.0,정상,True
2020 10 30 07:31:24,0.0,정상,0.0,0.0,정상,True
2020 10 30 07:31:29,0.0,정상,0.0,0.0,정상,True
2020 10 30 07:31:34,0.0,정상,0.0,0.0,정상,True
2020 10 30 07:31:39,0.0,정상,0.0,0.0,정상,True
2020 10 30 07:31:44,0.0,정상,0.0,0.0,정상,True
2020 10 30 07:31:49,0.0,정상,0.0,0.0,정상,True
2020 10 30 07:31:54,0.0,정상,0.0,0.0,정상,True
2020 10 30 07:31:59,0.0,정상,0.0,0.0,정상,True
2020 10 30 07:32:04,0.0,정상,0.0,0.0,정상,True
2020 10 30 07:32:09,0.0,정상,0.0,0.0,정상,True
2020 10 30 07:32:14,0.0,정상,0.0,0.0,정상,True
2020 10 30 07:32:19,0.0,정상,0.0,0.0,정상,True
2020 10 30 07:32:24,0.0,정상,0.0,0.0,정상,True
2020 10 30 07:32:29,0.0,정상,0.0,0.0,정상,True
2020 10 30 07:32:34,0.0,정상,0.0,0.0,정상,True
2020 10 30 07:32:39,0.0,정상,0.0,0.0,정상,True
2020 10 30 07:32:44,0.0,정상,0.0,0.0,정상,True
2020 10 30 07:32:49,0.0,정상,0.0,0.0,정상,True
2020 10 30 07:32:54,0.0,정상,0.0,0.0,정상,True
2020 10 30 07:32:59,0.0,정상,0.0,0.0,정상,True
2020 10 30 07:33:04,0.0,정상,0.0,0.0,정상,True
2020 10 30 07:33:09,0.0,정상,0.0,0.0,정상,True
2020 10 30 07:33:14,0.0,정상,0.0,0.0,정상,True
2020 10 30 07:33:19,0.0,정상,0.0,0.0,정상,True
2020 10 30 07:33:24,0.0,정상,0.0,0.0,정상,True
2020 10 30 07:33:29,0.0,정상,0.0,0.0,정상,True
2020 10 30 07:33:34,0.0,정상,0.0,0.0,정상,True
2020 10 30 07:33:39,0.0,정상,0.0,0.0,정상,True
2020 10 30 07:33:44,0.0,정상,0.0,0.0,정상,True
2020 10 30 07:33:49,0.0,정상,0.0,0.0,정상,True
2020 10 30 07:33:54,0.0,정상,0.0,0.0,정상,True
2020 10 30 07:33:59,0.0,정상,0.0,0.0,정상,True
2020 10 30 07:34:04,0.0,정상,0.0,0.0,정상,True
2020 10 30 07:34:09,0.0,정상,0.0,0.0,정상,True
2020 10 30 07:34:14,0.0,정상,0.0,0.0,정상,True
2020 10 30 07:34:19,0.0,정상,0.0,0.0,정상,True
2020 10 30 07:34:24,0.0,정상,0.0,0.0,정상,True
2020 10 30 07:34:29,0.0,정상,0.0,0.0,정상,True
2020 10 30 07:34:34,0.0,정상,0.0,0.0,정상,True
2020 10 30 07:34:39,0.0,정상,0.0,0.0,정상,True
2020 10 30 07:34:44,0.0,정상,0.0,0.0,정상,True
2020 10 30 07:34:49,0.0,정상,0.0,0.0,정상,True
2020 10 30 07:34:54,0.0,정상,0.0,0.0,정상,True
2020 10 30 07:34:59,0.0,정상,0.0,0.0,정상,True
2020 10 30 07:35:04,0.0,정상,0.0,0.0,정상,True
2020 10 30 07:35:09,0.0,정상,0.0,0.0,정상,True
2020 10 30 07:35:14,0.0,정상,0.0,0.0,정상,True
2020 10 30 07:35:19,0.0,정상,0.0,0.0,정상,True
2020 10 30 07:35:24,0.0,정상,0.0,0.0,정상,True
2020 10 30 07:35:29,0.0,정상,0.0,0.0,정상,True
2020 10 30 07:35:34,0.0,정상,0.0,0.0,정상,True
2020 10 30 07:35:39,0.0,정상,0.0,0.0,정상,True
2020 10 30 07:35:44,0.0,정상,0.0,0.0,정상,True
2020 10 30 07:35:49,0.0,정상,0.0,0.0,정상,True
2020 10 30 07:35:54,0.0,정상,0.0,0.0,정상,True
2020 10 30 07:35:59,0.0,정상,0.0,0.0,정상,True
2020 10 30 07:36:04,0.0,정상,0.0,0.0,정상,True
2020 10 30 07:36:09,0.0,정상,0.0,0.0,정상,True
2020 10 30 07:36:14,0.0,정상,0.0,0.0,정상,True
2020 10 30 07:36:19,0.0,정상,0.0,0.0,정상,True
2020 10 30 07:36:24,0.0,정상,0.0,0.0,정상,True
2020 10 30 07:36:29,0.0,정상,0.0,0.0,정상,True
2020 10 30 07:36:34,0.0,정상,0.0,0.0,정상,True
2020 10 30 07:36:39,0.0,정상,0.0,0.0,정상,True
2020 10 30 07:36:44,0.0,정상,0.0,0.0,정상,True
2020 10 30 07:36:49,0.0,정상,0.0,0.0,정상,True
2020 10 30 07:36:54,0.0,정상,0.0,0.0,정상,True
2020 10 30 07:36:59,0.0,정상,0.0,0.0,정상,True
2020 10 30 07:37:04,0.0,정상,0.0,0.0,정상,True
2020 10 30 07:37:09,0.0,정상,0.0,0.0,정상,True
2020 10 30 07:37:14,0.0,정상,0.0,0.0,정상,True
2020 10 30 07:37:19,0.0,정상,0.0,0.0,정상,True
2020 10 30 07:37:24,0.0,정상,0.0,0.0,정상,True
2020 10 30 07:37:29,0.0,정상,0.0,0.0,정상,True
2020 10 30 07:37:34,0.0,정상,0.0,0.0,정상,True
2020 10 30 07:37:39,0.0,정상,0.0,0.0,정상,True
2020 10 30 07:37:44,0.0,정상,0.0,0.0,정상,True
2020 10 30 07:37:49,0.0,정상,0.0,0.0,정상,True
2020 10 30 07:37:54,0.0,정상,0.0,0.0,정상,True
2020 10 30 07:37:59,0.0,정상,0.0,0.0,정상,True
2020 10 30 07:38:04,0.0,정상,0.0,0.0,정상,True
2020 10 30 07:38:09,0.0,정상,0.0,0.0,정상,True
2020 10 30 07:38:14,0.0,정상,0.0,0.0,정상,True
2020 10 30 07:38:19,0.0,정상,0.0,0.0,정상,True
2020 10 30 07:38:24,0.0,정상,0.0,0.0,정상,True
2020 10 30 07:38:29,0.0,정상,0.0,0.0,정상,True
2020 10 30 07:38:34,0.0,정상,0.0,0.0,정상,True
2020 10 30 07:38:39,0.0,정상,0.0,0.0,정상,True
2020 10 30 07:38:44,0.0,정상,0.0,0.0,정상,True
2020 10 30 07:38:49,0.0,정상,0.0,0.0,정상,True
2020 10 30 07:38:54,0.0,정상,0.0,0.0,정상,True
2020 10 30 07:38:59,0.0,정상,0.0,0.0,정상,True
2020 10 30 07:39:04,0.0,정상,0.0,0.0,정상,True
2020 10 30 07:39:09,0.0,정상,0.0,0.0,정상,True
2020 10 30 07:39:14,0.0,정상,0.0,0.0,정상,True
2020 10 30 07:39:19,0.0,정상,0.0,0.0,정상,True
2020 10 30 07:39:24,0.0,정상,0.0,0.0,정상,True
2020 10 30 07:39:29,0.0,정상,0.0,0.0,정상,True
2020 10 30 07:39:34,0.0,정상,0.0,0.0,정상,True
2020 10 30 07:39:39,0.0,정상,0.0,0.0,정상,True
2020 10 30 07:39:44,0.0,정상,0.0,0.0,정상,True
2020 10 30 07:39:49,0.0,정상,0.0,0.0,정상,True
2020 10 30 07:39:54,0.0,정상,0.0,0.0,정상,True
2020 10 30 07:39:59,0.0,정상,0.0,0.0,정상,True
2020 10 30 07:40:04,0.0,정상,0.0,0.0,정상,True
2020 10 30 07:40:09,0.0,정상,0.0,0.0,정상,True
2020 10 30 07:40:14,0.0,정상,0.0,0.0,정상,True
2020 10 30 07:40:19,0.0,정상,0.0,0.0,정상,True
2020 10 30 07:40:24,0.0,정상,0.0,0.0,정상,True
2020 10 30 07:40:29,0.0,정상,0.0,0.0,정상,True
2020 10 30 07:40:34,0.0,정상,0.0,0.0,정상,True
2020 10 30 07:40:39,0.0,정상,0.0,0.0,정상,True
2020 10 30 07:40:44,0.0,정상,0.0002702702702702703,0.0,정상,True
2020 10 30 07:40:49,0.0,정상,0.0002702702702702703,0.0,정상,True
2020 10 30 07:40:54,0.0,정상,0.0002702702702702703,0.0,정상,True
2020 10 30 07:40:59,0.0,정상,0.0002702702702702703,0.0,정상,True
2020 10 30 07:41:04,0.0,정상,0.0002702702702702703,0.0,정상,True
2020 10 30 07:41:09,0.0,정상,0.0002702702702702703,0.0,정상,True
2020 10 30 07:41:14,0.0,정상,0.0002702702702702703,0.0,정상,True
2020 10 30 07:41:19,0.0,정상,0.0002702702702702703,0.0,정상,True
2020 10 30 07:41:24,0.0,정상,0.0002702702702702703,0.0,정상,True
2020 10 30 07:41:29,0.0,정상,0.0002702702702702703,0.0,정상,True
2020 10 30 07:41:34,0.0,정상,0.0002702702702702703,0.0,정상,True
2020 10 30 07:41:39,0.0,정상,0.0002702702702702703,0.0,정상,True
2020 10 30 07:41:44,0.0,정상,0.0002702702702702703,0.0,정상,True
2020 10 30 07:41:49,0.0,정상,0.0002702702702702703,0.0,정상,True
2020 10 30 07:41:54,0.0,정상,0.0002702702702702703,0.0,정상,True
2020 10 30 07:41:59,0.0,정상,0.0,0.0,정상,True
2020 10 30 07:42:04,0.0,정상,0.0,0.0,정상,True
2020 10 30 07:42:09,0.0,정상,0.0,0.0,정상,True
2020 10 30 07:42:14,0.0,정상,0.0,0.0,정상,True
2020 10 30 07:42:19,0.0,정상,0.0,0.0,정상,True
2020 10 30 07:42:24,0.0,정상,0.0,0.0,정상,True
2020 10 30 07:42:29,0.0,정상,0.0,0.0,정상,True
2020 10 30 07:42:34,0.0,정상,0.0,0.0,정상,True
2020 10 30 07:42:39,0.0,정상,0.0,0.0,정상,True
2020 10 30 07:42:44,0.0,정상,0.0,0.0,정상,True
2020 10 30 07:42:49,0.0,정상,0.0,0.0,정상,True
2020 10 30 07:42:54,0.0,정상,0.0,0.0,정상,True
2020 10 30 07:42:59,0.0,정상,0.0,0.0,정상,True
2020 10 30 07:43:04,0.0,정상,0.0,0.0,정상,True
2020 10 30 07:43:09,0.0,정상,0.0,0.0,정상,True
2020 10 30 07:43:14,0.0,정상,0.0,0.0,정상,True
2020 10 30 07:43:19,0.0,정상,0.0,0.0,정상,True
2020 10 30 07:43:24,0.0,정상,0.0,0.0,정상,True
2020 10 30 07:43:29,0.0,정상,0.0,0.0,정상,True
2020 10 30 07:43:34,0.0,정상,0.0,0.0,정상,True
2020 10 30 07:43:39,0.0,정상,0.0,0.0,정상,True
2020 10 30 07:43:44,0.0,정상,0.0,0.0,정상,True
2020 10 30 07:43:49,0.0,정상,0.0,0.0,정상,True
2020 10 30 07:43:54,0.0,정상,0.0,0.0,정상,True
2020 10 30 07:43:59,0.0,정상,0.0,0.0,정상,True
2020 10 30 07:44:04,0.0,정상,0.0,0.0,정상,True
2020 10 30 07:44:09,0.0,정상,0.0,0.0,정상,True
2020 10 30 07:44:14,0.0,정상,0.0,0.0,정상,True
2020 10 30 07:44:19,0.0,정상,0.0,0.0,정상,True
2020 10 30 07:44:24,0.0,정상,0.0,0.0,정상,True
2020 10 30 07:44:29,0.0,정상,0.0,0.0,정상,True
2020 10 30 07:44:34,0.0,정상,0.0,0.0,정상,True
2020 10 30 07:44:39,0.0,정상,0.0,0.0,정상,True
2020 10 30 07:44:44,0.0,정상,0.0,0.0,정상,True
2020 10 30 07:44:49,0.0,정상,0.0,0.0,정상,True
2020 10 30 07:44:54,0.0,정상,0.0,0.0,정상,True
2020 10 30 07:44:59,0.0,정상,0.0,0.0,정상,True
2020 10 30 07:45:04,0.0,정상,0.0,0.0,정상,True
2020 10 30 07:45:09,0.0,정상,0.0,0.0,정상,True
2020 10 30 07:45:14,0.0,정상,0.0,0.0,정상,True
2020 10 30 07:45:19,0.0,정상,0.0,0.0,정상,True
2020 10 30 07:45:24,0.0,정상,0.0,0.0,정상,True
2020 10 30 07:45:29,0.0,정상,0.0,0.0,정상,True
2020 10 30 07:45:34,0.0,정상,0.0,0.0,정상,True
2020 10 30 07:45:39,0.0,정상,0.0,0.0,정상,True
2020 10 30 07:45:44,0.0,정상,0.0,0.0,정상,True
2020 10 30 07:45:49,0.0,정상,0.0,0.0,정상,True
2020 10 30 07:45:54,0.0,정상,0.0,0.0,정상,True
2020 10 30 07:45:59,0.0,정상,0.0,0.0,정상,True
2020 10 30 07:46:04,0.0,정상,0.0,0.0,정상,True
2020 10 30 07:46:09,0.0,정상,0.0,0.0,정상,True
2020 10 30 07:46:14,0.0,정상,0.0,0.0,정상,True
2020 10 30 07:46:19,0.0,정상,0.0,0.0,정상,True
2020 10 30 07:46:24,0.0,정상,0.0,0.0,정상,True
2020 10 30 07:46:29,0.0,정상,0.0,0.0,정상,True
2020 10 30 07:46:34,0.0,정상,0.0,0.0,정상,True
2020 10 30 07:46:39,0.0,정상,0.0,0.0,정상,True
2020 10 30 07:46:44,0.0,정상,0.0,0.0,정상,True
2020 10 30 07:46:49,0.0,정상,0.0,0.0,정상,True
2020 10 30 07:46:54,0.0,정상,0.0,0.0,정상,True
2020 10 30 07:46:59,0.0,정상,0.0,0.0,정상,True
2020 10 30 07:47:04,0.0,정상,0.0,0.0,정상,True
2020 10 30 07:47:09,0.0,정상,0.0,0.0,정상,True
2020 10 30 07:47:14,0.0,정상,0.0,0.0,정상,True
2020 10 30 07:47:19,0.0,정상,0.0,0.0,정상,True
2020 10 30 07:47:24,0.0,정상,0.0,0.0,정상,True
2020 10 30 07:47:29,0.0,정상,0.0,0.0,정상,True
2020 10 30 07:47:34,0.0,정상,0.0,0.0,정상,True
2020 10 30 07:47:39,0.0,정상,0.0,0.0,정상,True
2020 10 30 07:47:44,0.0,정상,0.0,0.0,정상,True
2020 10 30 07:47:49,0.0,정상,0.0,0.0,정상,True
2020 10 30 07:47:54,0.0,정상,0.0,0.0,정상,True
2020 10 30 07:47:59,0.0,정상,0.0,0.0,정상,True
2020 10 30 07:48:04,0.0,정상,0.0,0.0,정상,True
2020 10 30 07:48:09,0.0,정상,0.0,0.0,정상,True
2020 10 30 07:48:14,0.0,정상,0.0,0.0,정상,True
2020 10 30 07:48:19,0.0,정상,0.0,0.0,정상,True
2020 10 30 07:48:24,0.0,정상,0.0,0.0,정상,True
2020 10 30 07:48:29,0.0,정상,0.0,0.0,정상,True
2020 10 30 07:48:34,0.0,정상,0.0,0.0,정상,True
2020 10 30 07:48:39,0.0,정상,0.0,0.0,정상,True
2020 10 30 07:48:44,0.0,정상,0.0,0.0,정상,True
2020 10 30 07:48:49,0.0,정상,0.0,0.0,정상,True
2020 10 30 07:48:54,0.0,정상,0.0,0.0,정상,True
2020 10 30 07:48:59,0.0,정상,0.0,0.0,정상,True
2020 10 30 07:49:04,0.0,정상,0.0,0.0,정상,True
2020 10 30 07:49:09,0.0,정상,0.0,0.0,정상,True
2020 10 30 07:49:14,0.0,정상,0.0,0.0,정상,True
2020 10 30 07:49:19,0.0,정상,0.0,0.0,정상,True
2020 10 30 07:49:24,0.0,정상,0.0,0.0,정상,True
2020 10 30 07:49:29,0.0,정상,0.0,0.0,정상,True
2020 10 30 07:49:34,0.0,정상,0.0,0.0,정상,True
2020 10 30 07:49:39,0.0,정상,0.0,0.0,정상,True
2020 10 30 07:49:44,0.0,정상,0.0,0.0,정상,True
2020 10 30 07:49:49,0.0,정상,0.0,0.0,정상,True
2020 10 30 07:49:54,0.0,정상,0.0,0.0,정상,True
2020 10 30 07:49:59,0.0,정상,0.0,0.0,정상,True
2020 10 30 07:50:04,0.0,정상,0.0,0.0,정상,True
2020 10 30 07:50:09,0.0,정상,0.0,0.0,정상,True
2020 10 30 07:50:14,0.0,정상,0.0,0.0,정상,True
2020 10 30 07:50:19,0.0,정상,0.0,0.0,정상,True
2020 10 30 07:50:24,0.0,정상,0.0,0.0,정상,True
2020 10 30 07:50:29,0.0,정상,0.0,0.0,정상,True
2020 10 30 07:50:34,0.0,정상,0.0,0.0,정상,True
2020 10 30 07:50:39,0.0,정상,0.0,0.0,정상,True
2020 10 30 07:50:44,0.0,정상,0.0,0.0,정상,True
2020 10 30 07:50:49,0.0,정상,0.0,0.0,정상,True
2020 10 30 07:50:54,0.0,정상,0.0,0.0,정상,True
2020 10 30 07:50:59,0.0,정상,0.0,0.0,정상,True
2020 10 30 07:51:04,0.0,정상,0.0,0.0,정상,True
2020 10 30 07:51:09,0.0,정상,0.0,0.0,정상,True
2020 10 30 07:51:14,0.0,정상,0.0,0.0,정상,True
2020 10 30 07:51:19,0.0,정상,0.0,0.0,정상,True
2020 10 30 07:51:24,0.0,정상,0.0,0.0,정상,True
2020 10 30 07:51:29,0.0,정상,0.0,0.0,정상,True
2020 10 30 07:51:34,0.0,정상,0.0,0.0,정상,True
2020 10 30 07:51:39,0.0,정상,0.0,0.0,정상,True
2020 10 30 07:51:44,0.0,정상,0.0,0.0,정상,True
2020 10 30 07:51:49,0.0,정상,0.0,0.0,정상,True
2020 10 30 07:51:54,0.0,정상,0.0,0.0,정상,True
2020 10 30 07:51:59,0.0,정상,0.0,0.0,정상,True
2020 10 30 07:52:04,0.0,정상,0.0,0.0,정상,True
2020 10 30 07:52:09,0.0,정상,0.0,0.0,정상,True
2020 10 30 07:52:14,0.0,정상,0.0,0.0,정상,True
2020 10 30 07:52:19,0.0,정상,0.0,0.0,정상,True
2020 10 30 07:52:24,0.0,정상,0.0,0.0,정상,True
2020 10 30 07:52:29,0.0,정상,0.0,0.0,정상,True
2020 10 30 07:52:34,0.0,정상,0.0,0.0,정상,True
2020 10 30 07:52:39,0.0,정상,0.0,0.0,정상,True
2020 10 30 07:52:44,0.0,정상,0.0,0.0,정상,True
2020 10 30 07:52:49,0.0,정상,0.0,0.0,정상,True
2020 10 30 07:52:54,0.0,정상,0.0,0.0,정상,True
2020 10 30 07:52:59,0.0,정상,0.0,0.0,정상,True
2020 10 30 07:53:04,0.0,정상,0.0,0.0,정상,True
2020 10 30 07:53:09,0.0,정상,0.0,0.0,정상,True
2020 10 30 07:53:14,0.0,정상,0.0,0.0,정상,True
2020 10 30 07:53:19,0.0,정상,0.0,0.0,정상,True
2020 10 30 07:53:24,0.0,정상,0.0,0.0,정상,True
2020 10 30 07:53:29,0.0,정상,0.0,0.0,정상,True
2020 10 30 07:53:34,0.0,정상,0.0,0.0,정상,True
2020 10 30 07:53:39,0.0,정상,0.0,0.0,정상,True
2020 10 30 07:53:44,0.0,정상,0.0,0.0,정상,True
2020 10 30 07:53:49,0.0,정상,0.0,0.0,정상,True
2020 10 30 07:53:54,0.0,정상,0.0,0.0,정상,True
2020 10 30 07:53:59,0.0,정상,0.0,0.0,정상,True
2020 10 30 07:54:04,0.0,정상,0.0,0.0,정상,True
2020 10 30 07:54:09,0.0,정상,0.0,0.0,정상,True
2020 10 30 07:54:14,0.0,정상,0.0,0.0,정상,True
2020 10 30 07:54:19,0.0,정상,0.0,0.0,정상,True
2020 10 30 07:54:24,0.0,정상,0.0,0.0,정상,True
2020 10 30 07:54:29,0.0,정상,0.0,0.0,정상,True
2020 10 30 07:54:34,0.0,정상,0.0,0.0,정상,True
2020 10 30 07:54:39,0.0,정상,0.0,0.0,정상,True
2020 10 30 07:54:44,0.0,정상,0.0,0.0,정상,True
2020 10 30 07:54:49,0.0,정상,0.0,0.0,정상,True
2020 10 30 07:54:54,0.0,정상,0.0,0.0,정상,True
2020 10 30 07:54:59,0.0,정상,0.0,0.0,정상,True
2020 10 30 07:55:04,0.0,정상,0.0,0.0,정상,True
2020 10 30 07:55:09,0.0,정상,0.0,0.0,정상,True
2020 10 30 07:55:14,0.0,정상,0.0,0.0,정상,True
2020 10 30 07:55:19,0.0,정상,0.0,0.0,정상,True
2020 10 30 07:55:24,0.0,정상,0.0,0.0,정상,True
2020 10 30 07:55:29,0.0,정상,0.0,0.0,정상,True
2020 10 30 07:55:34,0.0,정상,0.0,0.0,정상,True
2020 10 30 07:55:39,0.0,정상,0.0,0.0,정상,True
2020 10 30 07:55:44,0.0,정상,0.0,0.0,정상,True
2020 10 30 07:55:49,0.0,정상,0.0,0.0,정상,True
2020 10 30 07:55:54,0.0,정상,0.0,0.0,정상,True
2020 10 30 07:55:59,0.0,정상,0.0,0.0,정상,True
2020 10 30 07:56:04,0.0,정상,0.0,0.0,정상,True
2020 10 30 07:56:09,0.0,정상,0.0,0.0,정상,True
2020 10 30 07:56:14,0.0,정상,0.0,0.0,정상,True
2020 10 30 07:56:19,0.0,정상,0.0,0.0,정상,True
2020 10 30 07:56:24,0.0,정상,0.0,0.0,정상,True
2020 10 30 07:56:29,0.0,정상,0.0,0.0,정상,True
2020 10 30 07:56:34,0.0,정상,0.0,0.0,정상,True
2020 10 30 07:56:39,0.0,정상,0.0,0.0,정상,True
2020 10 30 07:56:44,0.0,정상,0.0,0.0,정상,True
2020 10 30 07:56:49,0.0,정상,0.0,0.0,정상,True
2020 10 30 07:56:54,0.0,정상,0.0,0.0,정상,True
2020 10 30 07:56:59,0.0,정상,0.0,0.0,정상,True
2020 10 30 07:57:04,0.0,정상,0.0,0.0,정상,True
2020 10 30 07:57:09,0.0,정상,0.0,0.0,정상,True
2020 10 30 07:57:14,0.0,정상,0.0,0.0,정상,True
2020 10 30 07:57:19,0.0,정상,0.0,0.0,정상,True
2020 10 30 07:57:24,0.0,정상,0.0,0.0,정상,True
2020 10 30 07:57:29,0.0,정상,0.0,0.0,정상,True
2020 10 30 07:57:34,0.0,정상,0.0,0.0,정상,True
2020 10 30 07:57:39,0.0,정상,0.0,0.0,정상,True
2020 10 30 07:57:44,0.0,정상,0.0,0.0,정상,True
2020 10 30 07:57:49,0.0,정상,0.0,0.0,정상,True
2020 10 30 07:57:54,0.0,정상,0.0,0.0,정상,True
2020 10 30 07:57:59,0.0,정상,0.0,0.0,정상,True
2020 10 30 07:58:04,0.0,정상,0.0,0.0,정상,True
2020 10 30 07:58:09,0.0,정상,0.0,0.0,정상,True
2020 10 30 07:58:14,0.0,정상,0.0,0.0,정상,True
2020 10 30 07:58:19,0.0,정상,0.0,0.0,정상,True
2020 10 30 07:58:24,0.0,정상,0.0,0.0,정상,True
2020 10 30 07:58:29,0.0,정상,0.0,0.0,정상,True
2020 10 30 07:58:34,0.0,정상,0.0,0.0,정상,True
2020 10 30 07:58:39,0.0,정상,0.0,0.0,정상,True
2020 10 30 07:58:44,0.0,정상,0.0,0.0,정상,True
2020 10 30 07:58:49,0.0,정상,0.0,0.0,정상,True
2020 10 30 07:58:54,0.0,정상,0.0,0.0,정상,True
2020 10 30 07:58:59,0.0,정상,0.0,0.0,정상,True
2020 10 30 07:59:04,0.0,정상,0.0,0.0,정상,True
2020 10 30 07:59:09,0.0,정상,0.0,0.0,정상,True
2020 10 30 07:59:14,0.0,정상,0.0,0.0,정상,True
2020 10 30 07:59:19,0.0,정상,0.0,0.0,정상,True
2020 10 30 07:59:24,0.0,정상,0.0,0.0,정상,True
2020 10 30 07:59:29,0.0,정상,0.0,0.0,정상,True
2020 10 30 07:59:34,0.0,정상,0.0,0.0,정상,True
2020 10 30 07:59:39,0.0,정상,0.0,0.0,정상,True
2020 10 30 07:59:44,0.0,정상,0.0,0.0,정상,True
2020 10 30 07:59:49,0.0,정상,0.0,0.0,정상,True
2020 10 30 07:59:54,0.0,정상,0.0,0.0,정상,True
2020 10 30 07:59:59,0.0,정상,0.0,0.0,정상,True
2020 10 30 08:00:04,0.0,정상,0.0,0.0,정상,True
2020 10 30 08:00:09,0.0,정상,0.0,0.0,정상,True
2020 10 30 08:00:14,0.0,정상,0.0,0.0,정상,True
2020 10 30 08:00:19,0.0,정상,0.0,0.0,정상,True
2020 10 30 08:00:24,0.0,정상,0.0,0.0,정상,True
2020 10 30 08:00:29,0.0,정상,0.0,0.0,정상,True
2020 10 30 08:00:34,0.0,정상,0.0,0.0,정상,True
2020 10 30 08:00:39,0.0,정상,0.0,0.0,정상,True
2020 10 30 08:00:44,0.0,정상,0.0,0.0,정상,True
2020 10 30 08:00:49,0.0,정상,0.0,0.0,정상,True
2020 10 30 08:00:54,0.0,정상,0.0,0.0,정상,True
2020 10 30 08:00:59,0.0,정상,0.0,0.0,정상,True
2020 10 30 08:01:04,0.0,정상,0.0,0.0,정상,True
2020 10 30 08:01:09,0.0,정상,0.0,0.0,정상,True
2020 10 30 08:01:14,0.0,정상,0.0,0.0,정상,True
2020 10 30 08:01:19,0.0,정상,0.0,0.0,정상,True
2020 10 30 08:01:24,0.0,정상,0.0,0.0,정상,True
2020 10 30 08:01:29,0.0,정상,0.0,0.0,정상,True
2020 10 30 08:01:34,0.0,정상,0.0,0.0,정상,True
2020 10 30 08:01:39,0.0,정상,0.0,0.0,정상,True
2020 10 30 08:01:44,0.0,정상,0.0,0.0,정상,True
2020 10 30 08:01:49,0.0,정상,0.0,0.0,정상,True
2020 10 30 08:01:54,0.0,정상,0.0,0.0,정상,True
2020 10 30 08:01:59,0.0,정상,0.0,0.0,정상,True
2020 10 30 08:02:04,0.0,정상,0.0,0.0,정상,True
2020 10 30 08:02:09,0.0,정상,0.0,0.0,정상,True
2020 10 30 08:02:14,0.0,정상,0.0,0.0,정상,True
2020 10 30 08:02:19,0.0,정상,0.0,0.0,정상,True
2020 10 30 08:02:24,0.0,정상,0.0,0.0,정상,True
2020 10 30 08:02:29,0.0,정상,0.0,0.0,정상,True
2020 10 30 08:02:34,0.0,정상,0.0,0.0,정상,True
2020 10 30 08:02:39,0.0,정상,0.0,0.0,정상,True
2020 10 30 08:02:44,0.0,정상,0.0,0.0,정상,True
2020 10 30 08:02:49,0.0,정상,0.0,0.0,정상,True
2020 10 30 08:02:54,0.0,정상,0.0,0.0,정상,True
2020 10 30 08:02:59,0.0,정상,0.0,0.0,정상,True
2020 10 30 08:03:04,0.0,정상,0.0,0.0,정상,True
2020 10 30 08:03:09,0.0,정상,0.0,0.0,정상,True
2020 10 30 08:03:14,0.0,정상,0.0,0.0,정상,True
2020 10 30 08:03:19,0.0,정상,0.0,0.0,정상,True
2020 10 30 08:03:24,0.0,정상,0.0,0.0,정상,True
2020 10 30 08:03:29,0.0,정상,0.0,0.0,정상,True
2020 10 30 08:03:34,0.0,정상,0.0,0.0,정상,True
2020 10 30 08:03:39,0.0,정상,0.0,0.0,정상,True
2020 10 30 08:03:44,0.0,정상,0.0,0.0,정상,True
2020 10 30 08:03:49,0.0,정상,0.0,0.0,정상,True
2020 10 30 08:03:54,0.0,정상,0.0,0.0,정상,True
2020 10 30 08:03:59,0.0,정상,0.0,0.0,정상,True
2020 10 30 08:04:04,0.0,정상,0.0,0.0,정상,True
2020 10 30 08:04:09,0.0,정상,0.0,0.0,정상,True
2020 10 30 08:04:14,0.0,정상,0.0,0.0,정상,True
2020 10 30 08:04:19,0.0,정상,0.0,0.0,정상,True
2020 10 30 08:04:24,0.0,정상,0.0,0.0,정상,True
2020 10 30 08:04:29,0.0,정상,0.0,0.0,정상,True
2020 10 30 08:04:34,0.0,정상,0.0,0.0,정상,True
2020 10 30 08:04:39,0.0,정상,0.0,0.0,정상,True
2020 10 30 08:04:44,0.0,정상,0.0,0.0,정상,True
2020 10 30 08:04:49,0.0,정상,0.0,0.0,정상,True
2020 10 30 08:04:54,0.0,정상,0.0,0.0,정상,True
2020 10 30 08:04:59,0.0,정상,0.0,0.0,정상,True
2020 10 30 08:05:04,0.0,정상,0.0,0.0,정상,True
2020 10 30 08:05:09,0.0,정상,0.0,0.0,정상,True
2020 10 30 08:05:14,0.0,정상,0.0,0.0,정상,True
2020 10 30 08:05:19,0.0,정상,0.0,0.0,정상,True
2020 10 30 08:05:24,0.0,정상,0.0,0.0,정상,True
2020 10 30 08:05:29,0.0,정상,0.0,0.0,정상,True
2020 10 30 08:05:34,0.0,정상,0.0,0.0,정상,True
2020 10 30 08:05:39,0.0,정상,0.0,0.0,정상,True
2020 10 30 08:05:44,0.0,정상,0.0,0.0,정상,True
2020 10 30 08:05:49,0.0,정상,0.0,0.0,정상,True
2020 10 30 08:05:54,0.0,정상,0.0,0.0,정상,True
2020 10 30 08:05:59,0.0,정상,0.0,0.0,정상,True
2020 10 30 08:06:04,0.0,정상,0.0,0.0,정상,True
2020 10 30 08:06:09,0.0,정상,0.0,0.0,정상,True
2020 10 30 08:06:14,0.0,정상,0.0,0.0,정상,True
2020 10 30 08:06:19,0.0,정상,0.0,0.0,정상,True
2020 10 30 08:06:24,0.0,정상,0.0,0.0,정상,True
2020 10 30 08:06:29,0.0,정상,0.0,0.0,정상,True
2020 10 30 08:06:34,0.0,정상,0.0,0.0,정상,True
2020 10 30 08:06:39,0.0,정상,0.0,0.0,정상,True
2020 10 30 08:06:44,0.0,정상,0.0,0.0,정상,True
2020 10 30 08:06:49,0.0,정상,0.0,0.0,정상,True
2020 10 30 08:06:54,0.0,정상,0.0,0.0,정상,True
2020 10 30 08:06:59,0.0,정상,0.0,0.0,정상,True
2020 10 30 08:07:04,0.0,정상,0.0,0.0,정상,True
2020 10 30 08:07:09,0.0,정상,0.0,0.0,정상,True
2020 10 30 08:07:14,0.0,정상,0.0,0.0,정상,True
2020 10 30 08:07:19,0.0,정상,0.0,0.0,정상,True
2020 10 30 08:07:24,0.0,정상,0.0,0.0,정상,True
2020 10 30 08:07:29,0.0,정상,0.0,0.0,정상,True
2020 10 30 08:07:34,0.0,정상,0.0,0.0,정상,True
2020 10 30 08:07:39,0.0,정상,0.0,0.0,정상,True
2020 10 30 08:07:44,0.0,정상,0.0,0.0,정상,True
2020 10 30 08:07:49,0.0,정상,0.0,0.0,정상,True
2020 10 30 08:07:54,0.0,정상,0.0,0.0,정상,True
2020 10 30 08:07:59,0.0,정상,0.0,0.0,정상,True
2020 10 30 08:08:04,0.0,정상,0.0,0.0,정상,True
2020 10 30 08:08:09,0.0,정상,0.0,0.0,정상,True
2020 10 30 08:08:14,0.0,정상,0.0,0.0,정상,True
2020 10 30 08:08:19,0.0,정상,0.0,0.0,정상,True
2020 10 30 08:08:24,0.0,정상,0.0,0.0,정상,True
2020 10 30 08:08:29,0.0,정상,0.0,0.0,정상,True
2020 10 30 08:08:34,0.0,정상,0.0,0.0,정상,True
2020 10 30 08:08:39,0.0,정상,0.0,0.0,정상,True
2020 10 30 08:08:44,0.0,정상,0.0,0.0,정상,True
2020 10 30 08:08:49,0.0,정상,0.0,0.0,정상,True
2020 10 30 08:08:54,0.0,정상,0.0,0.0,정상,True
2020 10 30 08:08:59,0.0,정상,0.0,0.0,정상,True
2020 10 30 08:09:04,0.0,정상,0.0,0.0,정상,True
2020 10 30 08:09:09,0.0,정상,0.0,0.0,정상,True
2020 10 30 08:09:14,0.0,정상,0.0,0.0,정상,True
2020 10 30 08:09:19,0.0,정상,0.0,0.0,정상,True
2020 10 30 08:09:24,0.0,정상,0.0,0.0,정상,True
2020 10 30 08:09:29,0.0,정상,0.0,0.0,정상,True
2020 10 30 08:09:34,0.0,정상,0.0,0.0,정상,True
2020 10 30 08:09:39,0.0,정상,0.0,0.0,정상,True
2020 10 30 08:09:44,0.0,정상,0.0,0.0,정상,True
2020 10 30 08:09:49,0.0,정상,0.0,0.0,정상,True
2020 10 30 08:09:54,0.0,정상,0.0,0.0,정상,True
2020 10 30 08:09:59,0.0,정상,0.0,0.0,정상,True
2020 10 30 08:10:04,0.0,정상,0.0,0.0,정상,True
2020 10 30 08:10:09,0.0,정상,0.0,0.0,정상,True
2020 10 30 08:10:14,0.0,정상,0.0,0.0,정상,True
2020 10 30 08:10:19,0.0,정상,0.0,0.0,정상,True
2020 10 30 08:10:24,0.0,정상,0.0,0.0,정상,True
2020 10 30 08:10:29,0.0,정상,0.0,0.0,정상,True
2020 10 30 08:10:34,0.0,정상,0.0,0.0,정상,True
2020 10 30 08:10:39,0.0,정상,0.0,0.0,정상,True
2020 10 30 08:10:44,0.0,정상,0.0,0.0,정상,True
2020 10 30 08:10:49,0.0,정상,0.0,0.0,정상,True
2020 10 30 08:10:54,0.0,정상,0.0,0.0,정상,True
2020 10 30 08:10:59,0.0,정상,0.0,0.0,정상,True
2020 10 30 08:11:04,0.0,정상,0.0,0.0,정상,True
2020 10 30 08:11:09,0.0,정상,0.0,0.0,정상,True
2020 10 30 08:11:14,0.0,정상,0.0,0.0,정상,True
2020 10 30 08:11:19,0.0,정상,0.0,0.0,정상,True
2020 10 30 08:11:24,0.0,정상,0.0,0.0,정상,True
2020 10 30 08:11:29,0.0,정상,0.0,0.0,정상,True
2020 10 30 08:11:34,0.0,정상,0.0,0.0,정상,True
2020 10 30 08:11:39,0.0,정상,0.0,0.0,정상,True
2020 10 30 08:11:44,0.0,정상,0.0,0.0,정상,True
2020 10 30 08:11:49,0.0,정상,0.0,0.0,정상,True
2020 10 30 08:11:54,0.0,정상,0.0,0.0,정상,True
2020 10 30 08:11:59,0.0,정상,0.0,0.0,정상,True
2020 10 30 08:12:04,0.0,정상,0.0,0.0,정상,True
2020 10 30 08:12:09,0.0,정상,0.0,0.0,정상,True
2020 10 30 08:12:14,0.0,정상,0.0,0.0,정상,True
2020 10 30 08:12:19,0.0,정상,0.0,0.0,정상,True
2020 10 30 08:12:24,0.0,정상,0.0,0.0,정상,True
2020 10 30 08:12:29,0.0,정상,0.0,0.0,정상,True
2020 10 30 08:12:34,0.0,정상,0.0,0.0,정상,True
2020 10 30 08:12:39,0.0,정상,0.0,0.0,정상,True
2020 10 30 08:12:44,0.0,정상,0.0,0.0,정상,True
2020 10 30 08:12:49,0.0,정상,0.0,0.0,정상,True
2020 10 30 08:12:54,0.0,정상,0.0,0.0,정상,True
2020 10 30 08:12:59,0.0,정상,0.0,0.0,정상,True
2020 10 30 08:13:04,0.0,정상,0.0,0.0,정상,True
2020 10 30 08:13:09,0.0,정상,0.0,0.0,정상,True
2020 10 30 08:13:14,0.0,정상,0.0,0.0,정상,True
2020 10 30 08:13:19,0.0,정상,0.0,0.0,정상,True
2020 10 30 08:13:24,0.0,정상,0.0,0.0,정상,True
2020 10 30 08:13:29,0.0,정상,0.0,0.0,정상,True
2020 10 30 08:13:34,0.0,정상,0.0,0.0,정상,True
2020 10 30 08:13:39,0.0,정상,0.0,0.0,정상,True
2020 10 30 08:13:44,0.0,정상,0.0,0.0,정상,True
2020 10 30 08:13:49,0.0,정상,0.0,0.0,정상,True
2020 10 30 08:13:54,0.0,정상,0.0,0.0,정상,True
2020 10 30 08:13:59,0.0,정상,0.0,0.0,정상,True
2020 10 30 08:14:04,0.0,정상,0.0,0.0,정상,True
2020 10 30 08:14:09,0.0,정상,0.0,0.0,정상,True
2020 10 30 08:14:14,0.0,정상,0.0,0.0,정상,True
2020 10 30 08:14:19,0.0,정상,0.0,0.0,정상,True
2020 10 30 08:14:24,0.0,정상,0.0,0.0,정상,True
2020 10 30 08:14:29,0.0,정상,0.0,0.0,정상,True
2020 10 30 08:14:34,0.0,정상,0.0,0.0,정상,True
2020 10 30 08:14:39,0.0,정상,0.0,0.0,정상,True
2020 10 30 08:14:44,0.0,정상,0.0,0.0,정상,True
2020 10 30 08:14:49,0.0,정상,0.0,0.0,정상,True
2020 10 30 08:14:54,0.0,정상,0.0,0.0,정상,True
2020 10 30 08:14:59,0.0,정상,0.0,0.0,정상,True
2020 10 30 08:15:04,0.0,정상,0.0,0.0,정상,True
2020 10 30 08:15:09,0.0,정상,0.0,0.0,정상,True
2020 10 30 08:15:14,0.0,정상,0.0,0.0,정상,True
2020 10 30 08:15:19,0.0,정상,0.0,0.0,정상,True
2020 10 30 08:15:24,0.0,정상,0.0,0.0,정상,True
2020 10 30 08:15:29,0.0,정상,0.0,0.0,정상,True
2020 10 30 08:15:34,0.0,정상,0.0,0.0,정상,True
2020 10 30 08:15:39,0.0,정상,0.0,0.0,정상,True
2020 10 30 08:15:44,0.0,정상,0.0,0.0,정상,True
2020 10 30 08:15:49,0.0,정상,0.0,0.0,정상,True
2020 10 30 08:15:54,0.0,정상,0.0,0.0,정상,True
2020 10 30 08:15:59,0.0,정상,0.0,0.0,정상,True
2020 10 30 08:16:04,0.0,정상,0.0,0.0,정상,True
2020 10 30 08:16:09,0.0,정상,0.0,0.0,정상,True
2020 10 30 08:16:14,0.0,정상,0.0,0.0,정상,True
2020 10 30 08:16:19,0.0,정상,0.0,0.0,정상,True
2020 10 30 08:16:24,0.0,정상,0.0,0.0,정상,True
2020 10 30 08:16:29,0.0,정상,0.0,0.0,정상,True
2020 10 30 08:16:34,0.0,정상,0.0,0.0,정상,True
2020 10 30 08:16:39,0.0,정상,0.0,0.0,정상,True
2020 10 30 08:16:44,0.0,정상,0.0,0.0,정상,True
2020 10 30 08:16:49,0.0,정상,0.0,0.0,정상,True
2020 10 30 08:16:54,0.0,정상,0.0,0.0,정상,True
2020 10 30 08:16:59,0.0,정상,0.0,0.0,정상,True
2020 10 30 08:17:04,0.0,정상,0.0,0.0,정상,True
2020 10 30 08:17:09,0.0,정상,0.0,0.0,정상,True
2020 10 30 08:17:14,0.0,정상,0.0,0.0,정상,True
2020 10 30 08:17:19,0.0,정상,0.0,0.0,정상,True
2020 10 30 08:17:24,0.0,정상,0.0,0.0,정상,True
2020 10 30 08:17:29,0.0,정상,0.0,0.0,정상,True
2020 10 30 08:17:34,0.0,정상,0.0,0.0,정상,True
2020 10 30 08:17:39,0.0,정상,0.0,0.0,정상,True
2020 10 30 08:17:44,0.0,정상,0.0,0.0,정상,True
2020 10 30 08:17:49,0.0,정상,0.0,0.0,정상,True
2020 10 30 08:17:54,0.0,정상,0.0,0.0,정상,True
2020 10 30 08:17:59,0.0,정상,0.0,0.0,정상,True
2020 10 30 08:18:04,0.0,정상,0.0,0.0,정상,True
2020 10 30 08:18:09,0.0,정상,0.0,0.0,정상,True
2020 10 30 08:18:14,0.0,정상,0.0,0.0,정상,True
2020 10 30 08:18:19,0.0,정상,0.0,0.0,정상,True
2020 10 30 08:18:24,0.0,정상,0.0,0.0,정상,True
2020 10 30 08:18:29,0.0,정상,0.0,0.0,정상,True
2020 10 30 08:18:34,0.0,정상,0.0,0.0,정상,True
2020 10 30 08:18:39,0.0,정상,0.0,0.0,정상,True
2020 10 30 08:18:44,0.0,정상,0.0,0.0,정상,True
2020 10 30 08:18:49,0.0,정상,0.0,0.0,정상,True
2020 10 30 08:18:54,0.0,정상,0.0,0.0,정상,True
2020 10 30 08:18:59,0.0,정상,0.0,0.0,정상,True
2020 10 30 08:19:04,0.0,정상,0.0,0.0,정상,True
2020 10 30 08:19:09,0.0,정상,0.0,0.0,정상,True
2020 10 30 08:19:14,0.0,정상,0.0,0.0,정상,True
2020 10 30 08:19:19,0.0,정상,0.0,0.0,정상,True
2020 10 30 08:19:24,0.0,정상,0.0,0.0,정상,True
2020 10 30 08:19:29,0.0,정상,0.0,0.0,정상,True
2020 10 30 08:19:34,0.0,정상,0.0,0.0,정상,True
2020 10 30 08:19:39,0.0,정상,0.0,0.0,정상,True
2020 10 30 08:19:44,0.0,정상,0.0,0.0,정상,True
2020 10 30 08:19:49,0.0,정상,0.0,0.0,정상,True
2020 10 30 08:19:54,0.0,정상,0.0,0.0,정상,True
2020 10 30 08:19:59,0.0,정상,0.0,0.0,정상,True
2020 10 30 08:20:04,0.0,정상,0.0,0.0,정상,True
2020 10 30 08:20:09,0.0,정상,0.0,0.0,정상,True
2020 10 30 08:20:14,0.0,정상,0.0,0.0,정상,True
2020 10 30 08:20:19,0.0,정상,0.0,0.0,정상,True
2020 10 30 08:20:24,0.0,정상,0.0,0.0,정상,True
2020 10 30 08:20:29,0.0,정상,0.0,0.0,정상,True
2020 10 30 08:20:34,0.0,정상,0.0,0.0,정상,True
2020 10 30 08:20:39,0.0,정상,0.0,0.0,정상,True
2020 10 30 08:20:44,0.0,정상,0.0,0.0,정상,True
2020 10 30 08:20:49,0.0,정상,0.0,0.0,정상,True
2020 10 30 08:20:54,0.0,정상,0.0,0.0,정상,True
2020 10 30 08:20:59,0.0,정상,0.0,0.0,정상,True
2020 10 30 08:21:04,0.0,정상,0.0,0.0,정상,True
2020 10 30 08:21:09,0.0,정상,0.0,0.0,정상,True
2020 10 30 08:21:14,0.0,정상,0.0,0.0,정상,True
2020 10 30 08:21:19,0.0,정상,0.0,0.0,정상,True
2020 10 30 08:21:24,0.0,정상,0.0,0.0,정상,True
2020 10 30 08:21:29,0.0,정상,0.0,0.0,정상,True
2020 10 30 08:21:34,0.0,정상,0.0,0.0,정상,True
2020 10 30 08:21:39,0.0,정상,0.0,0.0,정상,True
2020 10 30 08:21:44,0.0,정상,0.0,0.0,정상,True
2020 10 30 08:21:49,0.0,정상,0.0,0.0,정상,True
2020 10 30 08:21:54,0.0,정상,0.0,0.0,정상,True
2020 10 30 08:21:59,0.0,정상,0.0,0.0,정상,True
2020 10 30 08:22:04,0.0,정상,0.0,0.0,정상,True
2020 10 30 08:22:09,0.0,정상,0.0,0.0,정상,True
2020 10 30 08:22:14,0.0,정상,0.0,0.0,정상,True
2020 10 30 08:22:19,0.0,정상,0.0,0.0,정상,True
2020 10 30 08:22:24,0.0,정상,0.0,0.0,정상,True
2020 10 30 08:22:29,0.0,정상,0.0,0.0,정상,True
2020 10 30 08:22:34,0.0,정상,0.0,0.0,정상,True
2020 10 30 08:22:39,0.0,정상,0.0,0.0,정상,True
2020 10 30 08:22:44,0.0,정상,0.0,0.0,정상,True
2020 10 30 08:22:49,0.0,정상,0.0,0.0,정상,True
2020 10 30 08:22:54,0.0,정상,0.0,0.0,정상,True
2020 10 30 08:22:59,0.0,정상,0.0,0.0,정상,True
2020 10 30 08:23:04,0.0,정상,0.0,0.0,정상,True
2020 10 30 08:23:09,0.0,정상,0.0,0.0,정상,True
2020 10 30 08:23:14,0.0,정상,0.0,0.0,정상,True
2020 10 30 08:23:19,0.0,정상,0.0,0.0,정상,True
2020 10 30 08:23:24,0.0,정상,0.0,0.0,정상,True
2020 10 30 08:23:29,0.0,정상,0.0,0.0,정상,True
2020 10 30 08:23:34,0.0,정상,0.0,0.0,정상,True
2020 10 30 08:23:39,0.0,정상,0.0,0.0,정상,True
2020 10 30 08:23:44,0.0,정상,0.0,0.0,정상,True
2020 10 30 08:23:49,0.0,정상,0.0,0.0,정상,True
2020 10 30 08:23:54,0.0,정상,0.0,0.0,정상,True
2020 10 30 08:23:59,0.0,정상,0.0,0.0,정상,True
2020 10 30 08:24:04,0.0,정상,0.0,0.0,정상,True
2020 10 30 08:24:09,0.0,정상,0.0,0.0,정상,True
2020 10 30 08:24:14,0.0,정상,0.0,0.0,정상,True
2020 10 30 08:24:19,0.0,정상,0.0,0.0,정상,True
2020 10 30 08:24:24,0.0,정상,0.0,0.0,정상,True
2020 10 30 08:24:29,0.0,정상,0.0,0.0,정상,True
2020 10 30 08:24:34,0.0,정상,0.0,0.0,정상,True
2020 10 30 08:24:39,0.0,정상,0.0,0.0,정상,True
2020 10 30 08:24:44,0.0,정상,0.0,0.0,정상,True
2020 10 30 08:24:49,0.0,정상,0.0,0.0,정상,True
2020 10 30 08:24:54,0.0,정상,0.0,0.0,정상,True
2020 10 30 08:24:59,0.0,정상,0.0,0.0,정상,True
2020 10 30 08:25:04,0.0,정상,0.0,0.0,정상,True
2020 10 30 08:25:09,0.0,정상,0.0,0.0,정상,True
2020 10 30 08:25:14,0.0,정상,0.0,0.0,정상,True
2020 10 30 08:25:19,0.0,정상,0.0,0.0,정상,True
2020 10 30 08:25:24,0.0,정상,0.0,0.0,정상,True
2020 10 30 08:25:29,0.0,정상,0.0,0.0,정상,True
2020 10 30 08:25:34,0.0,정상,0.0,0.0,정상,True
2020 10 30 08:25:39,0.0,정상,0.0,0.0,정상,True
2020 10 30 08:25:44,0.0,정상,0.0,0.0,정상,True
2020 10 30 08:25:49,0.0,정상,0.0,0.0,정상,True
2020 10 30 08:25:54,0.0,정상,0.0,0.0,정상,True
2020 10 30 08:25:59,0.0,정상,0.0,0.0,정상,True
2020 10 30 08:26:04,0.0,정상,0.0,0.0,정상,True
2020 10 30 08:26:09,0.0,정상,0.0,0.0,정상,True
2020 10 30 08:26:14,0.0,정상,0.0,0.0,정상,True
2020 10 30 08:26:19,0.0,정상,0.0,0.0,정상,True
2020 10 30 08:26:24,0.0,정상,0.0,0.0,정상,True
2020 10 30 08:26:29,0.0,정상,0.0,0.0,정상,True
2020 10 30 08:26:34,0.0,정상,0.0,0.0,정상,True
2020 10 30 08:26:39,0.0,정상,0.0,0.0,정상,True
2020 10 30 08:26:44,0.0,정상,0.0,0.0,정상,True
2020 10 30 08:26:49,0.0,정상,0.0,0.0,정상,True
2020 10 30 08:26:54,0.0,정상,0.0,0.0,정상,True
2020 10 30 08:26:59,0.0,정상,0.0,0.0,정상,True
2020 10 30 08:27:04,0.0,정상,0.0,0.0,정상,True
2020 10 30 08:27:09,0.0,정상,0.0,0.0,정상,True
2020 10 30 08:27:14,0.0,정상,0.0,0.0,정상,True
2020 10 30 08:27:19,0.0,정상,0.0,0.0,정상,True
2020 10 30 08:27:24,0.0,정상,0.0,0.0,정상,True
2020 10 30 08:27:29,0.0,정상,0.0,0.0,정상,True
2020 10 30 08:27:34,0.0,정상,0.0,0.0,정상,True
2020 10 30 08:27:39,0.0,정상,0.0,0.0,정상,True
2020 10 30 08:27:44,0.0,정상,0.0,0.0,정상,True
2020 10 30 08:27:49,0.0,정상,0.0,0.0,정상,True
2020 10 30 08:27:54,0.0,정상,0.0,0.0,정상,True
2020 10 30 08:27:59,0.0,정상,0.0,0.0,정상,True
2020 10 30 08:28:04,0.0,정상,0.0,0.0,정상,True
2020 10 30 08:28:09,0.0,정상,0.0,0.0,정상,True
2020 10 30 08:28:14,0.0,정상,0.0,0.0,정상,True
2020 10 30 08:28:19,0.0,정상,0.0,0.0,정상,True
2020 10 30 08:28:24,0.0,정상,0.0,0.0,정상,True
2020 10 30 08:28:29,0.0,정상,0.0,0.0,정상,True
2020 10 30 08:28:34,0.0,정상,0.0,0.0,정상,True
2020 10 30 08:28:39,0.0,정상,0.0,0.0,정상,True
2020 10 30 08:28:44,0.0,정상,0.0,0.0,정상,True
2020 10 30 08:28:49,0.0,정상,0.0,0.0,정상,True
2020 10 30 08:28:54,0.0,정상,0.0,0.0,정상,True
2020 10 30 08:28:59,0.0,정상,0.0,0.0,정상,True
2020 10 30 08:29:04,0.0,정상,0.0,0.0,정상,True
2020 10 30 08:29:09,0.0,정상,0.0,0.0,정상,True
2020 10 30 08:29:14,0.0,정상,0.0,0.0,정상,True
2020 10 30 08:29:19,0.0,정상,0.0,0.0,정상,True
2020 10 30 08:29:24,0.0,정상,0.0,0.0,정상,True
2020 10 30 08:29:29,0.0,정상,0.0,0.0,정상,True
2020 10 30 08:29:34,0.0,정상,0.0,0.0,정상,True
2020 10 30 08:29:39,0.0,정상,0.0,0.0,정상,True
2020 10 30 08:29:44,0.0,정상,0.0,0.0,정상,True
2020 10 30 08:29:49,0.0,정상,0.0,0.0,정상,True
2020 10 30 08:29:54,0.0,정상,0.0,0.0,정상,True
2020 10 30 08:29:59,0.0,정상,0.0,0.0,정상,True
2020 10 30 08:30:04,0.0,정상,0.0,0.0,정상,True
2020 10 30 08:30:09,0.0,정상,0.0,0.0,정상,True
2020 10 30 08:30:14,0.0,정상,0.0,0.0,정상,True
2020 10 30 08:30:19,0.0,정상,0.0,0.0,정상,True
2020 10 30 08:30:24,0.0,정상,0.0,0.0,정상,True
2020 10 30 08:30:29,0.0,정상,0.0,0.0,정상,True
2020 10 30 08:30:34,0.0,정상,0.0,0.0,정상,True
2020 10 30 08:30:39,0.0,정상,0.0,0.0,정상,True
2020 10 30 08:30:44,0.0,정상,0.0,0.0,정상,True
2020 10 30 08:30:49,0.0,정상,0.0,0.0,정상,True
2020 10 30 08:30:54,0.0,정상,0.0,0.0,정상,True
2020 10 30 08:30:59,0.0,정상,0.0,0.0,정상,True
2020 10 30 08:31:04,0.0,정상,0.0,0.0,정상,True
2020 10 30 08:31:09,0.0,정상,0.0,0.0,정상,True
2020 10 30 08:31:14,0.0,정상,0.0,0.0,정상,True
2020 10 30 08:31:19,0.0,정상,0.0,0.0,정상,True
2020 10 30 08:31:24,0.0,정상,0.0,0.0,정상,True
2020 10 30 08:31:29,0.0,정상,0.0,0.0,정상,True
2020 10 30 08:31:34,0.0,정상,0.0,0.0,정상,True
2020 10 30 08:31:39,0.0,정상,0.0,0.0,정상,True
2020 10 30 08:31:44,0.0,정상,0.0,0.0,정상,True
2020 10 30 08:31:49,0.0,정상,0.0,0.0,정상,True
2020 10 30 08:31:54,0.0,정상,0.0,0.0,정상,True
2020 10 30 08:31:59,0.0,정상,0.0,0.0,정상,True
2020 10 30 08:32:04,0.0,정상,0.0,0.0,정상,True
2020 10 30 08:32:09,0.0,정상,0.0,0.0,정상,True
2020 10 30 08:32:14,0.0,정상,0.0,0.0,정상,True
2020 10 30 08:32:19,0.0,정상,0.0,0.0,정상,True
2020 10 30 08:32:24,0.0,정상,0.0,0.0,정상,True
2020 10 30 08:32:29,0.0,정상,0.0,0.0,정상,True
2020 10 30 08:32:34,0.0,정상,0.0,0.0,정상,True
2020 10 30 08:32:39,0.0,정상,0.0,0.0,정상,True
2020 10 30 08:32:44,0.0,정상,0.0,0.0,정상,True
2020 10 30 08:32:49,0.0,정상,0.0,0.0,정상,True
2020 10 30 08:32:54,0.0,정상,0.0,0.0,정상,True
2020 10 30 08:32:59,0.0,정상,0.0,0.0,정상,True
2020 10 30 08:33:04,0.0,정상,0.0,0.0,정상,True
2020 10 30 08:33:09,0.0,정상,0.0,0.0,정상,True
2020 10 30 08:33:14,0.0,정상,0.0,0.0,정상,True
2020 10 30 08:33:19,0.0,정상,0.0,0.0,정상,True
2020 10 30 08:33:24,0.0,정상,0.0,0.0,정상,True
2020 10 30 08:33:29,0.0,정상,0.0,0.0,정상,True
2020 10 30 08:33:34,0.0,정상,0.0,0.0,정상,True
2020 10 30 08:33:39,0.0,정상,0.0,0.0,정상,True
2020 10 30 08:33:44,0.0,정상,0.0,0.0,정상,True
2020 10 30 08:33:49,0.0,정상,0.0,0.0,정상,True
2020 10 30 08:33:54,0.0,정상,0.0,0.0,정상,True
2020 10 30 08:33:59,0.0,정상,0.0,0.0,정상,True
2020 10 30 08:34:04,0.0,정상,0.0,0.0,정상,True
2020 10 30 08:34:09,0.0,정상,0.0,0.0,정상,True
2020 10 30 08:34:14,0.0,정상,0.0,0.0,정상,True
2020 10 30 08:34:19,0.0,정상,0.0,0.0,정상,True
2020 10 30 08:34:24,0.0,정상,0.0,0.0,정상,True
2020 10 30 08:34:29,0.0,정상,0.0,0.0,정상,True
2020 10 30 08:34:34,0.0,정상,0.0,0.0,정상,True
2020 10 30 08:34:39,0.0,정상,0.0,0.0,정상,True
2020 10 30 08:34:44,0.0,정상,0.0,0.0,정상,True
2020 10 30 08:34:49,0.0,정상,0.0,0.0,정상,True
2020 10 30 08:34:54,0.0,정상,0.0,0.0,정상,True
2020 10 30 08:34:59,0.0,정상,0.0,0.0,정상,True
2020 10 30 08:35:04,0.0,정상,0.0,0.0,정상,True
2020 10 30 08:35:09,0.0,정상,0.0,0.0,정상,True
2020 10 30 08:35:14,0.0,정상,0.0,0.0,정상,True
2020 10 30 08:35:19,0.0,정상,0.0,0.0,정상,True
2020 10 30 08:35:24,0.0,정상,0.0,0.0,정상,True
2020 10 30 08:35:29,0.0,정상,0.0,0.0,정상,True
2020 10 30 08:35:34,0.0,정상,0.0,0.0,정상,True
2020 10 30 08:35:39,0.0,정상,0.0,0.0,정상,True
2020 10 30 08:35:44,0.0,정상,0.0,0.0,정상,True
2020 10 30 08:35:49,0.0,정상,0.0,0.0,정상,True
2020 10 30 08:35:54,0.0,정상,0.0,0.0,정상,True
2020 10 30 08:35:59,0.0,정상,0.0,0.0,정상,True
2020 10 30 08:36:04,0.0,정상,0.0,0.0,정상,True
2020 10 30 08:36:09,0.0,정상,0.0,0.0,정상,True
2020 10 30 08:36:14,0.0,정상,0.0,0.0,정상,True
2020 10 30 08:36:19,0.0,정상,0.0,0.0,정상,True
2020 10 30 08:36:24,0.0,정상,0.0,0.0,정상,True
2020 10 30 08:36:29,0.0,정상,0.0,0.0,정상,True
2020 10 30 08:36:34,0.0,정상,0.0,0.0,정상,True
2020 10 30 08:36:39,0.0,정상,0.0,0.0,정상,True
2020 10 30 08:36:44,0.0,정상,0.0,0.0,정상,True
2020 10 30 08:36:49,0.0,정상,0.0,0.0,정상,True
2020 10 30 08:36:54,0.0,정상,0.0,0.0,정상,True
2020 10 30 08:36:59,0.0,정상,0.0,0.0,정상,True
2020 10 30 08:37:04,0.0,정상,0.0,0.0,정상,True
2020 10 30 08:37:09,0.0,정상,0.0,0.0,정상,True
2020 10 30 08:37:14,0.0,정상,0.0,0.0,정상,True
2020 10 30 08:37:19,0.0,정상,0.0,0.0,정상,True
2020 10 30 08:37:24,0.0,정상,0.0,0.0,정상,True
2020 10 30 08:37:29,0.0,정상,0.0,0.0,정상,True
2020 10 30 08:37:34,0.0,정상,0.0,0.0,정상,True
2020 10 30 08:37:39,0.0,정상,0.0,0.0,정상,True
2020 10 30 08:37:44,0.0,정상,0.0,0.0,정상,True
2020 10 30 08:37:49,0.0,정상,0.0,0.0,정상,True
2020 10 30 08:37:54,0.0,정상,0.0,0.0,정상,True
2020 10 30 08:37:59,0.0,정상,0.0,0.0,정상,True
2020 10 30 08:38:04,0.0,정상,0.0,0.0,정상,True
2020 10 30 08:38:09,0.0,정상,0.0,0.0,정상,True
2020 10 30 08:38:14,0.0,정상,0.0,0.0,정상,True
2020 10 30 08:38:19,0.0,정상,0.0,0.0,정상,True
2020 10 30 08:38:24,0.0,정상,0.0,0.0,정상,True
2020 10 30 08:38:29,0.0,정상,0.0,0.0,정상,True
2020 10 30 08:38:34,0.0,정상,0.0,0.0,정상,True
2020 10 30 08:38:39,0.0,정상,0.0,0.0,정상,True
2020 10 30 08:38:44,0.0,정상,0.0,0.0,정상,True
2020 10 30 08:38:49,0.0,정상,0.0,0.0,정상,True
2020 10 30 08:38:54,0.0,정상,0.0,0.0,정상,True
2020 10 30 08:38:59,0.0,정상,0.0,0.0,정상,True
2020 10 30 08:39:04,0.0,정상,0.0,0.0,정상,True
2020 10 30 08:39:09,0.0,정상,0.0,0.0,정상,True
2020 10 30 08:39:14,0.0,정상,0.0,0.0,정상,True
2020 10 30 08:39:19,0.0,정상,0.0,0.0,정상,True
2020 10 30 08:39:24,0.0,정상,0.0,0.0,정상,True
2020 10 30 08:39:29,0.0,정상,0.0,0.0,정상,True
2020 10 30 08:39:34,0.0,정상,0.0,0.0,정상,True
2020 10 30 08:39:39,0.0,정상,0.0,0.0,정상,True
2020 10 30 08:39:44,0.0,정상,0.0,0.0,정상,True
2020 10 30 08:39:49,0.0,정상,0.0,0.0,정상,True
2020 10 30 08:39:54,0.0,정상,0.0,0.0,정상,True
2020 10 30 08:39:59,0.0,정상,0.0,0.0,정상,True
2020 10 30 08:40:04,0.0,정상,0.0,0.0,정상,True
2020 10 30 08:40:09,0.0,정상,0.0,0.0,정상,True
2020 10 30 08:40:14,0.0,정상,0.0,0.0,정상,True
2020 10 30 08:40:19,0.0,정상,0.0,0.0,정상,True
2020 10 30 08:40:24,0.0,정상,0.0,0.0,정상,True
2020 10 30 08:40:29,0.0,정상,0.0,0.0,정상,True
2020 10 30 08:40:34,0.0,정상,0.0,0.0,정상,True
2020 10 30 08:40:39,0.0,정상,0.0,0.0,정상,True
2020 10 30 08:40:44,0.0,정상,0.0,0.0,정상,True
2020 10 30 08:40:49,0.0,정상,0.0,0.0,정상,True
2020 10 30 08:40:54,0.0,정상,0.0,0.0,정상,True
2020 10 30 08:40:59,0.0,정상,0.0,0.0,정상,True
2020 10 30 08:41:04,0.0,정상,0.0,0.0,정상,True
2020 10 30 08:41:09,0.0,정상,0.0,0.0,정상,True
2020 10 30 08:41:14,0.0,정상,0.0,0.0,정상,True
2020 10 30 08:41:19,0.0,정상,0.0,0.0,정상,True
2020 10 30 08:41:24,0.0,정상,0.0,0.0,정상,True
2020 10 30 08:41:29,0.0,정상,0.0,0.0,정상,True
2020 10 30 08:41:34,0.0,정상,0.0,0.0,정상,True
2020 10 30 08:41:39,0.0,정상,0.0,0.0,정상,True
2020 10 30 08:41:44,0.0,정상,0.0,0.0,정상,True
2020 10 30 08:41:49,0.0,정상,0.0,0.0,정상,True
2020 10 30 08:41:54,0.0,정상,0.0,0.0,정상,True
2020 10 30 08:41:59,0.0,정상,0.0,0.0,정상,True
2020 10 30 08:42:04,0.0,정상,0.0,0.0,정상,True
2020 10 30 08:42:09,0.0,정상,0.0,0.0,정상,True
2020 10 30 08:42:14,0.0,정상,0.0,0.0,정상,True
2020 10 30 08:42:19,0.0,정상,0.0,0.0,정상,True
2020 10 30 08:42:24,0.0,정상,0.0,0.0,정상,True
2020 10 30 08:42:29,0.0,정상,0.0,0.0,정상,True
2020 10 30 08:42:34,0.0,정상,0.0,0.0,정상,True
2020 10 30 08:42:39,0.0,정상,0.0,0.0,정상,True
2020 10 30 08:42:44,0.0,정상,0.0,0.0,정상,True
2020 10 30 08:42:49,0.0,정상,0.0,0.0,정상,True
2020 10 30 08:42:54,0.0,정상,0.0,0.0,정상,True
2020 10 30 08:42:59,0.0,정상,0.0,0.0,정상,True
2020 10 30 08:43:04,0.0,정상,0.0,0.0,정상,True
2020 10 30 08:43:09,0.0,정상,0.0,0.0,정상,True
2020 10 30 08:43:14,0.0,정상,0.0,0.0,정상,True
2020 10 30 08:43:19,0.0,정상,0.0,0.0,정상,True
2020 10 30 08:43:24,0.0,정상,0.0,0.0,정상,True
2020 10 30 08:43:29,0.0,정상,0.0,0.0,정상,True
2020 10 30 08:43:34,0.0,정상,0.0,0.0,정상,True
2020 10 30 08:43:39,0.0,정상,0.0,0.0,정상,True
2020 10 30 08:43:44,0.0,정상,0.0,0.0,정상,True
2020 10 30 08:43:49,0.0,정상,0.0,0.0,정상,True
2020 10 30 08:43:54,0.0,정상,0.0,0.0,정상,True
2020 10 30 08:43:59,0.0,정상,0.0,0.0,정상,True
2020 10 30 08:44:04,0.0,정상,0.0,0.0,정상,True
2020 10 30 08:44:09,0.0,정상,0.0,0.0,정상,True
2020 10 30 08:44:14,0.0,정상,0.0,0.0,정상,True
2020 10 30 08:44:19,0.0,정상,0.0,0.0,정상,True
2020 10 30 08:44:24,0.0,정상,0.0,0.0,정상,True
2020 10 30 08:44:29,0.0,정상,0.0,0.0,정상,True
2020 10 30 08:44:34,0.0,정상,0.0,0.0,정상,True
2020 10 30 08:44:39,0.0,정상,0.0,0.0,정상,True
2020 10 30 08:44:44,0.0,정상,0.0,0.0,정상,True
2020 10 30 08:44:49,0.0,정상,0.0,0.0,정상,True
2020 10 30 08:44:54,0.0,정상,0.0,0.0,정상,True
2020 10 30 08:44:59,0.0,정상,0.0,0.0,정상,True
2020 10 30 08:45:04,0.0,정상,0.0,0.0,정상,True
2020 10 30 08:45:09,0.0,정상,0.0,0.0,정상,True
2020 10 30 08:45:14,0.0,정상,0.0,0.0,정상,True
2020 10 30 08:45:19,0.0,정상,0.0,0.0,정상,True
2020 10 30 08:45:24,0.0,정상,0.0,0.0,정상,True
2020 10 30 08:45:29,0.0,정상,0.0,0.0,정상,True
2020 10 30 08:45:34,0.0,정상,0.0,0.0,정상,True
2020 10 30 08:45:39,0.0,정상,0.0,0.0,정상,True
2020 10 30 08:45:44,0.0,정상,0.0,0.0,정상,True
2020 10 30 08:45:49,0.0,정상,0.0,0.0,정상,True
2020 10 30 08:45:54,0.0,정상,0.0,0.0,정상,True
2020 10 30 08:45:59,0.0,정상,0.0,0.0,정상,True
2020 10 30 08:46:04,0.0,정상,0.0,0.0,정상,True
2020 10 30 08:46:09,0.0,정상,0.0,0.0,정상,True
2020 10 30 08:46:14,0.0,정상,0.0,0.0,정상,True
2020 10 30 08:46:19,0.0,정상,0.0,0.0,정상,True
2020 10 30 08:46:24,0.0,정상,0.0,0.0,정상,True
2020 10 30 08:46:29,0.0,정상,0.0,0.0,정상,True
2020 10 30 08:46:34,0.0,정상,0.0,0.0,정상,True
2020 10 30 08:46:39,0.0,정상,0.0,0.0,정상,True
2020 10 30 08:46:44,0.0,정상,0.0,0.0,정상,True
2020 10 30 08:46:49,0.0,정상,0.0,0.0,정상,True
2020 10 30 08:46:54,0.0,정상,0.0,0.0,정상,True
2020 10 30 08:46:59,0.0,정상,0.0,0.0,정상,True
2020 10 30 08:47:04,0.0,정상,0.0,0.0,정상,True
2020 10 30 08:47:09,0.0,정상,0.0,0.0,정상,True
2020 10 30 08:47:14,0.0,정상,0.0,0.0,정상,True
2020 10 30 08:47:19,0.0,정상,0.0,0.0,정상,True
2020 10 30 08:47:24,0.0,정상,0.0,0.0,정상,True
2020 10 30 08:47:29,0.0,정상,0.0,0.0,정상,True
2020 10 30 08:47:34,0.0,정상,0.0,0.0,정상,True
2020 10 30 08:47:39,0.0,정상,0.0,0.0,정상,True
2020 10 30 08:47:44,0.0,정상,0.0,0.0,정상,True
2020 10 30 08:47:49,0.0,정상,0.0,0.0,정상,True
2020 10 30 08:47:54,0.0,정상,0.0,0.0,정상,True
2020 10 30 08:47:59,0.0,정상,0.0,0.0,정상,True
2020 10 30 08:48:04,0.0,정상,0.0,0.0,정상,True
2020 10 30 08:48:09,0.0,정상,0.0,0.0,정상,True
2020 10 30 08:48:14,0.0,정상,0.0,0.0,정상,True
2020 10 30 08:48:19,0.0,정상,0.0,0.0,정상,True
2020 10 30 08:48:24,0.0,정상,0.0,0.0,정상,True
2020 10 30 08:48:29,0.0,정상,0.0,0.0,정상,True
2020 10 30 08:48:34,0.0,정상,0.0,0.0,정상,True
2020 10 30 08:48:39,0.0,정상,0.0,0.0,정상,True
2020 10 30 08:48:44,0.0,정상,0.0,0.0,정상,True
2020 10 30 08:48:49,0.0,정상,0.0,0.0,정상,True
2020 10 30 08:48:54,0.0,정상,0.0,0.0,정상,True
2020 10 30 08:48:59,0.0,정상,0.0,0.0,정상,True
2020 10 30 08:49:04,0.0,정상,0.0,0.0,정상,True
2020 10 30 08:49:09,0.0,정상,0.0,0.0,정상,True
2020 10 30 08:49:14,0.0,정상,0.0,0.0,정상,True
2020 10 30 08:49:19,0.0,정상,0.0,0.0,정상,True
2020 10 30 08:49:24,0.0,정상,0.0,0.0,정상,True
2020 10 30 08:49:29,0.0,정상,0.0,0.0,정상,True
2020 10 30 08:49:34,0.0,정상,0.0,0.0,정상,True
2020 10 30 08:49:39,0.0,정상,0.0,0.0,정상,True
2020 10 30 08:49:44,0.0,정상,0.0,0.0,정상,True
2020 10 30 08:49:49,0.0,정상,0.0,0.0,정상,True
2020 10 30 08:49:54,0.0,정상,0.0,0.0,정상,True
2020 10 30 08:49:59,0.0,정상,0.0,0.0,정상,True
2020 10 30 08:50:04,0.0,정상,0.0,0.0,정상,True
2020 10 30 08:50:09,0.0,정상,0.0,0.0,정상,True
2020 10 30 08:50:14,0.0,정상,0.0,0.0,정상,True
2020 10 30 08:50:19,0.0,정상,0.0,0.0,정상,True
2020 10 30 08:50:24,0.0,정상,0.0,0.0,정상,True
2020 10 30 08:50:29,0.0,정상,0.0,0.0,정상,True
2020 10 30 08:50:34,0.0,정상,0.0,0.0,정상,True
2020 10 30 08:50:39,0.0,정상,0.0,0.0,정상,True
2020 10 30 08:50:44,0.0,정상,0.0,0.0,정상,True
2020 10 30 08:50:49,0.0,정상,0.0,0.0,정상,True
2020 10 30 08:50:54,0.0,정상,0.0,0.0,정상,True
2020 10 30 08:50:59,0.0,정상,0.0,0.0,정상,True
2020 10 30 08:51:04,0.0,정상,0.0,0.0,정상,True
2020 10 30 08:51:09,0.0,정상,0.0,0.0,정상,True
2020 10 30 08:51:14,0.0,정상,0.0,0.0,정상,True
2020 10 30 08:51:19,0.0,정상,0.0,0.0,정상,True
2020 10 30 08:51:24,0.0,정상,0.0,0.0,정상,True
2020 10 30 08:51:29,0.0,정상,0.0,0.0,정상,True
2020 10 30 08:51:34,0.0,정상,0.0,0.0,정상,True
2020 10 30 08:51:39,0.0,정상,0.0,0.0,정상,True
2020 10 30 08:51:44,0.0,정상,0.0,0.0,정상,True
2020 10 30 08:51:49,0.0,정상,0.0,0.0,정상,True
2020 10 30 08:51:54,0.0,정상,0.0,0.0,정상,True
2020 10 30 08:51:59,0.0,정상,0.0,0.0,정상,True
2020 10 30 08:52:04,0.0,정상,0.0,0.0,정상,True
2020 10 30 08:52:09,0.0,정상,0.0,0.0,정상,True
2020 10 30 08:52:14,0.0,정상,0.0,0.0,정상,True
2020 10 30 08:52:19,0.0,정상,0.0,0.0,정상,True
2020 10 30 08:52:24,0.0,정상,0.0,0.0,정상,True
2020 10 30 08:52:29,0.0,정상,0.0,0.0,정상,True
2020 10 30 08:52:34,0.0,정상,0.0,0.0,정상,True
2020 10 30 08:52:39,0.0,정상,0.0,0.0,정상,True
2020 10 30 08:52:44,0.0,정상,0.0,0.0,정상,True
2020 10 30 08:52:49,0.0,정상,0.0,0.0,정상,True
2020 10 30 08:52:54,0.0,정상,0.0,0.0,정상,True
2020 10 30 08:52:59,0.0,정상,0.0,0.0,정상,True
2020 10 30 08:53:04,0.0,정상,0.0,0.0,정상,True
2020 10 30 08:53:09,0.0,정상,0.0,0.0,정상,True
2020 10 30 08:53:14,0.0,정상,0.0,0.0,정상,True
2020 10 30 08:53:19,0.0,정상,0.0,0.0,정상,True
2020 10 30 08:53:24,0.0,정상,0.0,0.0,정상,True
2020 10 30 08:53:29,0.0,정상,0.0,0.0,정상,True
2020 10 30 08:53:34,0.0,정상,0.0,0.0,정상,True
2020 10 30 08:53:39,0.0,정상,0.0,0.0,정상,True
2020 10 30 08:53:44,0.0,정상,0.0,0.0,정상,True
2020 10 30 08:53:49,0.0,정상,0.0,0.0,정상,True
2020 10 30 08:53:54,0.0,정상,0.0,0.0,정상,True
2020 10 30 08:53:59,0.0,정상,0.0,0.0,정상,True
2020 10 30 08:54:04,0.0,정상,0.0,0.0,정상,True
2020 10 30 08:54:09,0.0,정상,0.0,0.0,정상,True
2020 10 30 08:54:14,0.0,정상,0.0,0.0,정상,True
2020 10 30 08:54:19,0.0,정상,0.0,0.0,정상,True
2020 10 30 08:54:24,0.0,정상,0.0,0.0,정상,True
2020 10 30 08:54:29,0.0,정상,0.0,0.0,정상,True
2020 10 30 08:54:34,0.0,정상,0.0,0.0,정상,True
2020 10 30 08:54:39,0.0,정상,0.0,0.0,정상,True
2020 10 30 08:54:44,0.0,정상,0.0,0.0,정상,True
2020 10 30 08:54:49,0.0,정상,0.0,0.0,정상,True
2020 10 30 08:54:54,0.0,정상,0.0,0.0,정상,True
2020 10 30 08:54:59,0.0,정상,0.0,0.0,정상,True
2020 10 30 08:55:04,0.0,정상,0.0,0.0,정상,True
2020 10 30 08:55:09,0.0,정상,0.0,0.0,정상,True
2020 10 30 08:55:14,0.0,정상,0.0,0.0,정상,True
2020 10 30 08:55:19,0.0,정상,0.0,0.0,정상,True
2020 10 30 08:55:24,0.0,정상,0.0,0.0,정상,True
2020 10 30 08:55:29,0.0,정상,0.0,0.0,정상,True
2020 10 30 08:55:34,0.0,정상,0.0,0.0,정상,True
2020 10 30 08:55:39,0.0,정상,0.0,0.0,정상,True
2020 10 30 08:55:44,0.0,정상,0.0,0.0,정상,True
2020 10 30 08:55:49,0.0,정상,0.0,0.0,정상,True
2020 10 30 08:55:54,0.0,정상,0.0,0.0,정상,True
2020 10 30 08:55:59,0.0,정상,0.0,0.0,정상,True
2020 10 30 08:56:04,0.0,정상,0.0,0.0,정상,True
2020 10 30 08:56:09,0.0,정상,0.0,0.0,정상,True
2020 10 30 08:56:14,0.0,정상,0.0,0.0,정상,True
2020 10 30 08:56:19,0.0,정상,0.0,0.0,정상,True
2020 10 30 08:56:24,0.0,정상,0.0,0.0,정상,True
2020 10 30 08:56:29,0.0,정상,0.0,0.0,정상,True
2020 10 30 08:56:34,0.0,정상,0.0,0.0,정상,True
2020 10 30 08:56:39,0.0,정상,0.0,0.0,정상,True
2020 10 30 08:56:44,0.0,정상,0.0,0.0,정상,True
2020 10 30 08:56:49,0.0,정상,0.0,0.0,정상,True
2020 10 30 08:56:54,0.0,정상,0.0,0.0,정상,True
2020 10 30 08:56:59,0.0,정상,0.0,0.0,정상,True
2020 10 30 08:57:04,0.0,정상,0.0,0.0,정상,True
2020 10 30 08:57:09,0.0,정상,0.0,0.0,정상,True
2020 10 30 08:57:14,0.0,정상,0.0,0.0,정상,True
2020 10 30 08:57:19,0.0,정상,0.0,0.0,정상,True
2020 10 30 08:57:24,0.0,정상,0.0,0.0,정상,True
2020 10 30 08:57:29,0.0,정상,0.0,0.0,정상,True
2020 10 30 08:57:34,0.0,정상,0.0,0.0,정상,True
2020 10 30 08:57:39,0.0,정상,0.0,0.0,정상,True
2020 10 30 08:57:44,0.0,정상,0.0,0.0,정상,True
2020 10 30 08:57:49,0.0,정상,0.0,0.0,정상,True
2020 10 30 08:57:54,0.0,정상,0.0,0.0,정상,True
2020 10 30 08:57:59,0.0,정상,0.0,0.0,정상,True
2020 10 30 08:58:04,0.0,정상,0.0,0.0,정상,True
2020 10 30 08:58:09,0.0,정상,0.0,0.0,정상,True
2020 10 30 08:58:14,0.0,정상,0.0,0.0,정상,True
2020 10 30 08:58:19,0.0,정상,0.0,0.0,정상,True
2020 10 30 08:58:24,0.0,정상,0.0,0.0,정상,True
2020 10 30 08:58:29,0.0,정상,0.0,0.0,정상,True
2020 10 30 08:58:34,0.0,정상,0.0,0.0,정상,True
2020 10 30 08:58:39,0.0,정상,0.0,0.0,정상,True
2020 10 30 08:58:44,0.0,정상,0.0,0.0,정상,True
2020 10 30 08:58:49,0.0,정상,0.0,0.0,정상,True
2020 10 30 08:58:54,0.0,정상,0.0,0.0,정상,True
2020 10 30 08:58:59,0.0,정상,0.0,0.0,정상,True
2020 10 30 08:59:04,0.0,정상,0.0,0.0,정상,True
2020 10 30 08:59:09,0.0,정상,0.0,0.0,정상,True
2020 10 30 08:59:14,0.0,정상,0.0,0.0,정상,True
2020 10 30 08:59:19,0.0,정상,0.0,0.0,정상,True
2020 10 30 08:59:24,0.0,정상,0.0,0.0,정상,True
2020 10 30 08:59:29,0.0,정상,0.0,0.0,정상,True
2020 10 30 08:59:34,0.0,정상,0.0,0.0,정상,True
2020 10 30 08:59:39,0.0,정상,0.0,0.0,정상,True
2020 10 30 08:59:44,0.0,정상,0.0,0.0,정상,True
2020 10 30 08:59:49,0.0,정상,0.0,0.0,정상,True
2020 10 30 08:59:54,0.0,정상,0.0,0.0,정상,True
2020 10 30 08:59:59,0.0,정상,0.0,0.0,정상,True
2020 10 30 09:00:04,0.0,정상,0.0,0.0,정상,True
2020 10 30 09:00:09,0.0,정상,0.0,0.0,정상,True
2020 10 30 09:00:14,0.0,정상,0.0,0.0,정상,True
2020 10 30 09:00:19,0.0,정상,0.0,0.0,정상,True
2020 10 30 09:00:24,0.0,정상,0.0,0.0,정상,True
2020 10 30 09:00:29,0.0,정상,0.0,0.0,정상,True
2020 10 30 09:00:34,0.0,정상,0.0,0.0,정상,True
2020 10 30 09:00:39,0.0,정상,0.0,0.0,정상,True
2020 10 30 09:00:44,0.0,정상,0.0,0.0,정상,True
2020 10 30 09:00:49,0.0,정상,0.0,0.0,정상,True
2020 10 30 09:00:54,0.0,정상,0.0,0.0,정상,True
2020 10 30 09:00:59,0.0,정상,0.0,0.0,정상,True
2020 10 30 09:01:04,0.0,정상,0.0,0.0,정상,True
2020 10 30 09:01:09,0.0,정상,0.0,0.0,정상,True
2020 10 30 09:01:14,0.0,정상,0.0,0.0,정상,True
2020 10 30 09:01:19,0.0,정상,0.0,0.0,정상,True
2020 10 30 09:01:24,0.0,정상,0.0,0.0,정상,True
2020 10 30 09:01:29,0.0,정상,0.0,0.0,정상,True
2020 10 30 09:01:34,0.0,정상,0.0,0.0,정상,True
2020 10 30 09:01:39,0.0,정상,0.0,0.0,정상,True
2020 10 30 09:01:44,0.0,정상,0.0,0.0,정상,True
2020 10 30 09:01:49,0.0,정상,0.0,0.0,정상,True
2020 10 30 09:01:54,0.0,정상,0.0,0.0,정상,True
2020 10 30 09:01:59,0.0,정상,0.0,0.0,정상,True
2020 10 30 09:02:04,0.0,정상,0.0,0.0,정상,True
2020 10 30 09:02:09,0.0,정상,0.0,0.0,정상,True
2020 10 30 09:02:14,0.0,정상,0.0,0.0,정상,True
2020 10 30 09:02:19,0.0,정상,0.0,0.0,정상,True
2020 10 30 09:02:24,0.0,정상,0.0,0.0,정상,True
2020 10 30 09:02:29,0.0,정상,0.0,0.0,정상,True
2020 10 30 09:02:34,0.0,정상,0.0,0.0,정상,True
2020 10 30 09:02:39,0.0,정상,0.0,0.0,정상,True
2020 10 30 09:02:44,0.0,정상,0.0,0.0,정상,True
2020 10 30 09:02:49,0.0,정상,0.0,0.0,정상,True
2020 10 30 09:02:54,0.0,정상,0.0,0.0,정상,True
2020 10 30 09:02:59,0.0,정상,0.0,0.0,정상,True
2020 10 30 09:03:04,0.0,정상,0.0,0.0,정상,True
2020 10 30 09:03:09,0.0,정상,0.0,0.0,정상,True
2020 10 30 09:03:14,0.0,정상,0.0,0.0,정상,True
2020 10 30 09:03:19,0.0,정상,0.0,0.0,정상,True
2020 10 30 09:03:24,0.0,정상,0.0,0.0,정상,True
2020 10 30 09:03:29,0.0,정상,0.0,0.0,정상,True
2020 10 30 09:03:34,0.0,정상,0.0,0.0,정상,True
2020 10 30 09:03:39,0.0,정상,0.0,0.0,정상,True
2020 10 30 09:03:44,0.0,정상,0.0,0.0,정상,True
2020 10 30 09:03:49,0.0,정상,0.0,0.0,정상,True
2020 10 30 09:03:54,0.0,정상,0.0,0.0,정상,True
2020 10 30 09:03:59,0.0,정상,0.0,0.0,정상,True
2020 10 30 09:04:04,0.0,정상,0.0,0.0,정상,True
2020 10 30 09:04:09,0.0,정상,0.0,0.0,정상,True
2020 10 30 09:04:14,0.0,정상,0.0,0.0,정상,True
2020 10 30 09:04:19,0.0,정상,0.0,0.0,정상,True
2020 10 30 09:04:24,0.0,정상,0.0,0.0,정상,True
2020 10 30 09:04:29,0.0,정상,0.0,0.0,정상,True
2020 10 30 09:04:34,0.0,정상,0.0,0.0,정상,True
2020 10 30 09:04:39,0.0,정상,0.0,0.0,정상,True
2020 10 30 09:04:44,0.0,정상,0.0,0.0,정상,True
2020 10 30 09:04:49,0.0,정상,0.0,0.0,정상,True
2020 10 30 09:04:54,0.0,정상,0.0,0.0,정상,True
2020 10 30 09:04:59,0.0,정상,0.0,0.0,정상,True
2020 10 30 09:05:04,0.0,정상,0.0,0.0,정상,True
2020 10 30 09:05:09,0.0,정상,0.0,0.0,정상,True
2020 10 30 09:05:14,0.0,정상,0.0,0.0,정상,True
2020 10 30 09:05:19,0.0,정상,0.0,0.0,정상,True
2020 10 30 09:05:24,0.0,정상,0.0,0.0,정상,True
2020 10 30 09:05:29,0.0,정상,0.0,0.0,정상,True
2020 10 30 09:05:34,0.0,정상,0.0,0.0,정상,True
2020 10 30 09:05:39,0.0,정상,0.0,0.0,정상,True
2020 10 30 09:05:44,0.0,정상,0.0,0.0,정상,True
2020 10 30 09:05:49,0.0,정상,0.0,0.0,정상,True
2020 10 30 09:05:54,0.0,정상,0.0,0.0,정상,True
2020 10 30 09:05:59,0.0,정상,0.0,0.0,정상,True
2020 10 30 09:06:04,0.0,정상,0.0,0.0,정상,True
2020 10 30 09:06:09,0.0,정상,0.0,0.0,정상,True
2020 10 30 09:06:14,0.0,정상,0.0,0.0,정상,True
2020 10 30 09:06:19,0.0,정상,0.0,0.0,정상,True
2020 10 30 09:06:24,0.0,정상,0.0,0.0,정상,True
2020 10 30 09:06:29,0.0,정상,0.0,0.0,정상,True
2020 10 30 09:06:34,0.0,정상,0.0,0.0,정상,True
2020 10 30 09:06:39,0.0,정상,0.0,0.0,정상,True
2020 10 30 09:06:44,0.0,정상,0.0,0.0,정상,True
2020 10 30 09:06:49,0.0,정상,0.0,0.0,정상,True
2020 10 30 09:06:54,0.0,정상,0.0,0.0,정상,True
2020 10 30 09:06:59,0.0,정상,0.0,0.0,정상,True
2020 10 30 09:07:04,0.0,정상,0.0,0.0,정상,True
2020 10 30 09:07:09,0.0,정상,0.0,0.0,정상,True
2020 10 30 09:07:14,0.0,정상,0.0,0.0,정상,True
2020 10 30 09:07:19,0.0,정상,0.0,0.0,정상,True
2020 10 30 09:07:24,0.0,정상,0.0,0.0,정상,True
2020 10 30 09:07:29,0.0,정상,0.0,0.0,정상,True
2020 10 30 09:07:34,0.0,정상,0.0,0.0,정상,True
2020 10 30 09:07:39,0.0,정상,0.0,0.0,정상,True
2020 10 30 09:07:44,0.0,정상,0.0,0.0,정상,True
2020 10 30 09:07:49,0.0,정상,0.0,0.0,정상,True
2020 10 30 09:07:54,0.0,정상,0.0,0.0,정상,True
2020 10 30 09:07:59,0.0,정상,0.0,0.0,정상,True
2020 10 30 09:08:04,0.0,정상,0.0,0.0,정상,True
2020 10 30 09:08:09,0.0,정상,0.0,0.0,정상,True
2020 10 30 09:08:14,0.0,정상,0.0,0.0,정상,True
2020 10 30 09:08:19,0.0,정상,0.0,0.0,정상,True
2020 10 30 09:08:24,0.0,정상,0.0,0.0,정상,True
2020 10 30 09:08:29,0.0,정상,0.0,0.0,정상,True
2020 10 30 09:08:34,0.0,정상,0.0,0.0,정상,True
2020 10 30 09:08:39,0.0,정상,0.0,0.0,정상,True
2020 10 30 09:08:44,0.0,정상,0.0,0.0,정상,True
2020 10 30 09:08:49,0.0,정상,0.0,0.0,정상,True
2020 10 30 09:08:54,0.0,정상,0.0,0.0,정상,True
2020 10 30 09:08:59,0.0,정상,0.0,0.0,정상,True
2020 10 30 09:09:04,0.0,정상,0.0,0.0,정상,True
2020 10 30 09:09:09,0.0,정상,0.0,0.0,정상,True
2020 10 30 09:09:14,0.0,정상,0.0,0.0,정상,True
2020 10 30 09:09:19,0.0,정상,0.0,0.0,정상,True
2020 10 30 09:09:24,0.0,정상,0.0,0.0,정상,True
2020 10 30 09:09:29,0.0,정상,0.0,0.0,정상,True
2020 10 30 09:09:34,0.0,정상,0.0,0.0,정상,True
2020 10 30 09:09:39,0.0,정상,0.0,0.0,정상,True
2020 10 30 09:09:44,0.0,정상,0.0,0.0,정상,True
2020 10 30 09:09:49,0.0,정상,0.0,0.0,정상,True
2020 10 30 09:09:54,0.0,정상,0.0,0.0,정상,True
2020 10 30 09:09:59,0.0,정상,0.0,0.0,정상,True
2020 10 30 09:10:04,0.0,정상,0.0,0.0,정상,True
2020 10 30 09:10:09,0.0,정상,0.0,0.0,정상,True
2020 10 30 09:10:14,0.0,정상,0.0,0.0,정상,True
2020 10 30 09:10:19,0.0,정상,0.0,0.0,정상,True
2020 10 30 09:10:24,0.0,정상,0.0,0.0,정상,True
2020 10 30 09:10:29,0.0,정상,0.0,0.0,정상,True
2020 10 30 09:10:34,0.0,정상,0.0,0.0,정상,True
2020 10 30 09:10:39,0.0,정상,0.0,0.0,정상,True
2020 10 30 09:10:44,0.0,정상,0.0,0.0,정상,True
2020 10 30 09:10:49,0.0,정상,0.0,0.0,정상,True
2020 10 30 09:10:54,0.0,정상,0.0,0.0,정상,True
2020 10 30 09:10:59,0.0,정상,0.0,0.0,정상,True
2020 10 30 09:11:04,0.0,정상,0.0,0.0,정상,True
2020 10 30 09:11:09,0.0,정상,0.0,0.0,정상,True
2020 10 30 09:11:14,0.0,정상,0.0,0.0,정상,True
2020 10 30 09:11:19,0.0,정상,0.0,0.0,정상,True
2020 10 30 09:11:24,0.0,정상,0.0,0.0,정상,True
2020 10 30 09:11:29,0.0,정상,0.0,0.0,정상,True
2020 10 30 09:11:34,0.0,정상,0.0,0.0,정상,True
2020 10 30 09:11:39,0.0,정상,0.0,0.0,정상,True
2020 10 30 09:11:44,0.0,정상,0.0,0.0,정상,True
2020 10 30 09:11:49,0.0,정상,0.0,0.0,정상,True
2020 10 30 09:11:54,0.0,정상,0.0,0.0,정상,True
2020 10 30 09:11:59,0.0,정상,0.0,0.0,정상,True
2020 10 30 09:12:04,0.0,정상,0.0,0.0,정상,True
2020 10 30 09:12:09,0.0,정상,0.0,0.0,정상,True
2020 10 30 09:12:14,0.0,정상,0.0,0.0,정상,True
2020 10 30 09:12:19,0.0,정상,0.0,0.0,정상,True
2020 10 30 09:12:24,0.0,정상,0.0,0.0,정상,True
2020 10 30 09:12:29,0.0,정상,0.0,0.0,정상,True
2020 10 30 09:12:34,0.0,정상,0.0,0.0,정상,True
2020 10 30 09:12:39,0.0,정상,0.0,0.0,정상,True
2020 10 30 09:12:44,0.0,정상,0.0,0.0,정상,True
2020 10 30 09:12:49,0.0,정상,0.0,0.0,정상,True
2020 10 30 09:12:54,0.0,정상,0.0,0.0,정상,True
2020 10 30 09:12:59,0.0,정상,0.0,0.0,정상,True
2020 10 30 09:13:04,0.0,정상,0.0,0.0,정상,True
2020 10 30 09:13:09,0.0,정상,0.0,0.0,정상,True
2020 10 30 09:13:14,0.0,정상,0.0,0.0,정상,True
2020 10 30 09:13:19,0.0,정상,0.0,0.0,정상,True
2020 10 30 09:13:24,0.0,정상,0.0,0.0,정상,True
2020 10 30 09:13:29,0.0,정상,0.0,0.0,정상,True
2020 10 30 09:13:34,0.0,정상,0.0,0.0,정상,True
2020 10 30 09:13:39,0.0,정상,0.0,0.0,정상,True
2020 10 30 09:13:44,0.0,정상,0.0,0.0,정상,True
2020 10 30 09:13:49,0.0,정상,0.0,0.0,정상,True
2020 10 30 09:13:54,0.0,정상,0.0,0.0,정상,True
2020 10 30 09:13:59,0.0,정상,0.0,0.0,정상,True
2020 10 30 09:14:04,0.0,정상,0.0,0.0,정상,True
2020 10 30 09:14:09,0.0,정상,0.0,0.0,정상,True
2020 10 30 09:14:14,0.0,정상,0.0,0.0,정상,True
2020 10 30 09:14:19,0.0,정상,0.0,0.0,정상,True
2020 10 30 09:14:24,0.0,정상,0.0,0.0,정상,True
2020 10 30 09:14:29,0.0,정상,0.0,0.0,정상,True
2020 10 30 09:14:34,0.0,정상,0.0,0.0,정상,True
2020 10 30 09:14:39,0.0,정상,0.0,0.0,정상,True
2020 10 30 09:14:44,0.0,정상,0.0,0.0,정상,True
2020 10 30 09:14:49,0.0,정상,0.0,0.0,정상,True
2020 10 30 09:14:54,0.0,정상,0.0,0.0,정상,True
2020 10 30 09:14:59,0.0,정상,0.0,0.0,정상,True
2020 10 30 09:15:04,0.0,정상,0.0,0.0,정상,True
2020 10 30 09:15:09,0.0,정상,0.0,0.0,정상,True
2020 10 30 09:15:14,0.0,정상,0.0,0.0,정상,True
2020 10 30 09:15:19,0.0,정상,0.0,0.0,정상,True
2020 10 30 09:15:24,0.0,정상,0.0,0.0,정상,True
2020 10 30 09:15:29,0.0,정상,0.0,0.0,정상,True
2020 10 30 09:15:34,0.0,정상,0.0,0.0,정상,True
2020 10 30 09:15:39,0.0,정상,0.0,0.0,정상,True
2020 10 30 09:15:44,0.0,정상,0.0,0.0,정상,True
2020 10 30 09:15:49,0.0,정상,0.0,0.0,정상,True
2020 10 30 09:15:54,0.0,정상,0.0,0.0,정상,True
2020 10 30 09:15:59,0.0,정상,0.0,0.0,정상,True
2020 10 30 09:16:04,0.0,정상,0.0,0.0,정상,True
2020 10 30 09:16:09,0.0,정상,0.0,0.0,정상,True
2020 10 30 09:16:14,0.0,정상,0.0,0.0,정상,True
2020 10 30 09:16:19,0.0,정상,0.0,0.0,정상,True
2020 10 30 09:16:24,0.0,정상,0.0,0.0,정상,True
2020 10 30 09:16:29,0.0,정상,0.0,0.0,정상,True
2020 10 30 09:16:34,0.0,정상,0.0,0.0,정상,True
2020 10 30 09:16:39,0.0,정상,0.0,0.0,정상,True
2020 10 30 09:16:44,0.0,정상,0.0,0.0,정상,True
2020 10 30 09:16:49,0.0,정상,0.0,0.0,정상,True
2020 10 30 09:16:54,0.0,정상,0.0,0.0,정상,True
2020 10 30 09:16:59,0.0,정상,0.0,0.0,정상,True
2020 10 30 09:17:04,0.0,정상,0.0,0.0,정상,True
2020 10 30 09:17:09,0.0,정상,0.0,0.0,정상,True
2020 10 30 09:17:14,0.0,정상,0.0,0.0,정상,True
2020 10 30 09:17:19,0.0,정상,0.0,0.0,정상,True
2020 10 30 09:17:24,0.0,정상,0.0,0.0,정상,True
2020 10 30 09:17:29,0.0,정상,0.0,0.0,정상,True
2020 10 30 09:17:34,0.0,정상,0.0,0.0,정상,True
2020 10 30 09:17:39,0.0,정상,0.0,0.0,정상,True
2020 10 30 09:17:44,0.0,정상,0.0,0.0,정상,True
2020 10 30 09:17:49,0.0,정상,0.0,0.0,정상,True
2020 10 30 09:17:54,0.0,정상,0.0,0.0,정상,True
2020 10 30 09:17:59,0.0,정상,0.0,0.0,정상,True
2020 10 30 09:18:04,0.0,정상,0.0,0.0,정상,True
2020 10 30 09:18:09,0.0,정상,0.0,0.0,정상,True
2020 10 30 09:18:14,0.0,정상,0.0,0.0,정상,True
2020 10 30 09:18:19,0.0,정상,0.0,0.0,정상,True
2020 10 30 09:18:24,0.0,정상,0.0,0.0,정상,True
2020 10 30 09:18:29,0.0,정상,0.0,0.0,정상,True
2020 10 30 09:18:34,0.0,정상,0.0,0.0,정상,True
2020 10 30 09:18:39,0.0,정상,0.0,0.0,정상,True
2020 10 30 09:18:44,0.0,정상,0.0,0.0,정상,True
2020 10 30 09:18:49,0.0,정상,0.0,0.0,정상,True
2020 10 30 09:18:54,0.0,정상,0.0,0.0,정상,True
2020 10 30 09:18:59,0.0,정상,0.0,0.0,정상,True
2020 10 30 09:19:04,0.0,정상,0.0,0.0,정상,True
2020 10 30 09:19:09,0.0,정상,0.0,0.0,정상,True
2020 10 30 09:19:14,0.0,정상,0.0,0.0,정상,True
2020 10 30 09:19:19,0.0,정상,0.0,0.0,정상,True
2020 10 30 09:19:24,0.0,정상,0.0,0.0,정상,True
2020 10 30 09:19:29,0.0,정상,0.0,0.0,정상,True
2020 10 30 09:19:34,0.0,정상,0.0,0.0,정상,True
2020 10 30 09:19:39,0.0,정상,0.0,0.0,정상,True
2020 10 30 09:19:44,0.0,정상,0.0,0.0,정상,True
2020 10 30 09:19:49,0.0,정상,0.0,0.0,정상,True
2020 10 30 09:19:54,0.0,정상,0.0,0.0,정상,True
2020 10 30 09:19:59,0.0,정상,0.0,0.0,정상,True
2020 10 30 09:20:04,0.0,정상,0.0,0.0,정상,True
2020 10 30 09:20:09,0.0,정상,0.0,0.0,정상,True
2020 10 30 09:20:14,0.0,정상,0.0,0.0,정상,True
2020 10 30 09:20:19,0.0,정상,0.0,0.0,정상,True
2020 10 30 09:20:24,0.0,정상,0.0,0.0,정상,True
2020 10 30 09:20:29,0.0,정상,0.0,0.0,정상,True
2020 10 30 09:20:34,0.0,정상,0.0,0.0,정상,True
2020 10 30 09:20:39,0.0,정상,0.0,0.0,정상,True
2020 10 30 09:20:44,0.0,정상,0.0,0.0,정상,True
2020 10 30 09:20:49,0.0,정상,0.0,0.0,정상,True
2020 10 30 09:20:54,0.0,정상,0.0,0.0,정상,True
2020 10 30 09:20:59,0.0,정상,0.0,0.0,정상,True
2020 10 30 09:21:04,0.0,정상,0.0,0.0,정상,True
2020 10 30 09:21:09,0.0,정상,0.0,0.0,정상,True
2020 10 30 09:21:14,0.0,정상,0.0,0.0,정상,True
2020 10 30 09:21:19,0.0,정상,0.0,0.0,정상,True
2020 10 30 09:21:24,0.0,정상,0.0,0.0,정상,True
2020 10 30 09:21:29,0.0,정상,0.0,0.0,정상,True
2020 10 30 09:21:34,0.0,정상,0.0,0.0,정상,True
2020 10 30 09:21:39,0.0,정상,0.0,0.0,정상,True
2020 10 30 09:21:44,0.0,정상,0.0,0.0,정상,True
2020 10 30 09:21:49,0.0,정상,0.0,0.0,정상,True
2020 10 30 09:21:54,0.0,정상,0.0,0.0,정상,True
2020 10 30 09:21:59,0.0,정상,0.0,0.0,정상,True
2020 10 30 09:22:04,0.0,정상,0.0,0.0,정상,True
2020 10 30 09:22:09,0.0,정상,0.0,0.0,정상,True
2020 10 30 09:22:14,0.0,정상,0.0,0.0,정상,True
2020 10 30 09:22:19,0.0,정상,0.0,0.0,정상,True
2020 10 30 09:22:24,0.0,정상,0.0,0.0,정상,True
2020 10 30 09:22:29,0.0,정상,0.0,0.0,정상,True
2020 10 30 09:22:34,0.0,정상,0.0,0.0,정상,True
2020 10 30 09:22:39,0.0,정상,0.0,0.0,정상,True
2020 10 30 09:22:44,0.0,정상,0.0,0.0,정상,True
2020 10 30 09:22:49,0.0,정상,0.0,0.0,정상,True
2020 10 30 09:22:54,0.0,정상,0.0,0.0,정상,True
2020 10 30 09:22:59,0.0,정상,0.0,0.0,정상,True
2020 10 30 09:23:04,0.0,정상,0.0,0.0,정상,True
2020 10 30 09:23:09,0.0,정상,0.0,0.0,정상,True
2020 10 30 09:23:14,0.0,정상,0.0,0.0,정상,True
2020 10 30 09:23:19,0.0,정상,0.0,0.0,정상,True
2020 10 30 09:23:24,0.0,정상,0.0,0.0,정상,True
2020 10 30 09:23:29,0.0,정상,0.0,0.0,정상,True
2020 10 30 09:23:34,0.0,정상,0.0,0.0,정상,True
2020 10 30 09:23:39,0.0,정상,0.0,0.0,정상,True
2020 10 30 09:23:44,0.0,정상,0.0,0.0,정상,True
2020 10 30 09:23:49,0.0,정상,0.0,0.0,정상,True
2020 10 30 09:23:54,0.0,정상,0.0,0.0,정상,True
2020 10 30 09:23:59,0.0,정상,0.0,0.0,정상,True
2020 10 30 09:24:04,0.0,정상,0.0,0.0,정상,True
2020 10 30 09:24:09,0.0,정상,0.0,0.0,정상,True
2020 10 30 09:24:14,0.0,정상,0.0,0.0,정상,True
2020 10 30 09:24:19,0.0,정상,0.0,0.0,정상,True
2020 10 30 09:24:24,0.0,정상,0.0,0.0,정상,True
2020 10 30 09:24:29,0.0,정상,0.0,0.0,정상,True
2020 10 30 09:24:34,0.0,정상,0.0,0.0,정상,True
2020 10 30 09:24:39,0.0,정상,0.0,0.0,정상,True
2020 10 30 09:24:44,0.0,정상,0.0,0.0,정상,True
2020 10 30 09:24:49,0.0,정상,0.0,0.0,정상,True
2020 10 30 09:24:54,0.0,정상,0.0,0.0,정상,True
2020 10 30 09:24:59,0.0,정상,0.0,0.0,정상,True
2020 10 30 09:25:04,0.0,정상,0.0,0.0,정상,True
2020 10 30 09:25:09,0.0,정상,0.0,0.0,정상,True
2020 10 30 09:25:14,0.0,정상,0.0,0.0,정상,True
2020 10 30 09:25:19,0.0,정상,0.0,0.0,정상,True
2020 10 30 09:25:24,0.0,정상,0.0,0.0,정상,True
2020 10 30 09:25:29,0.0,정상,0.0,0.0,정상,True
2020 10 30 09:25:34,0.0,정상,0.0,0.0,정상,True
2020 10 30 09:25:39,0.0,정상,0.0,0.0,정상,True
2020 10 30 09:25:44,0.0,정상,0.0,0.0,정상,True
2020 10 30 09:25:49,0.0,정상,0.0,0.0,정상,True
2020 10 30 09:25:54,0.0,정상,0.0,0.0,정상,True
2020 10 30 09:25:59,0.0,정상,0.0,0.0,정상,True
2020 10 30 09:26:04,0.0,정상,0.0,0.0,정상,True
2020 10 30 09:26:09,0.0,정상,0.0,0.0,정상,True
2020 10 30 09:26:14,0.0,정상,0.0,0.0,정상,True
2020 10 30 09:26:19,0.0,정상,0.0,0.0,정상,True
2020 10 30 09:26:24,0.0,정상,0.0,0.0,정상,True
2020 10 30 09:26:29,0.0,정상,0.0,0.0,정상,True
2020 10 30 09:26:34,0.0,정상,0.0,0.0,정상,True
2020 10 30 09:26:39,0.0,정상,0.0,0.0,정상,True
2020 10 30 09:26:44,0.0,정상,0.0,0.0,정상,True
2020 10 30 09:26:49,0.0,정상,0.0,0.0,정상,True
2020 10 30 09:26:54,0.0,정상,0.0,0.0,정상,True
2020 10 30 09:26:59,0.0,정상,0.0,0.0,정상,True
2020 10 30 09:27:04,0.0,정상,0.0,0.0,정상,True
2020 10 30 09:27:09,0.0,정상,0.0,0.0,정상,True
2020 10 30 09:27:14,0.0,정상,0.0,0.0,정상,True
2020 10 30 09:27:19,0.0,정상,0.0,0.0,정상,True
2020 10 30 09:27:24,0.0,정상,0.0,0.0,정상,True
2020 10 30 09:27:29,0.0,정상,0.0,0.0,정상,True
2020 10 30 09:27:34,0.0,정상,0.0,0.0,정상,True
2020 10 30 09:27:39,0.0,정상,0.0,0.0,정상,True
2020 10 30 09:27:44,0.0,정상,0.0,0.0,정상,True
2020 10 30 09:27:49,0.0,정상,0.0,0.0,정상,True
2020 10 30 09:27:54,0.0,정상,0.0,0.0,정상,True
2020 10 30 09:27:59,0.0,정상,0.0,0.0,정상,True
2020 10 30 09:28:04,0.0,정상,0.0,0.0,정상,True
2020 10 30 09:28:09,0.0,정상,0.0,0.0,정상,True
2020 10 30 09:28:14,0.0,정상,0.0,0.0,정상,True
2020 10 30 09:28:19,0.0,정상,0.0,0.0,정상,True
2020 10 30 09:28:24,0.0,정상,0.0,0.0,정상,True
2020 10 30 09:28:29,0.0,정상,0.0,0.0,정상,True
2020 10 30 09:28:34,0.0,정상,0.0,0.0,정상,True
2020 10 30 09:28:39,0.0,정상,0.0,0.0,정상,True
2020 10 30 09:28:44,0.0,정상,0.0,0.0,정상,True
2020 10 30 09:28:49,0.0,정상,0.0,0.0,정상,True
2020 10 30 09:28:54,0.0,정상,0.0,0.0,정상,True
2020 10 30 09:28:59,0.0,정상,0.0,0.0,정상,True
2020 10 30 09:29:04,0.0,정상,0.0,0.0,정상,True
2020 10 30 09:29:09,0.0,정상,0.0,0.0,정상,True
2020 10 30 09:29:14,0.0,정상,0.0,0.0,정상,True
2020 10 30 09:29:19,0.0,정상,0.0,0.0,정상,True
2020 10 30 09:29:24,0.0,정상,0.0,0.0,정상,True
2020 10 30 09:29:29,0.0,정상,0.0,0.0,정상,True
2020 10 30 09:29:34,0.0,정상,0.0,0.0,정상,True
2020 10 30 09:29:39,0.0,정상,0.0,0.0,정상,True
2020 10 30 09:29:44,0.0,정상,0.0,0.0,정상,True
2020 10 30 09:29:49,0.0,정상,0.0,0.0,정상,True
2020 10 30 09:29:54,0.0,정상,0.0,0.0,정상,True
2020 10 30 09:29:59,0.0,정상,0.0,0.0,정상,True
2020 10 30 09:30:04,0.0,정상,0.0,0.0,정상,True
2020 10 30 09:30:09,0.0,정상,0.0,0.0,정상,True
2020 10 30 09:30:14,0.0,정상,0.0,0.0,정상,True
2020 10 30 09:30:19,0.0,정상,0.0,0.0,정상,True
2020 10 30 09:30:24,0.0,정상,0.0,0.0,정상,True
2020 10 30 09:30:29,0.0,정상,0.0,0.0,정상,True
2020 10 30 09:30:34,0.0,정상,0.0,0.0,정상,True
2020 10 30 09:30:39,0.0,정상,0.0,0.0,정상,True
2020 10 30 09:30:44,0.0,정상,0.0,0.0,정상,True
2020 10 30 09:30:49,0.0,정상,0.0,0.0,정상,True
2020 10 30 09:30:54,0.0,정상,0.0,0.0,정상,True
2020 10 30 09:30:59,0.0,정상,0.0,0.0,정상,True
2020 10 30 09:31:04,0.0,정상,0.0,0.0,정상,True
2020 10 30 09:31:09,0.0,정상,0.0,0.0,정상,True
2020 10 30 09:31:14,0.0,정상,0.0,0.0,정상,True
2020 10 30 09:31:19,0.0,정상,0.0,0.0,정상,True
2020 10 30 09:31:24,0.0,정상,0.0,0.0,정상,True
2020 10 30 09:31:29,0.0,정상,0.0,0.0,정상,True
2020 10 30 09:31:34,0.0,정상,0.0,0.0,정상,True
2020 10 30 09:31:39,0.0,정상,0.0,0.0,정상,True
2020 10 30 09:31:44,0.0,정상,0.0,0.0,정상,True
2020 10 30 09:31:49,0.0,정상,0.0,0.0,정상,True
2020 10 30 09:31:54,0.0,정상,0.0,0.0,정상,True
2020 10 30 09:31:59,0.0,정상,0.0,0.0,정상,True
2020 10 30 09:32:04,0.0,정상,0.0,0.0,정상,True
2020 10 30 09:32:09,0.0,정상,0.0,0.0,정상,True
2020 10 30 09:32:14,0.0,정상,0.0,0.0,정상,True
2020 10 30 09:32:19,0.0,정상,0.0,0.0,정상,True
2020 10 30 09:32:24,0.0,정상,0.0,0.0,정상,True
2020 10 30 09:32:29,0.0,정상,0.0,0.0,정상,True
2020 10 30 09:32:34,0.0,정상,0.0,0.0,정상,True
2020 10 30 09:32:39,0.0,정상,0.0,0.0,정상,True
2020 10 30 09:32:44,0.0,정상,0.0,0.0,정상,True
2020 10 30 09:32:49,0.0,정상,0.0,0.0,정상,True
2020 10 30 09:32:54,0.0,정상,0.0,0.0,정상,True
2020 10 30 09:32:59,0.0,정상,0.0,0.0,정상,True
2020 10 30 09:33:04,0.0,정상,0.0,0.0,정상,True
2020 10 30 09:33:09,0.0,정상,0.0,0.0,정상,True
2020 10 30 09:33:14,0.0,정상,0.0,0.0,정상,True
2020 10 30 09:33:19,0.0,정상,0.0,0.0,정상,True
2020 10 30 09:33:24,0.0,정상,0.0,0.0,정상,True
2020 10 30 09:33:29,0.0,정상,0.0,0.0,정상,True
2020 10 30 09:33:34,0.0,정상,0.0,0.0,정상,True
2020 10 30 09:33:39,0.0,정상,0.0,0.0,정상,True
2020 10 30 09:33:44,0.0,정상,0.0,0.0,정상,True
2020 10 30 09:33:49,0.0,정상,0.0,0.0,정상,True
2020 10 30 09:33:54,0.0,정상,0.0,0.0,정상,True
2020 10 30 09:33:59,0.0,정상,0.0,0.0,정상,True
2020 10 30 09:34:04,0.0,정상,0.0,0.0,정상,True
2020 10 30 09:34:09,0.0,정상,0.0,0.0,정상,True
2020 10 30 09:34:14,0.0,정상,0.0,0.0,정상,True
2020 10 30 09:34:19,0.0,정상,0.0,0.0,정상,True
2020 10 30 09:34:24,0.0,정상,0.0,0.0,정상,True
2020 10 30 09:34:29,0.0,정상,0.0,0.0,정상,True
2020 10 30 09:34:34,0.0,정상,0.0,0.0,정상,True
2020 10 30 09:34:39,0.0,정상,0.0,0.0,정상,True
2020 10 30 09:34:44,0.0,정상,0.0,0.0,정상,True
2020 10 30 09:34:49,0.0,정상,0.0,0.0,정상,True
2020 10 30 09:34:54,0.0,정상,0.0,0.0,정상,True
2020 10 30 09:34:59,0.0,정상,0.0,0.0,정상,True
2020 10 30 09:35:04,0.0,정상,0.0,0.0,정상,True
2020 10 30 09:35:09,0.0,정상,0.0,0.0,정상,True
2020 10 30 09:35:14,0.0,정상,0.0,0.0,정상,True
2020 10 30 09:35:19,0.0,정상,0.0,0.0,정상,True
2020 10 30 09:35:24,0.0,정상,0.0,0.0,정상,True
2020 10 30 09:35:29,0.0,정상,0.0,0.0,정상,True
2020 10 30 09:35:34,0.0,정상,0.0,0.0,정상,True
2020 10 30 09:35:39,0.0,정상,0.0,0.0,정상,True
2020 10 30 09:35:44,0.0,정상,0.0,0.0,정상,True
2020 10 30 09:35:49,0.0,정상,0.0,0.0,정상,True
2020 10 30 09:35:54,0.0,정상,0.0,0.0,정상,True
2020 10 30 09:35:59,0.0,정상,0.0,0.0,정상,True
2020 10 30 09:36:04,0.0,정상,0.0,0.0,정상,True
2020 10 30 09:36:09,0.0,정상,0.0,0.0,정상,True
2020 10 30 09:36:14,0.0,정상,0.0,0.0,정상,True
2020 10 30 09:36:19,0.0,정상,0.0,0.0,정상,True
2020 10 30 09:36:24,0.0,정상,0.0,0.0,정상,True
2020 10 30 09:36:29,0.0,정상,0.0,0.0,정상,True
2020 10 30 09:36:34,0.0,정상,0.0,0.0,정상,True
2020 10 30 09:36:39,0.0,정상,0.0,0.0,정상,True
2020 10 30 09:36:44,0.0,정상,0.0,0.0,정상,True
2020 10 30 09:36:49,0.0,정상,0.0,0.0,정상,True
2020 10 30 09:36:54,0.0,정상,0.0,0.0,정상,True
2020 10 30 09:36:59,0.0,정상,0.0,0.0,정상,True
2020 10 30 09:37:04,0.0,정상,0.0,0.0,정상,True
2020 10 30 09:37:09,0.0,정상,0.0,0.0,정상,True
2020 10 30 09:37:14,0.0,정상,0.0,0.0,정상,True
2020 10 30 09:37:19,0.0,정상,0.0,0.0,정상,True
2020 10 30 09:37:24,0.0,정상,0.0,0.0,정상,True
2020 10 30 09:37:29,0.0,정상,0.0,0.0,정상,True
2020 10 30 09:37:34,0.0,정상,0.0,0.0,정상,True
2020 10 30 09:37:39,0.0,정상,0.0,0.0,정상,True
2020 10 30 09:37:44,0.0,정상,0.0,0.0,정상,True
2020 10 30 09:37:49,0.0,정상,0.0,0.0,정상,True
2020 10 30 09:37:54,0.0,정상,0.0,0.0,정상,True
2020 10 30 09:37:59,0.0,정상,0.0,0.0,정상,True
2020 10 30 09:38:04,0.0,정상,0.0,0.0,정상,True
2020 10 30 09:38:09,0.0,정상,0.0,0.0,정상,True
2020 10 30 09:38:14,0.0,정상,0.0,0.0,정상,True
2020 10 30 09:38:19,0.0,정상,0.0,0.0,정상,True
2020 10 30 09:38:24,0.0,정상,0.0,0.0,정상,True
2020 10 30 09:38:29,0.0,정상,0.0,0.0,정상,True
2020 10 30 09:38:34,0.0,정상,0.0,0.0,정상,True
2020 10 30 09:38:39,0.0,정상,0.0,0.0,정상,True
2020 10 30 09:38:44,0.0,정상,0.0,0.0,정상,True
2020 10 30 09:38:49,0.0,정상,0.0,0.0,정상,True
2020 10 30 09:38:54,0.0,정상,0.0,0.0,정상,True
2020 10 30 09:38:59,0.0,정상,0.0,0.0,정상,True
2020 10 30 09:39:04,0.0,정상,0.0,0.0,정상,True
2020 10 30 09:39:09,0.0,정상,0.0,0.0,정상,True
2020 10 30 09:39:14,0.0,정상,0.0,0.0,정상,True
2020 10 30 09:39:19,0.0,정상,0.0,0.0,정상,True
2020 10 30 09:39:24,0.0,정상,0.0,0.0,정상,True
2020 10 30 09:39:29,0.0,정상,0.0,0.0,정상,True
2020 10 30 09:39:34,0.0,정상,0.0,0.0,정상,True
2020 10 30 09:39:39,0.0,정상,0.0,0.0,정상,True
2020 10 30 09:39:44,0.0,정상,0.0,0.0,정상,True
2020 10 30 09:39:49,0.0,정상,0.0,0.0,정상,True
2020 10 30 09:39:54,0.0,정상,0.0,0.0,정상,True
2020 10 30 09:39:59,0.0,정상,0.0,0.0,정상,True
2020 10 30 09:40:04,0.0,정상,0.0,0.0,정상,True
2020 10 30 09:40:09,0.0,정상,0.0,0.0,정상,True
2020 10 30 09:40:14,0.0,정상,0.0,0.0,정상,True
2020 10 30 09:40:19,0.0,정상,0.0,0.0,정상,True
2020 10 30 09:40:24,0.0,정상,0.0,0.0,정상,True
2020 10 30 09:40:29,0.0,정상,0.0,0.0,정상,True
2020 10 30 09:40:34,0.0,정상,0.0,0.0,정상,True
2020 10 30 09:40:39,0.0,정상,0.0,0.0,정상,True
2020 10 30 09:40:44,0.0,정상,0.0,0.0,정상,True
2020 10 30 09:40:49,0.0,정상,0.0,0.0,정상,True
2020 10 30 09:40:54,0.0,정상,0.0,0.0,정상,True
2020 10 30 09:40:59,0.0,정상,0.0,0.0,정상,True
2020 10 30 09:41:04,0.0,정상,0.0,0.0,정상,True
2020 10 30 09:41:09,0.0,정상,0.0,0.0,정상,True
2020 10 30 09:41:14,0.0,정상,0.0,0.0,정상,True
2020 10 30 09:41:19,0.0,정상,0.0,0.0,정상,True
2020 10 30 09:41:24,0.0,정상,0.0,0.0,정상,True
2020 10 30 09:41:29,0.0,정상,0.0,0.0,정상,True
2020 10 30 09:41:34,0.0,정상,0.0,0.0,정상,True
2020 10 30 09:41:39,0.0,정상,0.0,0.0,정상,True
2020 10 30 09:41:44,0.0,정상,0.0,0.0,정상,True
2020 10 30 09:41:49,0.0,정상,0.0,0.0,정상,True
2020 10 30 09:41:54,0.0,정상,0.0,0.0,정상,True
2020 10 30 09:41:59,0.0,정상,0.0,0.0,정상,True
2020 10 30 09:42:04,0.0,정상,0.0,0.0,정상,True
2020 10 30 09:42:09,0.0,정상,0.0,0.0,정상,True
2020 10 30 09:42:14,0.0,정상,0.0,0.0,정상,True
2020 10 30 09:42:19,0.0,정상,0.0,0.0,정상,True
2020 10 30 09:42:24,0.0,정상,0.0,0.0,정상,True
2020 10 30 09:42:29,0.0,정상,0.0,0.0,정상,True
2020 10 30 09:42:34,0.0,정상,0.0,0.0,정상,True
2020 10 30 09:42:39,0.0,정상,0.0,0.0,정상,True
2020 10 30 09:42:44,0.0,정상,0.0,0.0,정상,True
2020 10 30 09:42:49,0.0,정상,0.0,0.0,정상,True
2020 10 30 09:42:54,0.0,정상,0.0,0.0,정상,True
2020 10 30 09:42:59,0.0,정상,0.0,0.0,정상,True
2020 10 30 09:43:04,0.0,정상,0.0,0.0,정상,True
2020 10 30 09:43:09,0.0,정상,0.0,0.0,정상,True
2020 10 30 09:43:14,0.0,정상,0.0,0.0,정상,True
2020 10 30 09:43:19,0.0,정상,0.0,0.0,정상,True
2020 10 30 09:43:24,0.0,정상,0.0,0.0,정상,True
2020 10 30 09:43:29,0.0,정상,0.0,0.0,정상,True
2020 10 30 09:43:34,0.0,정상,0.0,0.0,정상,True
2020 10 30 09:43:39,0.0,정상,0.0,0.0,정상,True
2020 10 30 09:43:44,0.0,정상,0.0,0.0,정상,True
2020 10 30 09:43:49,0.0,정상,0.0,0.0,정상,True
2020 10 30 09:43:54,0.0,정상,0.0,0.0,정상,True
2020 10 30 09:43:59,0.0,정상,0.0,0.0,정상,True
2020 10 30 09:44:04,0.0,정상,0.0,0.0,정상,True
2020 10 30 09:44:09,0.0,정상,0.0,0.0,정상,True
2020 10 30 09:44:14,0.0,정상,0.0,0.0,정상,True
2020 10 30 09:44:19,0.0,정상,0.0,0.0,정상,True
2020 10 30 09:44:24,0.0,정상,0.0,0.0,정상,True
2020 10 30 09:44:29,0.0,정상,0.0,0.0,정상,True
2020 10 30 09:44:34,0.0,정상,0.0,0.0,정상,True
2020 10 30 09:44:39,0.0,정상,0.0,0.0,정상,True
2020 10 30 09:44:44,0.0,정상,0.0,0.0,정상,True
2020 10 30 09:44:49,0.0,정상,0.0,0.0,정상,True
2020 10 30 09:44:54,0.0,정상,0.0,0.0,정상,True
2020 10 30 09:44:59,0.0,정상,0.0,0.0,정상,True
2020 10 30 09:45:04,0.0,정상,0.0,0.0,정상,True
2020 10 30 09:45:09,0.0,정상,0.0,0.0,정상,True
2020 10 30 09:45:14,0.0,정상,0.0,0.0,정상,True
2020 10 30 09:45:19,0.0,정상,0.0,0.0,정상,True
2020 10 30 09:45:24,0.0,정상,0.0,0.0,정상,True
2020 10 30 09:45:29,0.0,정상,0.0,0.0,정상,True
2020 10 30 09:45:34,0.0,정상,0.0,0.0,정상,True
2020 10 30 09:45:39,0.0,정상,0.0,0.0,정상,True
2020 10 30 09:45:44,0.0,정상,0.0,0.0,정상,True
2020 10 30 09:45:49,0.0,정상,0.0,0.0,정상,True
2020 10 30 09:45:54,0.0,정상,0.0,0.0,정상,True
2020 10 30 09:45:59,0.0,정상,0.0,0.0,정상,True
2020 10 30 09:46:04,0.0,정상,0.0,0.0,정상,True
2020 10 30 09:46:09,0.0,정상,0.0,0.0,정상,True
2020 10 30 09:46:14,0.0,정상,0.0,0.0,정상,True
2020 10 30 09:46:19,0.0,정상,0.0,0.0,정상,True
2020 10 30 09:46:24,0.0,정상,0.0,0.0,정상,True
2020 10 30 09:46:29,0.0,정상,0.0,0.0,정상,True
2020 10 30 09:46:34,0.0,정상,0.0,0.0,정상,True
2020 10 30 09:46:39,0.0,정상,0.0,0.0,정상,True
2020 10 30 09:46:44,0.0,정상,0.0,0.0,정상,True
2020 10 30 09:46:49,0.0,정상,0.0,0.0,정상,True
2020 10 30 09:46:54,0.0,정상,0.0,0.0,정상,True
2020 10 30 09:46:59,0.0,정상,0.0,0.0,정상,True
2020 10 30 09:47:04,0.0,정상,0.0,0.0,정상,True
2020 10 30 09:47:09,0.0,정상,0.0,0.0,정상,True
2020 10 30 09:47:14,0.0,정상,0.0,0.0,정상,True
2020 10 30 09:47:19,0.0,정상,0.0,0.0,정상,True
2020 10 30 09:47:24,0.0,정상,0.0,0.0,정상,True
2020 10 30 09:47:29,0.0,정상,0.0,0.0,정상,True
2020 10 30 09:47:34,0.0,정상,0.0,0.0,정상,True
2020 10 30 09:47:39,0.0,정상,0.0,0.0,정상,True
2020 10 30 09:47:44,0.0,정상,0.0,0.0,정상,True
2020 10 30 09:47:49,0.0,정상,0.0,0.0,정상,True
2020 10 30 09:47:54,0.0,정상,0.0,0.0,정상,True
2020 10 30 09:47:59,0.0,정상,0.0,0.0,정상,True
2020 10 30 09:48:04,0.0,정상,0.0,0.0,정상,True
2020 10 30 09:48:09,0.0,정상,0.0,0.0,정상,True
2020 10 30 09:48:14,0.0,정상,0.0,0.0,정상,True
2020 10 30 09:48:19,0.0,정상,0.0,0.0,정상,True
2020 10 30 09:48:24,0.0,정상,0.0,0.0,정상,True
2020 10 30 09:48:29,0.0,정상,0.0,0.0,정상,True
2020 10 30 09:48:34,0.0,정상,0.0,0.0,정상,True
2020 10 30 09:48:39,0.0,정상,0.0,0.0,정상,True
2020 10 30 09:48:44,0.0,정상,0.0,0.0,정상,True
2020 10 30 09:48:49,0.0,정상,0.0,0.0,정상,True
2020 10 30 09:48:54,0.0,정상,0.0,0.0,정상,True
2020 10 30 09:48:59,0.0,정상,0.0,0.0,정상,True
2020 10 30 09:49:04,0.0,정상,0.0,0.0,정상,True
2020 10 30 09:49:09,0.0,정상,0.0,0.0,정상,True
2020 10 30 09:49:14,0.0,정상,0.0,0.0,정상,True
2020 10 30 09:49:19,0.0,정상,0.0,0.0,정상,True
2020 10 30 09:49:24,0.0,정상,0.0,0.0,정상,True
2020 10 30 09:49:29,0.0,정상,0.0,0.0,정상,True
2020 10 30 09:49:34,0.0,정상,0.0,0.0,정상,True
2020 10 30 09:49:39,0.0,정상,0.0,0.0,정상,True
2020 10 30 09:49:44,0.0,정상,0.0,0.0,정상,True
2020 10 30 09:49:49,0.0,정상,0.0,0.0,정상,True
2020 10 30 09:49:54,0.0,정상,0.0,0.0,정상,True
2020 10 30 09:49:59,0.0,정상,0.0,0.0,정상,True
2020 10 30 09:50:04,0.0,정상,0.0,0.0,정상,True
2020 10 30 09:50:09,0.0,정상,0.0,0.0,정상,True
2020 10 30 09:50:14,0.0,정상,0.0,0.0,정상,True
2020 10 30 09:50:19,0.0,정상,0.0,0.0,정상,True
2020 10 30 09:50:24,0.0,정상,0.0,0.0,정상,True
2020 10 30 09:50:29,0.0,정상,0.0,0.0,정상,True
2020 10 30 09:50:34,0.0,정상,0.0,0.0,정상,True
2020 10 30 09:50:39,0.0,정상,0.0,0.0,정상,True
2020 10 30 09:50:44,0.0,정상,0.0,0.0,정상,True
2020 10 30 09:50:49,0.0,정상,0.0,0.0,정상,True
2020 10 30 09:50:54,0.0,정상,0.0,0.0,정상,True
2020 10 30 09:50:59,0.0,정상,0.0,0.0,정상,True
2020 10 30 09:51:04,0.0,정상,0.0,0.0,정상,True
2020 10 30 09:51:09,0.0,정상,0.0,0.0,정상,True
2020 10 30 09:51:14,0.0,정상,0.0,0.0,정상,True
2020 10 30 09:51:19,0.0,정상,0.0,0.0,정상,True
2020 10 30 09:51:24,0.0,정상,0.0,0.0,정상,True
2020 10 30 09:51:29,0.0,정상,0.0,0.0,정상,True
2020 10 30 09:51:34,0.0,정상,0.0,0.0,정상,True
2020 10 30 09:51:39,0.0,정상,0.0,0.0,정상,True
2020 10 30 09:51:44,0.0,정상,0.0,0.0,정상,True
2020 10 30 09:51:49,0.0,정상,0.0,0.0,정상,True
2020 10 30 09:51:54,0.0,정상,0.0,0.0,정상,True
2020 10 30 09:51:59,0.0,정상,0.0,0.0,정상,True
2020 10 30 09:52:04,0.0,정상,0.0,0.0,정상,True
2020 10 30 09:52:09,0.0,정상,0.0,0.0,정상,True
2020 10 30 09:52:14,0.0,정상,0.0,0.0,정상,True
2020 10 30 09:52:19,0.0,정상,0.0,0.0,정상,True
2020 10 30 09:52:24,0.0,정상,0.0,0.0,정상,True
2020 10 30 09:52:29,0.0,정상,0.0,0.0,정상,True
2020 10 30 09:52:34,0.0,정상,0.0,0.0,정상,True
2020 10 30 09:52:39,0.0,정상,0.0,0.0,정상,True
2020 10 30 09:52:44,0.0,정상,0.0,0.0,정상,True
2020 10 30 09:52:49,0.0,정상,0.0,0.0,정상,True
2020 10 30 09:52:54,0.0,정상,0.0,0.0,정상,True
2020 10 30 09:52:59,0.0,정상,0.0,0.0,정상,True
2020 10 30 09:53:04,0.0,정상,0.0,0.0,정상,True
2020 10 30 09:53:09,0.0,정상,0.0,0.0,정상,True
2020 10 30 09:53:14,0.0,정상,0.0,0.0,정상,True
2020 10 30 09:53:19,0.0,정상,0.0,0.0,정상,True
2020 10 30 09:53:24,0.0,정상,0.0,0.0,정상,True
2020 10 30 09:53:29,0.0,정상,0.0,0.0,정상,True
2020 10 30 09:53:34,0.0,정상,0.0,0.0,정상,True
2020 10 30 09:53:39,0.0,정상,0.0,0.0,정상,True
2020 10 30 09:53:44,0.0,정상,0.0,0.0,정상,True
2020 10 30 09:53:49,0.0,정상,0.0,0.0,정상,True
2020 10 30 09:53:54,0.0,정상,0.0,0.0,정상,True
2020 10 30 09:53:59,0.0,정상,0.0,0.0,정상,True
2020 10 30 09:54:04,0.0,정상,0.0,0.0,정상,True
2020 10 30 09:54:09,0.0,정상,0.0,0.0,정상,True
2020 10 30 09:54:14,0.0,정상,0.0,0.0,정상,True
2020 10 30 09:54:19,0.0,정상,0.0,0.0,정상,True
2020 10 30 09:54:24,0.0,정상,0.0,0.0,정상,True
2020 10 30 09:54:29,0.0,정상,0.0,0.0,정상,True
2020 10 30 09:54:34,0.0,정상,0.0,0.0,정상,True
2020 10 30 09:54:39,0.0,정상,0.0,0.0,정상,True
2020 10 30 09:54:44,0.0,정상,0.0,0.0,정상,True
2020 10 30 09:54:49,0.0,정상,0.0,0.0,정상,True
2020 10 30 09:54:54,0.0,정상,0.0,0.0,정상,True
2020 10 30 09:54:59,0.0,정상,0.0,0.0,정상,True
2020 10 30 09:55:04,0.0,정상,0.0,0.0,정상,True
2020 10 30 09:55:09,0.0,정상,0.0,0.0,정상,True
2020 10 30 09:55:14,0.0,정상,0.0,0.0,정상,True
2020 10 30 09:55:19,0.0,정상,0.0,0.0,정상,True
2020 10 30 09:55:24,0.0,정상,0.0,0.0,정상,True
2020 10 30 09:55:29,0.0,정상,0.0,0.0,정상,True
2020 10 30 09:55:34,0.0,정상,0.0,0.0,정상,True
2020 10 30 09:55:39,0.0,정상,0.0,0.0,정상,True
2020 10 30 09:55:44,0.0,정상,0.0,0.0,정상,True
2020 10 30 09:55:49,0.0,정상,0.0,0.0,정상,True
2020 10 30 09:55:54,0.0,정상,0.0,0.0,정상,True
2020 10 30 09:55:59,0.0,정상,0.0,0.0,정상,True
2020 10 30 09:56:04,0.0,정상,0.0,0.0,정상,True
2020 10 30 09:56:09,0.0,정상,0.0,0.0,정상,True
2020 10 30 09:56:14,0.0,정상,0.0,0.0,정상,True
2020 10 30 09:56:19,0.0,정상,0.0,0.0,정상,True
2020 10 30 09:56:24,0.0,정상,0.0,0.0,정상,True
2020 10 30 09:56:29,0.0,정상,0.0,0.0,정상,True
2020 10 30 09:56:34,0.0,정상,0.0,0.0,정상,True
2020 10 30 09:56:39,0.0,정상,0.0,0.0,정상,True
2020 10 30 09:56:44,0.0,정상,0.0,0.0,정상,True
2020 10 30 09:56:49,0.0,정상,0.0,0.0,정상,True
2020 10 30 09:56:54,0.0,정상,0.0,0.0,정상,True
2020 10 30 09:56:59,0.0,정상,0.0,0.0,정상,True
2020 10 30 09:57:04,0.0,정상,0.0,0.0,정상,True
2020 10 30 09:57:09,0.0,정상,0.0,0.0,정상,True
2020 10 30 09:57:14,0.0,정상,0.0,0.0,정상,True
2020 10 30 09:57:19,0.0,정상,0.0,0.0,정상,True
2020 10 30 09:57:24,0.0,정상,0.0,0.0,정상,True
2020 10 30 09:57:29,0.0,정상,0.0,0.0,정상,True
2020 10 30 09:57:34,0.0,정상,0.0,0.0,정상,True
2020 10 30 09:57:39,0.0,정상,0.0,0.0,정상,True
2020 10 30 09:57:44,0.0,정상,0.0,0.0,정상,True
2020 10 30 09:57:49,0.0,정상,0.0,0.0,정상,True
2020 10 30 09:57:54,0.0,정상,0.0,0.0,정상,True
2020 10 30 09:57:59,0.0,정상,0.0,0.0,정상,True
2020 10 30 09:58:04,0.0,정상,0.0,0.0,정상,True
2020 10 30 09:58:09,0.0,정상,0.0,0.0,정상,True
2020 10 30 09:58:14,0.0,정상,0.0,0.0,정상,True
2020 10 30 09:58:19,0.0,정상,0.0,0.0,정상,True
2020 10 30 09:58:24,0.0,정상,0.0,0.0,정상,True
2020 10 30 09:58:29,0.0,정상,0.0,0.0,정상,True
2020 10 30 09:58:34,0.0,정상,0.0,0.0,정상,True
2020 10 30 09:58:39,0.0,정상,0.0,0.0,정상,True
2020 10 30 09:58:44,0.0,정상,0.0,0.0,정상,True
2020 10 30 09:58:49,0.0,정상,0.0,0.0,정상,True
2020 10 30 09:58:54,0.0,정상,0.0,0.0,정상,True
2020 10 30 09:58:59,0.0,정상,0.0,0.0,정상,True
2020 10 30 09:59:04,0.0,정상,0.0,0.0,정상,True
2020 10 30 09:59:09,0.0,정상,0.0,0.0,정상,True
2020 10 30 09:59:14,0.0,정상,0.0,0.0,정상,True
2020 10 30 09:59:19,0.0,정상,0.0,0.0,정상,True
2020 10 30 09:59:24,0.0,정상,0.0,0.0,정상,True
2020 10 30 09:59:29,0.0,정상,0.0,0.0,정상,True
2020 10 30 09:59:34,0.0,정상,0.0,0.0,정상,True
2020 10 30 09:59:39,0.0,정상,0.0,0.0,정상,True
2020 10 30 09:59:44,0.0,정상,0.0,0.0,정상,True
2020 10 30 09:59:49,0.0,정상,0.0,0.0,정상,True
2020 10 30 09:59:54,0.0,정상,0.0,0.0,정상,True
2020 10 30 09:59:59,0.0,정상,0.0,0.0,정상,True
2020 10 30 10:00:04,0.0,정상,0.0,0.0,정상,True
2020 10 30 10:00:09,0.0,정상,0.0,0.0,정상,True
2020 10 30 10:00:14,0.0,정상,0.0,0.0,정상,True
2020 10 30 10:00:19,0.0,정상,0.0,0.0,정상,True
2020 10 30 10:00:24,0.0,정상,0.0,0.0,정상,True
2020 10 30 10:00:29,0.0,정상,0.0,0.0,정상,True
2020 10 30 10:00:34,0.0,정상,0.0,0.0,정상,True
2020 10 30 10:00:39,0.0,정상,0.0,0.0,정상,True
2020 10 30 10:00:44,0.0,정상,0.0,0.0,정상,True
2020 10 30 10:00:49,0.0,정상,0.0,0.0,정상,True
2020 10 30 10:00:54,0.0,정상,0.0,0.0,정상,True
2020 10 30 10:00:59,0.0,정상,0.0,0.0,정상,True
2020 10 30 10:01:04,0.0,정상,0.0,0.0,정상,True
2020 10 30 10:01:09,0.0,정상,0.0,0.0,정상,True
2020 10 30 10:01:14,0.0,정상,0.0,0.0,정상,True
2020 10 30 10:01:19,0.0,정상,0.0,0.0,정상,True
2020 10 30 10:01:24,0.0,정상,0.0,0.0,정상,True
2020 10 30 10:01:29,0.0,정상,0.0,0.0,정상,True
2020 10 30 10:01:34,0.0,정상,0.0,0.0,정상,True
2020 10 30 10:01:39,0.0,정상,0.0,0.0,정상,True
2020 10 30 10:01:44,0.0,정상,0.0,0.0,정상,True
2020 10 30 10:01:49,0.0,정상,0.0,0.0,정상,True
2020 10 30 10:01:54,0.0,정상,0.0,0.0,정상,True
2020 10 30 10:01:59,0.0,정상,0.0,0.0,정상,True
2020 10 30 10:02:04,0.0,정상,0.0,0.0,정상,True
2020 10 30 10:02:09,0.0,정상,0.0,0.0,정상,True
2020 10 30 10:02:14,0.0,정상,0.0,0.0,정상,True
2020 10 30 10:02:19,0.0,정상,0.0,0.0,정상,True
2020 10 30 10:02:24,0.0,정상,0.0,0.0,정상,True
2020 10 30 10:02:29,0.0,정상,0.0,0.0,정상,True
2020 10 30 10:02:34,0.0,정상,0.0,0.0,정상,True
2020 10 30 10:02:39,0.0,정상,0.0,0.0,정상,True
2020 10 30 10:02:44,0.0,정상,0.0,0.0,정상,True
2020 10 30 10:02:49,0.0,정상,0.0,0.0,정상,True
2020 10 30 10:02:54,0.0,정상,0.0,0.0,정상,True
2020 10 30 10:02:59,0.0,정상,0.0,0.0,정상,True
2020 10 30 10:03:04,0.0,정상,0.0,0.0,정상,True
2020 10 30 10:03:09,0.0,정상,0.0,0.0,정상,True
2020 10 30 10:03:14,0.0,정상,0.0,0.0,정상,True
2020 10 30 10:03:19,0.0,정상,0.0,0.0,정상,True
2020 10 30 10:03:24,0.0,정상,0.0,0.0,정상,True
2020 10 30 10:03:29,0.0,정상,0.0,0.0,정상,True
2020 10 30 10:03:34,0.0,정상,0.0,0.0,정상,True
2020 10 30 10:03:39,0.0,정상,0.0,0.0,정상,True
2020 10 30 10:03:44,0.0,정상,0.0,0.0,정상,True
2020 10 30 10:03:49,0.0,정상,0.0,0.0,정상,True
2020 10 30 10:03:54,0.0,정상,0.0,0.0,정상,True
2020 10 30 10:03:59,0.0,정상,0.0,0.0,정상,True
2020 10 30 10:04:04,0.0,정상,0.0,0.0,정상,True
2020 10 30 10:04:09,0.0,정상,0.0,0.0,정상,True
2020 10 30 10:04:14,0.0,정상,0.0,0.0,정상,True
2020 10 30 10:04:19,0.0,정상,0.0,0.0,정상,True
2020 10 30 10:04:24,0.0,정상,0.0,0.0,정상,True
2020 10 30 10:04:29,0.0,정상,0.0,0.0,정상,True
2020 10 30 10:04:34,0.0,정상,0.0,0.0,정상,True
2020 10 30 10:04:39,0.0,정상,0.0,0.0,정상,True
2020 10 30 10:04:44,0.0,정상,0.0,0.0,정상,True
2020 10 30 10:04:49,0.0,정상,0.0,0.0,정상,True
2020 10 30 10:04:54,0.0,정상,0.0,0.0,정상,True
2020 10 30 10:04:59,0.0,정상,0.0,0.0,정상,True
2020 10 30 10:05:04,0.0,정상,0.0,0.0,정상,True
2020 10 30 10:05:09,0.0,정상,0.0,0.0,정상,True
2020 10 30 10:05:14,0.0,정상,0.0,0.0,정상,True
2020 10 30 10:05:19,0.0,정상,0.0,0.0,정상,True
2020 10 30 10:05:24,0.0,정상,0.0,0.0,정상,True
2020 10 30 10:05:29,0.0,정상,0.0,0.0,정상,True
2020 10 30 10:05:34,0.0,정상,0.0,0.0,정상,True
2020 10 30 10:05:39,0.0,정상,0.0,0.0,정상,True
2020 10 30 10:05:44,0.0,정상,0.0,0.0,정상,True
2020 10 30 10:05:49,0.0,정상,0.0,0.0,정상,True
2020 10 30 10:05:54,0.0,정상,0.0,0.0,정상,True
2020 10 30 10:05:59,0.0,정상,0.0,0.0,정상,True
2020 10 30 10:06:04,0.0,정상,0.0,0.0,정상,True
2020 10 30 10:06:09,0.0,정상,0.0,0.0,정상,True
2020 10 30 10:06:14,0.0,정상,0.0,0.0,정상,True
2020 10 30 10:06:19,0.0,정상,0.0,0.0,정상,True
2020 10 30 10:06:24,0.0,정상,0.0,0.0,정상,True
2020 10 30 10:06:29,0.0,정상,0.0,0.0,정상,True
2020 10 30 10:06:34,0.0,정상,0.0,0.0,정상,True
2020 10 30 10:06:39,0.0,정상,0.0,0.0,정상,True
2020 10 30 10:06:44,0.0,정상,0.0,0.0,정상,True
2020 10 30 10:06:49,0.0,정상,0.0,0.0,정상,True
2020 10 30 10:06:54,0.0,정상,0.0,0.0,정상,True
2020 10 30 10:06:59,0.0,정상,0.0,0.0,정상,True
2020 10 30 10:07:04,0.0,정상,0.0,0.0,정상,True
2020 10 30 10:07:09,0.0,정상,0.0,0.0,정상,True
2020 10 30 10:07:14,0.0,정상,0.0,0.0,정상,True
2020 10 30 10:07:19,0.0,정상,0.0,0.0,정상,True
2020 10 30 10:07:24,0.0,정상,0.0,0.0,정상,True
2020 10 30 10:07:29,0.0,정상,0.0,0.0,정상,True
2020 10 30 10:07:34,0.0,정상,0.0,0.0,정상,True
2020 10 30 10:07:39,0.0,정상,0.0,0.0,정상,True
2020 10 30 10:07:44,0.0,정상,0.0,0.0,정상,True
2020 10 30 10:07:49,0.0,정상,0.0,0.0,정상,True
2020 10 30 10:07:54,0.0,정상,0.0,0.0,정상,True
2020 10 30 10:07:59,0.0,정상,0.0,0.0,정상,True
2020 10 30 10:08:04,0.0,정상,0.0,0.0,정상,True
2020 10 30 10:08:09,0.0,정상,0.0,0.0,정상,True
2020 10 30 10:08:14,0.0,정상,0.0,0.0,정상,True
2020 10 30 10:08:19,0.0,정상,0.0,0.0,정상,True
2020 10 30 10:08:24,0.0,정상,0.0,0.0,정상,True
2020 10 30 10:08:29,0.0,정상,0.0,0.0,정상,True
2020 10 30 10:08:34,0.0,정상,0.0,0.0,정상,True
2020 10 30 10:08:39,0.0,정상,0.0,0.0,정상,True
2020 10 30 10:08:44,0.0,정상,0.0,0.0,정상,True
2020 10 30 10:08:49,0.0,정상,0.0,0.0,정상,True
2020 10 30 10:08:54,0.0,정상,0.0,0.0,정상,True
2020 10 30 10:08:59,0.0,정상,0.0,0.0,정상,True
2020 10 30 10:09:04,0.0,정상,0.0,0.0,정상,True
2020 10 30 10:09:09,0.0,정상,0.0,0.0,정상,True
2020 10 30 10:09:14,0.0,정상,0.0,0.0,정상,True
2020 10 30 10:09:19,0.0,정상,0.0,0.0,정상,True
2020 10 30 10:09:24,0.0,정상,0.0,0.0,정상,True
2020 10 30 10:09:29,0.0,정상,0.0,0.0,정상,True
2020 10 30 10:09:34,0.0,정상,0.0,0.0,정상,True
2020 10 30 10:09:39,0.0,정상,0.0,0.0,정상,True
2020 10 30 10:09:44,0.0,정상,0.0,0.0,정상,True
2020 10 30 10:09:49,0.0,정상,0.0,0.0,정상,True
2020 10 30 10:09:54,0.0,정상,0.0,0.0,정상,True
2020 10 30 10:09:59,0.0,정상,0.0,0.0,정상,True
2020 10 30 10:10:04,0.0,정상,0.0,0.0,정상,True
2020 10 30 10:10:09,0.0,정상,0.0,0.0,정상,True
2020 10 30 10:10:14,0.0,정상,0.0,0.0,정상,True
2020 10 30 10:10:19,0.0,정상,0.0,0.0,정상,True
2020 10 30 10:10:24,0.0,정상,0.0,0.0,정상,True
2020 10 30 10:10:29,0.0,정상,0.0,0.0,정상,True
2020 10 30 10:10:34,0.0,정상,0.0,0.0,정상,True
2020 10 30 10:10:39,0.0,정상,0.0,0.0,정상,True
2020 10 30 10:10:44,0.0,정상,0.0,0.0,정상,True
2020 10 30 10:10:49,0.0,정상,0.0,0.0,정상,True
2020 10 30 10:10:54,0.0,정상,0.0,0.0,정상,True
2020 10 30 10:10:59,0.0,정상,0.0,0.0,정상,True
2020 10 30 10:11:04,0.0,정상,0.0,0.0,정상,True
2020 10 30 10:11:09,0.0,정상,0.0,0.0,정상,True
2020 10 30 10:11:14,0.0,정상,0.0,0.0,정상,True
2020 10 30 10:11:19,0.0,정상,0.0,0.0,정상,True
2020 10 30 10:11:24,0.0,정상,0.0,0.0,정상,True
2020 10 30 10:11:29,0.0,정상,0.0,0.0,정상,True
2020 10 30 10:11:34,0.0,정상,0.0,0.0,정상,True
2020 10 30 10:11:39,0.0,정상,0.0,0.0,정상,True
2020 10 30 10:11:44,0.0,정상,0.0,0.0,정상,True
2020 10 30 10:11:49,0.0,정상,0.0,0.0,정상,True
2020 10 30 10:11:54,0.0,정상,0.0,0.0,정상,True
2020 10 30 10:11:59,0.0,정상,0.0,0.0,정상,True
2020 10 30 10:12:04,0.0,정상,0.0,0.0,정상,True
2020 10 30 10:12:09,0.0,정상,0.0,0.0,정상,True
2020 10 30 10:12:14,0.0,정상,0.0,0.0,정상,True
2020 10 30 10:12:19,0.0,정상,0.0,0.0,정상,True
2020 10 30 10:12:24,0.0,정상,0.0,0.0,정상,True
2020 10 30 10:12:29,0.0,정상,0.0,0.0,정상,True
2020 10 30 10:12:34,0.0,정상,0.0,0.0,정상,True
2020 10 30 10:12:39,0.0,정상,0.0,0.0,정상,True
2020 10 30 10:12:44,0.0,정상,0.0,0.0,정상,True
2020 10 30 10:12:49,0.0,정상,0.0,0.0,정상,True
2020 10 30 10:12:54,0.0,정상,0.0,0.0,정상,True
2020 10 30 10:12:59,0.0,정상,0.0,0.0,정상,True
2020 10 30 10:13:04,0.0,정상,0.0,0.0,정상,True
2020 10 30 10:13:09,0.0,정상,0.0,0.0,정상,True
2020 10 30 10:13:14,0.0,정상,0.0,0.0,정상,True
2020 10 30 10:13:19,0.0,정상,0.0,0.0,정상,True
2020 10 30 10:13:24,0.0,정상,0.0,0.0,정상,True
2020 10 30 10:13:29,0.0,정상,0.0,0.0,정상,True
2020 10 30 10:13:34,0.0,정상,0.0,0.0,정상,True
2020 10 30 10:13:39,0.0,정상,0.0,0.0,정상,True
2020 10 30 10:13:44,0.0,정상,0.0,0.0,정상,True
2020 10 30 10:13:49,0.0,정상,0.0,0.0,정상,True
2020 10 30 10:13:54,0.0,정상,0.0,0.0,정상,True
2020 10 30 10:13:59,0.0,정상,0.0,0.0,정상,True
2020 10 30 10:14:04,0.0,정상,0.0,0.0,정상,True
2020 10 30 10:14:09,0.0,정상,0.0,0.0,정상,True
2020 10 30 10:14:14,0.0,정상,0.0,0.0,정상,True
2020 10 30 10:14:19,0.0,정상,0.0,0.0,정상,True
2020 10 30 10:14:24,0.0,정상,0.0,0.0,정상,True
2020 10 30 10:14:29,0.0,정상,0.0,0.0,정상,True
2020 10 30 10:14:34,0.0,정상,0.0,0.0,정상,True
2020 10 30 10:14:39,0.0,정상,0.0,0.0,정상,True
2020 10 30 10:14:44,0.0,정상,0.0,0.0,정상,True
2020 10 30 10:14:49,0.0,정상,0.0,0.0,정상,True
2020 10 30 10:14:54,0.0,정상,0.0,0.0,정상,True
2020 10 30 10:14:59,0.0,정상,0.0,0.0,정상,True
2020 10 30 10:15:04,0.0,정상,0.0,0.0,정상,True
2020 10 30 10:15:09,0.0,정상,0.0,0.0,정상,True
2020 10 30 10:15:14,0.0,정상,0.0,0.0,정상,True
2020 10 30 10:15:19,0.0,정상,0.0,0.0,정상,True
2020 10 30 10:15:24,0.0,정상,0.0,0.0,정상,True
2020 10 30 10:15:29,0.0,정상,0.0,0.0,정상,True
2020 10 30 10:15:34,0.0,정상,0.0,0.0,정상,True
2020 10 30 10:15:39,0.0,정상,0.0,0.0,정상,True
2020 10 30 10:15:44,0.0,정상,0.0,0.0,정상,True
2020 10 30 10:15:49,0.0,정상,0.0,0.0,정상,True
2020 10 30 10:15:54,0.0,정상,0.0,0.0,정상,True
2020 10 30 10:15:59,0.0,정상,0.0,0.0,정상,True
2020 10 30 10:16:04,0.0,정상,0.0,0.0,정상,True
2020 10 30 10:16:09,0.0,정상,0.0,0.0,정상,True
2020 10 30 10:16:14,0.0,정상,0.0,0.0,정상,True
2020 10 30 10:16:19,0.0,정상,0.0,0.0,정상,True
2020 10 30 10:16:24,0.0,정상,0.0,0.0,정상,True
2020 10 30 10:16:29,0.0,정상,0.0,0.0,정상,True
2020 10 30 10:16:34,0.0,정상,0.0,0.0,정상,True
2020 10 30 10:16:39,0.0,정상,0.0,0.0,정상,True
2020 10 30 10:16:44,0.0,정상,0.0,0.0,정상,True
2020 10 30 10:16:49,0.0,정상,0.0,0.0,정상,True
2020 10 30 10:16:54,0.0,정상,0.0,0.0,정상,True
2020 10 30 10:16:59,0.0,정상,0.0,0.0,정상,True
2020 10 30 10:17:04,0.0,정상,0.0,0.0,정상,True
2020 10 30 10:17:09,0.0,정상,0.0,0.0,정상,True
2020 10 30 10:17:14,0.0,정상,0.0,0.0,정상,True
2020 10 30 10:17:19,0.0,정상,0.0,0.0,정상,True
2020 10 30 10:17:24,0.0,정상,0.0,0.0,정상,True
2020 10 30 10:17:29,0.0,정상,0.0,0.0,정상,True
2020 10 30 10:17:34,0.0,정상,0.0,0.0,정상,True
2020 10 30 10:17:39,0.0,정상,0.0,0.0,정상,True
2020 10 30 10:17:44,0.0,정상,0.0,0.0,정상,True
2020 10 30 10:17:49,0.0,정상,0.0,0.0,정상,True
2020 10 30 10:17:54,0.0,정상,0.0,0.0,정상,True
2020 10 30 10:17:59,0.0,정상,0.0,0.0,정상,True
2020 10 30 10:18:04,0.0,정상,0.0,0.0,정상,True
2020 10 30 10:18:09,0.0,정상,0.0,0.0,정상,True
2020 10 30 10:18:14,0.0,정상,0.0,0.0,정상,True
2020 10 30 10:18:19,0.0,정상,0.0,0.0,정상,True
2020 10 30 10:18:24,0.0,정상,0.0,0.0,정상,True
2020 10 30 10:18:29,0.0,정상,0.0,0.0,정상,True
2020 10 30 10:18:34,0.0,정상,0.0,0.0,정상,True
2020 10 30 10:18:39,0.0,정상,0.0,0.0,정상,True
2020 10 30 10:18:44,0.0,정상,0.0,0.0,정상,True
2020 10 30 10:18:49,0.0,정상,0.0,0.0,정상,True
2020 10 30 10:18:54,0.0,정상,0.0,0.0,정상,True
2020 10 30 10:18:59,0.0,정상,0.0,0.0,정상,True
2020 10 30 10:19:04,0.0,정상,0.0,0.0,정상,True
2020 10 30 10:19:09,0.0,정상,0.0,0.0,정상,True
2020 10 30 10:19:14,0.0,정상,0.0,0.0,정상,True
2020 10 30 10:19:19,0.0,정상,0.0,0.0,정상,True
2020 10 30 10:19:24,0.0,정상,0.0,0.0,정상,True
2020 10 30 10:19:29,0.0,정상,0.0,0.0,정상,True
2020 10 30 10:19:34,0.0,정상,0.0,0.0,정상,True
2020 10 30 10:19:39,0.0,정상,0.0,0.0,정상,True
2020 10 30 10:19:44,0.0,정상,0.0,0.0,정상,True
2020 10 30 10:19:49,0.0,정상,0.0,0.0,정상,True
2020 10 30 10:19:54,0.0,정상,0.0,0.0,정상,True
2020 10 30 10:19:59,0.0,정상,0.0,0.0,정상,True
2020 10 30 10:20:04,0.0,정상,0.0,0.0,정상,True
2020 10 30 10:20:09,0.0,정상,0.0,0.0,정상,True
2020 10 30 10:20:14,0.0,정상,0.0,0.0,정상,True
2020 10 30 10:20:19,0.0,정상,0.0,0.0,정상,True
2020 10 30 10:20:24,0.0,정상,0.0,0.0,정상,True
2020 10 30 10:20:29,0.0,정상,0.0,0.0,정상,True
2020 10 30 10:20:34,0.0,정상,0.0,0.0,정상,True
2020 10 30 10:20:39,0.0,정상,0.0,0.0,정상,True
2020 10 30 10:20:44,0.0,정상,0.0,0.0,정상,True
2020 10 30 10:20:49,0.0,정상,0.0,0.0,정상,True
2020 10 30 10:20:54,0.0,정상,0.0,0.0,정상,True
2020 10 30 10:20:59,0.0,정상,0.0,0.0,정상,True
2020 10 30 10:21:04,0.0,정상,0.0,0.0,정상,True
2020 10 30 10:21:09,0.0,정상,0.0,0.0,정상,True
2020 10 30 10:21:14,0.0,정상,0.0,0.0,정상,True
2020 10 30 10:21:19,0.0,정상,0.0,0.0,정상,True
2020 10 30 10:21:24,0.0,정상,0.0,0.0,정상,True
2020 10 30 10:21:29,0.0,정상,0.0,0.0,정상,True
2020 10 30 10:21:34,0.0,정상,0.0,0.0,정상,True
2020 10 30 10:21:39,0.0,정상,0.0,0.0,정상,True
2020 10 30 10:21:44,0.0,정상,0.0,0.0,정상,True
2020 10 30 10:21:49,0.0,정상,0.0,0.0,정상,True
2020 10 30 10:21:54,0.0,정상,0.0,0.0,정상,True
2020 10 30 10:21:59,0.0,정상,0.0,0.0,정상,True
2020 10 30 10:22:04,0.0,정상,0.0,0.0,정상,True
2020 10 30 10:22:09,0.0,정상,0.0,0.0,정상,True
2020 10 30 10:22:14,0.0,정상,0.0,0.0,정상,True
2020 10 30 10:22:19,0.0,정상,0.0,0.0,정상,True
2020 10 30 10:22:24,0.0,정상,0.0,0.0,정상,True
2020 10 30 10:22:29,0.0,정상,0.0,0.0,정상,True
2020 10 30 10:22:34,0.0,정상,0.0,0.0,정상,True
2020 10 30 10:22:39,0.0,정상,0.0,0.0,정상,True
2020 10 30 10:22:44,0.0,정상,0.0,0.0,정상,True
2020 10 30 10:22:49,0.0,정상,0.0,0.0,정상,True
2020 10 30 10:22:54,0.0,정상,0.0,0.0,정상,True
2020 10 30 10:22:59,0.0,정상,0.0,0.0,정상,True
2020 10 30 10:23:04,0.0,정상,0.0,0.0,정상,True
2020 10 30 10:23:09,0.0,정상,0.0,0.0,정상,True
2020 10 30 10:23:14,0.0,정상,0.0,0.0,정상,True
2020 10 30 10:23:19,0.0,정상,0.0,0.0,정상,True
2020 10 30 10:23:24,0.0,정상,0.0,0.0,정상,True
2020 10 30 10:23:29,0.0,정상,0.0,0.0,정상,True
2020 10 30 10:23:34,0.0,정상,0.0,0.0,정상,True
2020 10 30 10:23:39,0.0,정상,0.0,0.0,정상,True
2020 10 30 10:23:44,0.0,정상,0.0,0.0,정상,True
2020 10 30 10:23:49,0.0,정상,0.0,0.0,정상,True
2020 10 30 10:23:54,0.0,정상,0.0,0.0,정상,True
2020 10 30 10:23:59,0.0,정상,0.0,0.0,정상,True
2020 10 30 10:24:04,0.0,정상,0.0,0.0,정상,True
2020 10 30 10:24:09,0.0,정상,0.0,0.0,정상,True
2020 10 30 10:24:14,0.0,정상,0.0,0.0,정상,True
2020 10 30 10:24:19,0.0,정상,0.0,0.0,정상,True
2020 10 30 10:24:24,0.0,정상,0.0,0.0,정상,True
2020 10 30 10:24:29,0.0,정상,0.0,0.0,정상,True
2020 10 30 10:24:34,0.0,정상,0.0,0.0,정상,True
2020 10 30 10:24:39,0.0,정상,0.0,0.0,정상,True
2020 10 30 10:24:44,0.0,정상,0.0,0.0,정상,True
2020 10 30 10:24:49,0.0,정상,0.0,0.0,정상,True
2020 10 30 10:24:54,0.0,정상,0.0,0.0,정상,True
2020 10 30 10:24:59,0.0,정상,0.0,0.0,정상,True
2020 10 30 10:25:04,0.0,정상,0.0,0.0,정상,True
2020 10 30 10:25:09,0.0,정상,0.0,0.0,정상,True
2020 10 30 10:25:14,0.0,정상,0.0,0.0,정상,True
2020 10 30 10:25:19,0.0,정상,0.0,0.0,정상,True
2020 10 30 10:25:24,0.0,정상,0.0,0.0,정상,True
2020 10 30 10:25:29,0.0,정상,0.0,0.0,정상,True
2020 10 30 10:25:34,0.0,정상,0.0,0.0,정상,True
2020 10 30 10:25:39,0.0,정상,0.0,0.0,정상,True
2020 10 30 10:25:44,0.0,정상,0.0,0.0,정상,True
2020 10 30 10:25:49,0.0,정상,0.0,0.0,정상,True
2020 10 30 10:25:54,0.0,정상,0.0,0.0,정상,True
2020 10 30 10:25:59,0.0,정상,0.0,0.0,정상,True
2020 10 30 10:26:04,0.0,정상,0.0,0.0,정상,True
2020 10 30 10:26:09,0.0,정상,0.0,0.0,정상,True
2020 10 30 10:26:14,0.0,정상,0.0,0.0,정상,True
2020 10 30 10:26:19,0.0,정상,0.0,0.0,정상,True
2020 10 30 10:26:24,0.0,정상,0.0,0.0,정상,True
2020 10 30 10:26:29,0.0,정상,0.0,0.0,정상,True
2020 10 30 10:26:34,0.0,정상,0.0,0.0,정상,True
2020 10 30 10:26:39,0.0,정상,0.0,0.0,정상,True
2020 10 30 10:26:44,0.0,정상,0.0,0.0,정상,True
2020 10 30 10:26:49,0.0,정상,0.0,0.0,정상,True
2020 10 30 10:26:54,0.0,정상,0.0,0.0,정상,True
2020 10 30 10:26:59,0.0,정상,0.0,0.0,정상,True
2020 10 30 10:27:04,0.0,정상,0.0,0.0,정상,True
2020 10 30 10:27:09,0.0,정상,0.0,0.0,정상,True
2020 10 30 10:27:14,0.0,정상,0.0,0.0,정상,True
2020 10 30 10:27:19,0.0,정상,0.0,0.0,정상,True
2020 10 30 10:27:24,0.0,정상,0.0,0.0,정상,True
2020 10 30 10:27:29,0.0,정상,0.0,0.0,정상,True
2020 10 30 10:27:34,0.0,정상,0.0,0.0,정상,True
2020 10 30 10:27:39,0.0,정상,0.0,0.0,정상,True
2020 10 30 10:27:44,0.0,정상,0.0,0.0,정상,True
2020 10 30 10:27:49,0.0,정상,0.0,0.0,정상,True
2020 10 30 10:27:54,0.0,정상,0.0,0.0,정상,True
2020 10 30 10:27:59,0.0,정상,0.0,0.0,정상,True
2020 10 30 10:28:04,0.0,정상,0.0,0.0,정상,True
2020 10 30 10:28:09,0.0,정상,0.0,0.0,정상,True
2020 10 30 10:28:14,0.0,정상,0.0,0.0,정상,True
2020 10 30 10:28:19,0.0,정상,0.0,0.0,정상,True
2020 10 30 10:28:24,0.0,정상,0.0,0.0,정상,True
2020 10 30 10:28:29,0.0,정상,0.0,0.0,정상,True
2020 10 30 10:28:34,0.0,정상,0.0,0.0,정상,True
2020 10 30 10:28:39,0.0,정상,0.0,0.0,정상,True
2020 10 30 10:28:44,0.0,정상,0.0,0.0,정상,True
2020 10 30 10:28:49,0.0,정상,0.0,0.0,정상,True
2020 10 30 10:28:54,0.0,정상,0.0,0.0,정상,True
2020 10 30 10:28:59,0.0,정상,0.0,0.0,정상,True
2020 10 30 10:29:04,0.0,정상,0.0,0.0,정상,True
2020 10 30 10:29:09,0.0,정상,0.0,0.0,정상,True
2020 10 30 10:29:14,0.0,정상,0.0,0.0,정상,True
2020 10 30 10:29:19,0.0,정상,0.0,0.0,정상,True
2020 10 30 10:29:24,0.0,정상,0.0,0.0,정상,True
2020 10 30 10:29:29,0.0,정상,0.0,0.0,정상,True
2020 10 30 10:29:34,0.0,정상,0.0,0.0,정상,True
2020 10 30 10:29:39,0.0,정상,0.0,0.0,정상,True
2020 10 30 10:29:44,0.0,정상,0.0,0.0,정상,True
2020 10 30 10:29:49,0.0,정상,0.0,0.0,정상,True
2020 10 30 10:29:54,0.0,정상,0.0,0.0,정상,True
2020 10 30 10:29:59,0.0,정상,0.0,0.0,정상,True
2020 10 30 10:30:04,0.0,정상,0.0,0.0,정상,True
2020 10 30 10:30:09,0.0,정상,0.0,0.0,정상,True
2020 10 30 10:30:14,0.0,정상,0.0,0.0,정상,True
2020 10 30 10:30:19,0.0,정상,0.0,0.0,정상,True
2020 10 30 10:30:24,0.0,정상,0.0,0.0,정상,True
2020 10 30 10:30:29,0.0,정상,0.0,0.0,정상,True
2020 10 30 10:30:34,0.0,정상,0.0,0.0,정상,True
2020 10 30 10:30:39,0.0,정상,0.0,0.0,정상,True
2020 10 30 10:30:44,0.0,정상,0.0,0.0,정상,True
2020 10 30 10:30:49,0.0,정상,0.0,0.0,정상,True
2020 10 30 10:30:54,0.0,정상,0.0,0.0,정상,True
2020 10 30 10:30:59,0.0,정상,0.0,0.0,정상,True
2020 10 30 10:31:04,0.0,정상,0.0,0.0,정상,True
2020 10 30 10:31:09,0.0,정상,0.0,0.0,정상,True
2020 10 30 10:31:14,0.0,정상,0.0,0.0,정상,True
2020 10 30 10:31:19,0.0,정상,0.0,0.0,정상,True
2020 10 30 10:31:24,0.0,정상,0.0,0.0,정상,True
2020 10 30 10:31:29,0.0,정상,0.0,0.0,정상,True
2020 10 30 10:31:34,0.0,정상,0.0,0.0,정상,True
2020 10 30 10:31:39,0.0,정상,0.0,0.0,정상,True
2020 10 30 10:31:44,0.0,정상,0.0,0.0,정상,True
2020 10 30 10:31:49,0.0,정상,0.0,0.0,정상,True
2020 10 30 10:31:54,0.0,정상,0.0,0.0,정상,True
2020 10 30 10:31:59,0.0,정상,0.0,0.0,정상,True
2020 10 30 10:32:04,0.0,정상,0.0,0.0,정상,True
2020 10 30 10:32:09,0.0,정상,0.0,0.0,정상,True
2020 10 30 10:32:14,0.0,정상,0.0,0.0,정상,True
2020 10 30 10:32:19,0.0,정상,0.0,0.0,정상,True
2020 10 30 10:32:24,0.0,정상,0.0,0.0,정상,True
2020 10 30 10:32:29,0.0,정상,0.0,0.0,정상,True
2020 10 30 10:32:34,0.0,정상,0.0,0.0,정상,True
2020 10 30 10:32:39,0.0,정상,0.0,0.0,정상,True
2020 10 30 10:32:44,0.0,정상,0.0,0.0,정상,True
2020 10 30 10:32:49,0.0,정상,0.0,0.0,정상,True
2020 10 30 10:32:54,0.0,정상,0.0,0.0,정상,True
2020 10 30 10:32:59,0.0,정상,0.0,0.0,정상,True
2020 10 30 10:33:04,0.0,정상,0.0,0.0,정상,True
2020 10 30 10:33:09,0.0,정상,0.0,0.0,정상,True
2020 10 30 10:33:14,0.0,정상,0.0,0.0,정상,True
2020 10 30 10:33:19,0.0,정상,0.0,0.0,정상,True
2020 10 30 10:33:24,0.0,정상,0.0,0.0,정상,True
2020 10 30 10:33:29,0.0,정상,0.0,0.0,정상,True
2020 10 30 10:33:34,0.0,정상,0.0,0.0,정상,True
2020 10 30 10:33:39,0.0,정상,0.0,0.0,정상,True
2020 10 30 10:33:44,0.0,정상,0.0,0.0,정상,True
2020 10 30 10:33:49,0.0,정상,0.0,0.0,정상,True
2020 10 30 10:33:54,0.0,정상,0.0,0.0,정상,True
2020 10 30 10:33:59,0.0,정상,0.0,0.0,정상,True
2020 10 30 10:34:04,0.0,정상,0.0,0.0,정상,True
2020 10 30 10:34:09,0.0,정상,0.0,0.0,정상,True
2020 10 30 10:34:14,0.0,정상,0.0,0.0,정상,True
2020 10 30 10:34:19,0.0,정상,0.0,0.0,정상,True
2020 10 30 10:34:24,0.0,정상,0.0,0.0,정상,True
2020 10 30 10:34:29,0.0,정상,0.0,0.0,정상,True
2020 10 30 10:34:34,0.0,정상,0.0,0.0,정상,True
2020 10 30 10:34:39,0.0,정상,0.0,0.0,정상,True
2020 10 30 10:34:44,0.0,정상,0.0,0.0,정상,True
2020 10 30 10:34:49,0.0,정상,0.0,0.0,정상,True
2020 10 30 10:34:54,0.0,정상,0.0,0.0,정상,True
2020 10 30 10:34:59,0.0,정상,0.0,0.0,정상,True
2020 10 30 10:35:04,0.0,정상,0.0,0.0,정상,True
2020 10 30 10:35:09,0.0,정상,0.0,0.0,정상,True
2020 10 30 10:35:14,0.0,정상,0.0,0.0,정상,True
2020 10 30 10:35:19,0.0,정상,0.0,0.0,정상,True
2020 10 30 10:35:24,0.0,정상,0.0,0.0,정상,True
2020 10 30 10:35:29,0.0,정상,0.0,0.0,정상,True
2020 10 30 10:35:34,0.0,정상,0.0,0.0,정상,True
2020 10 30 10:35:39,0.0,정상,0.0,0.0,정상,True
2020 10 30 10:35:44,0.0,정상,0.0,0.0,정상,True
2020 10 30 10:35:49,0.0,정상,0.0,0.0,정상,True
2020 10 30 10:35:54,0.0,정상,0.0,0.0,정상,True
2020 10 30 10:35:59,0.0,정상,0.0,0.0,정상,True
2020 10 30 10:36:04,0.0,정상,0.0,0.0,정상,True
2020 10 30 10:36:09,0.0,정상,0.0,0.0,정상,True
2020 10 30 10:36:14,0.0,정상,0.0,0.0,정상,True
2020 10 30 10:36:19,0.0,정상,0.0,0.0,정상,True
2020 10 30 10:36:24,0.0,정상,0.0,0.0,정상,True
2020 10 30 10:36:29,0.0,정상,0.0,0.0,정상,True
2020 10 30 10:36:34,0.0,정상,0.0,0.0,정상,True
2020 10 30 10:36:39,0.0,정상,0.0,0.0,정상,True
2020 10 30 10:36:44,0.0,정상,0.0,0.0,정상,True
2020 10 30 10:36:49,0.0,정상,0.0,0.0,정상,True
2020 10 30 10:36:54,0.0,정상,0.0,0.0,정상,True
2020 10 30 10:36:59,0.0,정상,0.0,0.0,정상,True
2020 10 30 10:37:04,0.0,정상,0.0,0.0,정상,True
2020 10 30 10:37:09,0.0,정상,0.0,0.0,정상,True
2020 10 30 10:37:14,0.0,정상,0.0,0.0,정상,True
2020 10 30 10:37:19,0.0,정상,0.0,0.0,정상,True
2020 10 30 10:37:24,0.0,정상,0.00011764705882352942,0.0,정상,True
2020 10 30 10:37:29,0.0,정상,0.00011764705882352942,0.0,정상,True
2020 10 30 10:37:34,0.0,정상,0.0,0.0,정상,True
2020 10 30 10:37:39,0.0,정상,0.00011764705882352942,0.0,정상,True
2020 10 30 10:37:44,0.0,정상,0.0,0.0,정상,True
2020 10 30 10:37:49,0.0,정상,0.0,0.0,정상,True
2020 10 30 10:37:54,0.0,정상,0.0,0.0,정상,True
2020 10 30 10:37:59,0.0,정상,0.0,0.0,정상,True
2020 10 30 10:38:04,0.0,정상,0.0,0.0,정상,True
2020 10 30 10:38:09,0.0,정상,0.0,0.0,정상,True
2020 10 30 10:38:14,0.0,정상,0.0,0.0,정상,True
2020 10 30 10:38:19,0.0,정상,0.0,0.0,정상,True
2020 10 30 10:38:24,0.0,정상,0.0,0.0,정상,True
2020 10 30 10:38:29,0.0,정상,0.0,0.0,정상,True
2020 10 30 10:38:34,0.0,정상,0.0,0.0,정상,True
2020 10 30 10:38:39,0.0,정상,0.0,0.0,정상,True
2020 10 30 10:38:44,0.0,정상,0.0,0.0,정상,True
2020 10 30 10:38:49,0.0,정상,0.0,0.0,정상,True
2020 10 30 10:38:54,0.0,정상,0.0,0.0,정상,True
2020 10 30 10:38:59,0.0,정상,0.0,0.0,정상,True
2020 10 30 10:39:04,0.0,정상,0.0,0.0,정상,True
2020 10 30 10:39:09,0.0,정상,0.0,0.0,정상,True
2020 10 30 10:39:14,0.0,정상,0.0,0.0,정상,True
2020 10 30 10:39:19,0.0,정상,0.0,0.0,정상,True
2020 10 30 10:39:24,0.0,정상,0.0,0.0,정상,True
2020 10 30 10:39:29,0.0,정상,0.0,0.0,정상,True
2020 10 30 10:39:34,0.0,정상,0.0,0.0,정상,True
2020 10 30 10:39:39,0.0,정상,0.0,0.0,정상,True
2020 10 30 10:39:44,0.0,정상,0.0,0.0,정상,True
2020 10 30 10:39:49,0.0,정상,0.0,0.0,정상,True
2020 10 30 10:39:54,0.0,정상,0.0,0.0,정상,True
2020 10 30 10:39:59,0.0,정상,0.0,0.0,정상,True
2020 10 30 10:40:04,0.0,정상,0.0,0.0,정상,True
2020 10 30 10:40:09,0.0,정상,0.0,0.0,정상,True
2020 10 30 10:40:14,0.0,정상,0.0,0.0,정상,True
2020 10 30 10:40:19,0.0,정상,0.0,0.0,정상,True
2020 10 30 10:40:24,0.0,정상,0.0,0.0,정상,True
2020 10 30 10:40:29,0.0,정상,0.0,0.0,정상,True
2020 10 30 10:40:34,0.0,정상,0.0,0.0,정상,True
2020 10 30 10:40:39,0.0,정상,0.0,0.0,정상,True
2020 10 30 10:40:44,0.0,정상,0.0,0.0,정상,True
2020 10 30 10:40:49,0.0,정상,0.0,0.0,정상,True
2020 10 30 10:40:54,0.0,정상,0.0,0.0,정상,True
2020 10 30 10:40:59,0.0,정상,0.0,0.0,정상,True
2020 10 30 10:41:04,0.0,정상,0.0,0.0,정상,True
2020 10 30 10:41:09,0.0,정상,0.0,0.0,정상,True
2020 10 30 10:41:14,0.0,정상,0.0,0.0,정상,True
2020 10 30 10:41:19,0.0,정상,0.0,0.0,정상,True
2020 10 30 10:41:24,0.0,정상,0.0,0.0,정상,True
2020 10 30 10:41:29,0.0,정상,0.0,0.0,정상,True
2020 10 30 10:41:34,0.0,정상,0.0,0.0,정상,True
2020 10 30 10:41:39,0.0,정상,0.0,0.0,정상,True
2020 10 30 10:41:44,0.0,정상,0.0,0.0,정상,True
2020 10 30 10:41:49,0.0,정상,0.0,0.0,정상,True
2020 10 30 10:41:54,0.0,정상,0.0,0.0,정상,True
2020 10 30 10:41:59,0.0,정상,0.0,0.0,정상,True
2020 10 30 10:42:04,0.0,정상,0.0,0.0,정상,True
2020 10 30 10:42:09,0.0,정상,0.0,0.0,정상,True
2020 10 30 10:42:14,0.0,정상,0.0,0.0,정상,True
2020 10 30 10:42:19,0.0,정상,0.0,0.0,정상,True
2020 10 30 10:42:24,0.0,정상,0.0,0.0,정상,True
2020 10 30 10:42:29,0.0,정상,0.0,0.0,정상,True
2020 10 30 10:42:34,0.0,정상,0.0,0.0,정상,True
2020 10 30 10:42:39,0.0,정상,0.0,0.0,정상,True
2020 10 30 10:42:44,0.0,정상,0.0,0.0,정상,True
2020 10 30 10:42:49,0.0,정상,0.0,0.0,정상,True
2020 10 30 10:42:54,0.0,정상,0.0,0.0,정상,True
2020 10 30 10:42:59,0.0,정상,0.0,0.0,정상,True
2020 10 30 10:43:04,0.0,정상,0.0,0.0,정상,True
2020 10 30 10:43:09,0.0,정상,0.0,0.0,정상,True
2020 10 30 10:43:14,0.0,정상,0.0,0.0,정상,True
2020 10 30 10:43:19,0.0,정상,0.0,0.0,정상,True
2020 10 30 10:43:24,0.0,정상,0.0,0.0,정상,True
2020 10 30 10:43:29,0.0,정상,0.0,0.0,정상,True
2020 10 30 10:43:34,0.0,정상,0.0,0.0,정상,True
2020 10 30 10:43:39,0.0,정상,0.0,0.0,정상,True
2020 10 30 10:43:44,0.0,정상,0.0,0.0,정상,True
2020 10 30 10:43:49,0.0,정상,0.0,0.0,정상,True
2020 10 30 10:43:54,0.0,정상,0.0,0.0,정상,True
2020 10 30 10:43:59,0.0,정상,0.0,0.0,정상,True
2020 10 30 10:44:04,0.0,정상,0.0,0.0,정상,True
2020 10 30 10:44:09,0.0,정상,0.0,0.0,정상,True
2020 10 30 10:44:14,0.0,정상,0.0,0.0,정상,True
2020 10 30 10:44:19,0.0,정상,0.0,0.0,정상,True
2020 10 30 10:44:24,0.0,정상,0.0,0.0,정상,True
2020 10 30 10:44:29,0.0,정상,0.0,0.0,정상,True
2020 10 30 10:44:34,0.0,정상,0.0,0.0,정상,True
2020 10 30 10:44:39,0.0,정상,0.0,0.0,정상,True
2020 10 30 10:44:44,0.0,정상,0.0,0.0,정상,True
2020 10 30 10:44:49,0.0,정상,0.0,0.0,정상,True
2020 10 30 10:44:54,0.0,정상,0.0,0.0,정상,True
2020 10 30 10:44:59,0.0,정상,0.0,0.0,정상,True
2020 10 30 10:45:04,0.0,정상,0.0,0.0,정상,True
2020 10 30 10:45:09,0.0,정상,0.0,0.0,정상,True
2020 10 30 10:45:14,0.0,정상,0.0,0.0,정상,True
2020 10 30 10:45:19,0.0,정상,0.0,0.0,정상,True
2020 10 30 10:45:24,0.0,정상,0.0,0.0,정상,True
2020 10 30 10:45:29,0.0,정상,0.0,0.0,정상,True
2020 10 30 10:45:34,0.0,정상,0.0,0.0,정상,True
2020 10 30 10:45:39,0.0,정상,0.0,0.0,정상,True
2020 10 30 10:45:44,0.0,정상,0.0,0.0,정상,True
2020 10 30 10:45:49,0.0,정상,0.0,0.0,정상,True
2020 10 30 10:45:54,0.0,정상,0.0,0.0,정상,True
2020 10 30 10:45:59,0.0,정상,0.0,0.0,정상,True
2020 10 30 10:46:04,0.0,정상,0.005,0.0,정상,True
2020 10 30 10:46:09,0.0,정상,0.005,0.0,정상,True
2020 10 30 10:46:14,0.0,정상,0.0007894736842105263,0.0,정상,True
2020 10 30 10:46:19,0.0,정상,0.0,0.0,정상,True
2020 10 30 10:46:24,0.0,정상,0.0,0.0,정상,True
2020 10 30 10:46:29,0.0,정상,0.0,0.0,정상,True
2020 10 30 10:46:34,0.0,정상,0.0,0.0,정상,True
2020 10 30 10:46:39,0.0,정상,0.0,0.0,정상,True
2020 10 30 10:46:44,0.0,정상,0.0,0.0,정상,True
2020 10 30 10:46:49,0.0,정상,0.00025,0.0,정상,True
2020 10 30 10:46:54,0.0,정상,0.0,0.0,정상,True
2020 10 30 10:46:59,0.0,정상,0.0,0.0,정상,True
2020 10 30 10:47:04,0.0,정상,0.0,0.0,정상,True
2020 10 30 10:47:09,0.0,정상,0.00025,0.0,정상,True
2020 10 30 10:47:14,0.0,정상,0.00025,0.0,정상,True
2020 10 30 10:47:19,0.0,정상,0.0,0.0,정상,True
2020 10 30 10:47:24,0.0,정상,0.0,0.0,정상,True
2020 10 30 10:47:29,0.0,정상,0.00025,0.0,정상,True
2020 10 30 10:47:34,0.0,정상,0.0,0.0,정상,True
2020 10 30 10:47:39,0.0,정상,0.0,0.0,정상,True
2020 10 30 10:47:44,0.0,정상,0.0,0.0,정상,True
2020 10 30 10:47:49,0.0,정상,0.0,0.0,정상,True
2020 10 30 10:47:54,0.0,정상,0.0,0.0,정상,True
2020 10 30 10:47:59,0.0,정상,0.0,0.0,정상,True
2020 10 30 10:48:04,0.0,정상,0.0,0.0,정상,True
2020 10 30 10:48:09,0.0,정상,0.0,0.0,정상,True
2020 10 30 10:48:14,0.0,정상,0.00025,0.0,정상,True
2020 10 30 10:48:19,0.0,정상,0.0007763157894736841,0.0,정상,True
2020 10 30 10:48:24,0.0,정상,0.0,0.0,정상,True
2020 10 30 10:48:29,0.0,정상,0.00025,0.0,정상,True
2020 10 30 10:48:34,0.0,정상,0.0020850202429149797,0.0,정상,True
2020 10 30 10:48:39,0.0,정상,0.0020850202429149797,0.0,정상,True
2020 10 30 10:48:44,0.0,정상,0.0020850202429149797,0.0,정상,True
2020 10 30 10:48:49,0.0,정상,0.0020850202429149797,0.0,정상,True
2020 10 30 10:48:54,0.0,정상,0.0020850202429149797,0.0,정상,True
2020 10 30 10:48:59,0.0,정상,0.0020850202429149797,0.0,정상,True
2020 10 30 10:49:04,0.0,정상,0.012085020242914978,0.0,정상,True
2020 10 30 10:49:09,0.0,정상,0.03902281928597719,0.0,정상,True
2020 10 30 10:49:14,0.0,정상,0.030526315789473686,0.0,정상,True
2020 10 30 10:49:19,0.0,정상,0.0020850202429149797,0.0,정상,True
2020 10 30 10:49:24,0.0,정상,0.012085020242914978,0.0,정상,True
2020 10 30 10:49:29,0.0,정상,0.0020850202429149797,0.0,정상,True
2020 10 30 10:49:34,0.0,정상,0.0020850202429149797,0.0,정상,True
2020 10 30 10:49:39,0.0,정상,0.0020850202429149797,0.0,정상,True
2020 10 30 10:49:44,0.0,정상,0.0020850202429149797,0.0,정상,True
2020 10 30 10:49:49,0.0,정상,0.0,0.0,정상,True
2020 10 30 10:49:54,0.0,정상,0.0,0.0,정상,True
2020 10 30 10:49:59,0.0,정상,0.0,0.0,정상,True
2020 10 30 10:50:04,0.0,정상,0.0,0.0,정상,True
2020 10 30 10:50:09,0.0,정상,0.0,0.0,정상,True
2020 10 30 10:50:14,0.0,정상,0.0,0.0,정상,True
2020 10 30 10:50:19,0.0,정상,0.0,0.0,정상,True
2020 10 30 10:50:24,0.0,정상,0.0,0.0,정상,True
2020 10 30 10:50:29,0.0,정상,0.0,0.0,정상,True
2020 10 30 10:50:34,0.0,정상,0.0,0.0,정상,True
2020 10 30 10:50:39,0.0,정상,0.0,0.0,정상,True
2020 10 30 10:50:44,0.0,정상,0.0,0.0,정상,True
2020 10 30 10:50:49,0.0,정상,0.0,0.0,정상,True
2020 10 30 10:50:54,0.0,정상,0.0,0.0,정상,True
2020 10 30 10:50:59,0.0,정상,0.0,0.0,정상,True
2020 10 30 10:51:04,0.0,정상,0.0,0.0,정상,True
2020 10 30 10:51:09,0.0,정상,0.0,0.0,정상,True
2020 10 30 10:51:14,0.0,정상,0.0,0.0,정상,True
2020 10 30 10:51:19,0.0,정상,0.0,0.0,정상,True
2020 10 30 10:51:24,0.0,정상,0.0,0.0,정상,True
2020 10 30 10:51:29,0.0,정상,0.0,0.0,정상,True
2020 10 30 10:51:34,0.0,정상,0.0,0.0,정상,True
2020 10 30 10:51:39,0.0,정상,0.0,0.0,정상,True
2020 10 30 10:51:44,0.0,정상,0.0,0.0,정상,True
2020 10 30 10:51:49,0.0,정상,0.0,0.0,정상,True
2020 10 30 10:51:54,0.0,정상,0.0,0.0,정상,True
2020 10 30 10:51:59,0.0,정상,0.0,0.0,정상,True
2020 10 30 10:52:04,0.0,정상,0.0,0.0,정상,True
2020 10 30 10:52:09,0.0,정상,0.0,0.0,정상,True
2020 10 30 10:52:14,0.0,정상,0.00011764705882352942,0.0,정상,True
2020 10 30 10:52:19,0.0,정상,0.0,0.0,정상,True
2020 10 30 10:52:24,0.0,정상,0.0,0.0,정상,True
2020 10 30 10:52:29,0.0,정상,0.0,0.0,정상,True
2020 10 30 10:52:34,0.0,정상,0.0,0.0,정상,True
2020 10 30 10:52:39,0.0,정상,0.00011764705882352942,0.0,정상,True
2020 10 30 10:52:44,0.0,정상,0.0,0.0,정상,True
2020 10 30 10:52:49,0.0,정상,0.0,0.0,정상,True
2020 10 30 10:52:54,0.0,정상,0.0,0.0,정상,True
2020 10 30 10:52:59,0.0,정상,0.0,0.0,정상,True
2020 10 30 10:53:04,0.0,정상,0.0,0.0,정상,True
2020 10 30 10:53:09,0.0,정상,0.0,0.0,정상,True
2020 10 30 10:53:14,0.0,정상,0.0,0.0,정상,True
2020 10 30 10:53:19,0.0,정상,0.0,0.0,정상,True
2020 10 30 10:53:24,0.0,정상,0.0,0.0,정상,True
2020 10 30 10:53:29,0.0,정상,0.0,0.0,정상,True
2020 10 30 10:53:34,0.0,정상,0.0,0.0,정상,True
2020 10 30 10:53:39,0.0,정상,0.0,0.0,정상,True
2020 10 30 10:53:44,0.0,정상,0.0,0.0,정상,True
2020 10 30 10:53:49,0.0,정상,0.0,0.0,정상,True
2020 10 30 10:53:54,0.0,정상,0.0,0.0,정상,True
2020 10 30 10:53:59,0.0,정상,0.0,0.0,정상,True
2020 10 30 10:54:04,0.0,정상,0.0,0.0,정상,True
2020 10 30 10:54:09,0.0,정상,0.0,0.0,정상,True
2020 10 30 10:54:14,0.0,정상,0.0,0.0,정상,True
2020 10 30 10:54:19,0.0,정상,0.0,0.0,정상,True
2020 10 30 10:54:24,0.0,정상,0.0,0.0,정상,True
2020 10 30 10:54:29,0.0,정상,0.0,0.0,정상,True
2020 10 30 10:54:34,0.0,정상,0.0,0.0,정상,True
2020 10 30 10:54:39,0.0,정상,0.0,0.0,정상,True
2020 10 30 10:54:44,0.0,정상,0.0,0.0,정상,True
2020 10 30 10:54:49,0.0,정상,0.0,0.0,정상,True
2020 10 30 10:54:54,0.0,정상,0.0,0.0,정상,True
2020 10 30 10:54:59,0.0,정상,0.0,0.0,정상,True
2020 10 30 10:55:04,0.0,정상,0.0,0.0,정상,True
2020 10 30 10:55:09,0.0,정상,0.0,0.0,정상,True
2020 10 30 10:55:14,0.0,정상,0.0,0.0,정상,True
2020 10 30 10:55:19,0.0,정상,0.0,0.0,정상,True
2020 10 30 10:55:24,0.0,정상,0.0,0.0,정상,True
2020 10 30 10:55:29,0.0,정상,0.0,0.0,정상,True
2020 10 30 10:55:34,0.0,정상,0.0,0.0,정상,True
2020 10 30 10:55:39,0.0,정상,0.0,0.0,정상,True
2020 10 30 10:55:44,0.0,정상,0.0,0.0,정상,True
2020 10 30 10:55:49,0.0,정상,0.0,0.0,정상,True
2020 10 30 10:55:54,0.0,정상,0.0,0.0,정상,True
2020 10 30 10:55:59,0.0,정상,0.0,0.0,정상,True
2020 10 30 10:56:04,0.0,정상,0.0,0.0,정상,True
2020 10 30 10:56:09,0.0,정상,0.0,0.0,정상,True
2020 10 30 10:56:14,0.0,정상,0.0,0.0,정상,True
2020 10 30 10:56:19,0.0,정상,0.0,0.0,정상,True
2020 10 30 10:56:24,0.0,정상,0.0,0.0,정상,True
2020 10 30 10:56:29,0.0,정상,0.0,0.0,정상,True
2020 10 30 10:56:34,0.0,정상,0.0,0.0,정상,True
2020 10 30 10:56:39,0.0,정상,0.0,0.0,정상,True
2020 10 30 10:56:44,0.0,정상,0.0,0.0,정상,True
2020 10 30 10:56:49,0.0,정상,0.0,0.0,정상,True
2020 10 30 10:56:54,0.0,정상,0.0,0.0,정상,True
2020 10 30 10:56:59,0.0,정상,0.0,0.0,정상,True
2020 10 30 10:57:04,0.0,정상,0.0,0.0,정상,True
2020 10 30 10:57:09,0.0,정상,0.0,0.0,정상,True
2020 10 30 10:57:14,0.0,정상,0.0,0.0,정상,True
2020 10 30 10:57:19,0.0,정상,0.0,0.0,정상,True
2020 10 30 10:57:24,0.0,정상,0.0,0.0,정상,True
2020 10 30 10:57:29,0.0,정상,0.0,0.0,정상,True
2020 10 30 10:57:34,0.0,정상,0.0,0.0,정상,True
2020 10 30 10:57:39,0.0,정상,0.0,0.0,정상,True
2020 10 30 10:57:44,0.0,정상,0.0,0.0,정상,True
2020 10 30 10:57:49,0.0,정상,0.0,0.0,정상,True
2020 10 30 10:57:54,0.0,정상,0.0,0.0,정상,True
2020 10 30 10:57:59,0.0,정상,0.0,0.0,정상,True
2020 10 30 10:58:04,0.0,정상,0.0,0.0,정상,True
2020 10 30 10:58:09,0.0,정상,0.0,0.0,정상,True
2020 10 30 10:58:14,0.0,정상,0.0,0.0,정상,True
2020 10 30 10:58:19,0.0,정상,0.0,0.0,정상,True
2020 10 30 10:58:24,0.0,정상,0.0,0.0,정상,True
2020 10 30 10:58:29,0.0,정상,0.0,0.0,정상,True
2020 10 30 10:58:34,0.0,정상,0.0,0.0,정상,True
2020 10 30 10:58:39,0.0,정상,0.0,0.0,정상,True
2020 10 30 10:58:44,0.0,정상,0.0,0.0,정상,True
2020 10 30 10:58:49,0.0,정상,0.0,0.0,정상,True
2020 10 30 10:58:54,0.0,정상,0.0,0.0,정상,True
2020 10 30 10:58:59,0.0,정상,0.0,0.0,정상,True
2020 10 30 10:59:04,0.0,정상,0.0,0.0,정상,True
2020 10 30 10:59:09,0.0,정상,0.0,0.0,정상,True
2020 10 30 10:59:14,0.0,정상,0.0,0.0,정상,True
2020 10 30 10:59:19,0.0,정상,0.0,0.0,정상,True
2020 10 30 10:59:24,0.0,정상,0.0,0.0,정상,True
2020 10 30 10:59:29,0.0,정상,0.0,0.0,정상,True
2020 10 30 10:59:34,0.0,정상,0.0,0.0,정상,True
2020 10 30 10:59:39,0.0,정상,0.0,0.0,정상,True
2020 10 30 10:59:44,0.0,정상,0.0,0.0,정상,True
2020 10 30 10:59:49,0.0,정상,0.0,0.0,정상,True
2020 10 30 10:59:54,0.0,정상,0.0,0.0,정상,True
2020 10 30 10:59:59,0.0,정상,0.0,0.0,정상,True
2020 10 30 11:00:04,0.0,정상,0.0,0.0,정상,True
2020 10 30 11:00:09,0.0,정상,0.0,0.0,정상,True
2020 10 30 11:00:14,0.0,정상,0.0,0.0,정상,True
2020 10 30 11:00:19,0.0,정상,0.0,0.0,정상,True
2020 10 30 11:00:24,0.0,정상,0.0,0.0,정상,True
2020 10 30 11:00:29,0.0,정상,0.0,0.0,정상,True
2020 10 30 11:00:34,0.0,정상,0.0,0.0,정상,True
2020 10 30 11:00:39,0.0,정상,0.0,0.0,정상,True
2020 10 30 11:00:44,0.0,정상,0.0,0.0,정상,True
2020 10 30 11:00:49,0.0,정상,0.0,0.0,정상,True
2020 10 30 11:00:54,0.0,정상,0.0,0.0,정상,True
2020 10 30 11:00:59,0.0,정상,0.0,0.0,정상,True
2020 10 30 11:01:04,0.0,정상,0.0,0.0,정상,True
2020 10 30 11:01:09,0.0,정상,0.0,0.0,정상,True
2020 10 30 11:01:14,0.0,정상,0.0,0.0,정상,True
2020 10 30 11:01:19,0.0,정상,0.0,0.0,정상,True
2020 10 30 11:01:24,0.0,정상,0.0,0.0,정상,True
2020 10 30 11:01:29,0.0,정상,0.0,0.0,정상,True
2020 10 30 11:01:34,0.0,정상,0.0,0.0,정상,True
2020 10 30 11:01:39,0.0,정상,0.0,0.0,정상,True
2020 10 30 11:01:44,0.0,정상,0.0,0.0,정상,True
2020 10 30 11:01:49,0.0,정상,0.0,0.0,정상,True
2020 10 30 11:01:54,0.0,정상,0.0,0.0,정상,True
2020 10 30 11:01:59,0.0,정상,0.0,0.0,정상,True
2020 10 30 11:02:04,0.0,정상,0.0,0.0,정상,True
2020 10 30 11:02:09,0.0,정상,0.0,0.0,정상,True
2020 10 30 11:02:14,0.0,정상,0.0,0.0,정상,True
2020 10 30 11:02:19,0.0,정상,0.0,0.0,정상,True
2020 10 30 11:02:24,0.0,정상,0.0,0.0,정상,True
2020 10 30 11:02:29,0.0,정상,0.0,0.0,정상,True
2020 10 30 11:02:34,0.0,정상,0.0,0.0,정상,True
2020 10 30 11:02:39,0.0,정상,0.0,0.0,정상,True
2020 10 30 11:02:44,0.0,정상,0.0,0.0,정상,True
2020 10 30 11:02:49,0.0,정상,0.0,0.0,정상,True
2020 10 30 11:02:54,0.0,정상,0.0,0.0,정상,True
2020 10 30 11:02:59,0.0,정상,0.0,0.0,정상,True
2020 10 30 11:03:04,0.0,정상,0.0,0.0,정상,True
2020 10 30 11:03:09,0.0,정상,0.0,0.0,정상,True
2020 10 30 11:03:14,0.0,정상,0.0,0.0,정상,True
2020 10 30 11:03:19,0.0,정상,0.0,0.0,정상,True
2020 10 30 11:03:24,0.0,정상,0.0,0.0,정상,True
2020 10 30 11:03:29,0.0,정상,0.0,0.0,정상,True
2020 10 30 11:03:34,0.0,정상,0.0,0.0,정상,True
2020 10 30 11:03:39,0.0,정상,0.0,0.0,정상,True
2020 10 30 11:03:44,0.0,정상,0.0,0.0,정상,True
2020 10 30 11:03:49,0.0,정상,0.0,0.0,정상,True
2020 10 30 11:03:54,0.0,정상,0.0,0.0,정상,True
2020 10 30 11:03:59,0.0,정상,0.0,0.0,정상,True
2020 10 30 11:04:04,0.0,정상,0.0,0.0,정상,True
2020 10 30 11:04:09,0.0,정상,0.0,0.0,정상,True
2020 10 30 11:04:14,0.0,정상,0.0,0.0,정상,True
2020 10 30 11:04:19,0.0,정상,0.0,0.0,정상,True
2020 10 30 11:04:24,0.0,정상,0.0,0.0,정상,True
2020 10 30 11:04:29,0.0,정상,0.0,0.0,정상,True
2020 10 30 11:04:34,0.0,정상,0.0,0.0,정상,True
2020 10 30 11:04:39,0.0,정상,0.0,0.0,정상,True
2020 10 30 11:04:44,0.0,정상,0.0,0.0,정상,True
2020 10 30 11:04:49,0.0,정상,0.0,0.0,정상,True
2020 10 30 11:04:54,0.0,정상,0.0,0.0,정상,True
2020 10 30 11:04:59,0.0,정상,0.0,0.0,정상,True
2020 10 30 11:05:04,0.0,정상,0.0,0.0,정상,True
2020 10 30 11:05:09,0.0,정상,0.0,0.0,정상,True
2020 10 30 11:05:14,0.0,정상,0.0,0.0,정상,True
2020 10 30 11:05:19,0.0,정상,0.0,0.0,정상,True
2020 10 30 11:05:24,0.0,정상,0.0,0.0,정상,True
2020 10 30 11:05:29,0.0,정상,0.0,0.0,정상,True
2020 10 30 11:05:34,0.0,정상,0.0,0.0,정상,True
2020 10 30 11:05:39,0.0,정상,0.0,0.0,정상,True
2020 10 30 11:05:44,0.0,정상,0.0,0.0,정상,True
2020 10 30 11:05:49,0.0,정상,0.0,0.0,정상,True
2020 10 30 11:05:54,0.0,정상,0.0,0.0,정상,True
2020 10 30 11:05:59,0.0,정상,0.0,0.0,정상,True
2020 10 30 11:06:04,0.0,정상,0.0,0.0,정상,True
2020 10 30 11:06:09,0.0,정상,0.0,0.0,정상,True
2020 10 30 11:06:14,0.0,정상,0.0,0.0,정상,True
2020 10 30 11:06:19,0.0,정상,0.0,0.0,정상,True
2020 10 30 11:06:24,0.0,정상,0.0,0.0,정상,True
2020 10 30 11:06:29,0.0,정상,0.0,0.0,정상,True
2020 10 30 11:06:34,0.0,정상,0.0,0.0,정상,True
2020 10 30 11:06:39,0.0,정상,0.0,0.0,정상,True
2020 10 30 11:06:44,0.0,정상,0.0,0.0,정상,True
2020 10 30 11:06:49,0.0,정상,0.0,0.0,정상,True
2020 10 30 11:06:54,0.0,정상,0.0,0.0,정상,True
2020 10 30 11:06:59,0.0,정상,0.0,0.0,정상,True
2020 10 30 11:07:04,0.0,정상,0.0,0.0,정상,True
2020 10 30 11:07:09,0.0,정상,0.0,0.0,정상,True
2020 10 30 11:07:14,0.0,정상,0.0,0.0,정상,True
2020 10 30 11:07:19,0.0,정상,0.0,0.0,정상,True
2020 10 30 11:07:24,0.0,정상,0.0,0.0,정상,True
2020 10 30 11:07:29,0.0,정상,0.0,0.0,정상,True
2020 10 30 11:07:34,0.0,정상,0.0,0.0,정상,True
2020 10 30 11:07:39,0.0,정상,0.0,0.0,정상,True
2020 10 30 11:07:44,0.0,정상,0.0,0.0,정상,True
2020 10 30 11:07:49,0.0,정상,0.0,0.0,정상,True
2020 10 30 11:07:54,0.0,정상,0.0,0.0,정상,True
2020 10 30 11:07:59,0.0,정상,0.0,0.0,정상,True
2020 10 30 11:08:04,0.0,정상,0.0,0.0,정상,True
2020 10 30 11:08:09,0.0,정상,0.0,0.0,정상,True
2020 10 30 11:08:14,0.0,정상,0.0,0.0,정상,True
2020 10 30 11:08:19,0.0,정상,0.0,0.0,정상,True
2020 10 30 11:08:24,0.0,정상,0.0,0.0,정상,True
2020 10 30 11:08:29,0.0,정상,0.0,0.0,정상,True
2020 10 30 11:08:34,0.0,정상,0.0,0.0,정상,True
2020 10 30 11:08:39,0.0,정상,0.0,0.0,정상,True
2020 10 30 11:08:44,0.0,정상,0.0,0.0,정상,True
2020 10 30 11:08:49,0.0,정상,0.0,0.0,정상,True
2020 10 30 11:08:54,0.0,정상,0.0,0.0,정상,True
2020 10 30 11:08:59,0.0,정상,0.0,0.0,정상,True
2020 10 30 11:09:04,0.0,정상,0.0,0.0,정상,True
2020 10 30 11:09:09,0.0,정상,0.0,0.0,정상,True
2020 10 30 11:09:14,0.0,정상,0.0,0.0,정상,True
2020 10 30 11:09:19,0.0,정상,0.0,0.0,정상,True
2020 10 30 11:09:24,0.0,정상,0.0,0.0,정상,True
2020 10 30 11:09:29,0.0,정상,0.0,0.0,정상,True
2020 10 30 11:09:34,0.0,정상,0.0,0.0,정상,True
2020 10 30 11:09:39,0.0,정상,0.0,0.0,정상,True
2020 10 30 11:09:44,0.0,정상,0.0,0.0,정상,True
2020 10 30 11:09:49,0.0,정상,0.0,0.0,정상,True
2020 10 30 11:09:54,0.0,정상,0.0,0.0,정상,True
2020 10 30 11:09:59,0.0,정상,0.0,0.0,정상,True
2020 10 30 11:10:04,0.0,정상,0.0,0.0,정상,True
2020 10 30 11:10:09,0.0,정상,0.0,0.0,정상,True
2020 10 30 11:10:14,0.0,정상,0.0,0.0,정상,True
2020 10 30 11:10:19,0.0,정상,0.0,0.0,정상,True
2020 10 30 11:10:24,0.0,정상,0.0,0.0,정상,True
2020 10 30 11:10:29,0.0,정상,0.0,0.0,정상,True
2020 10 30 11:10:34,0.0,정상,0.0,0.0,정상,True
2020 10 30 11:10:39,0.0,정상,0.0,0.0,정상,True
2020 10 30 11:10:44,0.0,정상,0.0,0.0,정상,True
2020 10 30 11:10:49,0.0,정상,0.0,0.0,정상,True
2020 10 30 11:10:54,0.0,정상,0.0,0.0,정상,True
2020 10 30 11:10:59,0.0,정상,0.0,0.0,정상,True
2020 10 30 11:11:04,0.0,정상,0.0,0.0,정상,True
2020 10 30 11:11:09,0.0,정상,0.0,0.0,정상,True
2020 10 30 11:11:14,0.0,정상,0.0,0.0,정상,True
2020 10 30 11:11:19,0.0,정상,0.0,0.0,정상,True
2020 10 30 11:11:24,0.0,정상,0.0,0.0,정상,True
2020 10 30 11:11:29,0.0,정상,0.0,0.0,정상,True
2020 10 30 11:11:34,0.0,정상,0.0,0.0,정상,True
2020 10 30 11:11:39,0.0,정상,0.0,0.0,정상,True
2020 10 30 11:11:44,0.0,정상,0.0,0.0,정상,True
2020 10 30 11:11:49,0.0,정상,0.0,0.0,정상,True
2020 10 30 11:11:54,0.0,정상,0.0,0.0,정상,True
2020 10 30 11:11:59,0.0,정상,0.0,0.0,정상,True
2020 10 30 11:12:04,0.0,정상,0.0,0.0,정상,True
2020 10 30 11:12:09,0.0,정상,0.0,0.0,정상,True
2020 10 30 11:12:14,0.0,정상,0.0,0.0,정상,True
2020 10 30 11:12:19,0.0,정상,0.0,0.0,정상,True
2020 10 30 11:12:24,0.0,정상,0.0,0.0,정상,True
2020 10 30 11:12:29,0.0,정상,0.0,0.0,정상,True
2020 10 30 11:12:34,0.0,정상,0.0,0.0,정상,True
2020 10 30 11:12:39,0.0,정상,0.0,0.0,정상,True
2020 10 30 11:12:44,0.0,정상,0.0,0.0,정상,True
2020 10 30 11:12:49,0.0,정상,0.0,0.0,정상,True
2020 10 30 11:12:54,0.0,정상,0.0,0.0,정상,True
2020 10 30 11:12:59,0.0,정상,0.0,0.0,정상,True
2020 10 30 11:13:04,0.0,정상,0.0,0.0,정상,True
2020 10 30 11:13:09,0.0,정상,0.0,0.0,정상,True
2020 10 30 11:13:14,0.0,정상,0.0,0.0,정상,True
2020 10 30 11:13:19,0.0,정상,0.0,0.0,정상,True
2020 10 30 11:13:24,0.0,정상,0.0,0.0,정상,True
2020 10 30 11:13:29,0.0,정상,0.0,0.0,정상,True
2020 10 30 11:13:34,0.0,정상,0.0,0.0,정상,True
2020 10 30 11:13:39,0.0,정상,0.0,0.0,정상,True
2020 10 30 11:13:44,0.0,정상,0.0,0.0,정상,True
2020 10 30 11:13:49,0.0,정상,0.0,0.0,정상,True
2020 10 30 11:13:54,0.0,정상,0.0,0.0,정상,True
2020 10 30 11:13:59,0.0,정상,0.0,0.0,정상,True
2020 10 30 11:14:04,0.0,정상,0.0,0.0,정상,True
2020 10 30 11:14:09,0.0,정상,0.0,0.0,정상,True
2020 10 30 11:14:14,0.0,정상,0.0,0.0,정상,True
2020 10 30 11:14:19,0.0,정상,0.0,0.0,정상,True
2020 10 30 11:14:24,0.0,정상,0.0,0.0,정상,True
2020 10 30 11:14:29,0.0,정상,0.0,0.0,정상,True
2020 10 30 11:14:34,0.0,정상,0.0,0.0,정상,True
2020 10 30 11:14:39,0.0,정상,0.0,0.0,정상,True
2020 10 30 11:14:44,0.0,정상,0.0007763157894736841,0.0,정상,True
2020 10 30 11:14:49,0.0,정상,0.00025,0.0,정상,True
2020 10 30 11:14:54,0.0,정상,0.0,0.0,정상,True
2020 10 30 11:14:59,0.0,정상,0.0,0.0,정상,True
2020 10 30 11:15:04,0.0,정상,0.0,0.0,정상,True
2020 10 30 11:15:09,0.0,정상,0.0,0.0,정상,True
2020 10 30 11:15:14,0.0,정상,0.0,0.0,정상,True
2020 10 30 11:15:19,0.0,정상,0.0,0.0,정상,True
2020 10 30 11:15:24,0.0,정상,0.0,0.0,정상,True
2020 10 30 11:15:29,0.0,정상,0.0,0.0,정상,True
2020 10 30 11:15:34,0.0,정상,0.0,0.0,정상,True
2020 10 30 11:15:39,0.0,정상,0.0,0.0,정상,True
2020 10 30 11:15:44,0.0,정상,0.0,0.0,정상,True
2020 10 30 11:15:49,0.0,정상,0.0,0.0,정상,True
2020 10 30 11:15:54,0.0,정상,0.0,0.0,정상,True
2020 10 30 11:15:59,0.0,정상,0.0,0.0,정상,True
2020 10 30 11:16:04,0.0,정상,0.0,0.0,정상,True
2020 10 30 11:16:09,0.0,정상,0.0,0.0,정상,True
2020 10 30 11:16:14,0.0,정상,0.0,0.0,정상,True
2020 10 30 11:16:19,0.0,정상,0.0,0.0,정상,True
2020 10 30 11:16:24,0.0,정상,0.0,0.0,정상,True
2020 10 30 11:16:29,0.0,정상,0.0,0.0,정상,True
2020 10 30 11:16:34,0.0,정상,0.0,0.0,정상,True
2020 10 30 11:16:39,0.0,정상,0.0,0.0,정상,True
2020 10 30 11:16:44,0.0,정상,0.0,0.0,정상,True
2020 10 30 11:16:49,0.0,정상,0.0,0.0,정상,True
2020 10 30 11:16:54,0.0,정상,0.0,0.0,정상,True
2020 10 30 11:16:59,0.0,정상,0.0,0.0,정상,True
2020 10 30 11:17:04,0.0,정상,0.0,0.0,정상,True
2020 10 30 11:17:09,0.0,정상,0.0,0.0,정상,True
2020 10 30 11:17:14,0.0,정상,0.0,0.0,정상,True
2020 10 30 11:17:19,0.0,정상,0.0,0.0,정상,True
2020 10 30 11:17:24,0.0,정상,0.0,0.0,정상,True
2020 10 30 11:17:29,0.0,정상,0.0,0.0,정상,True
2020 10 30 11:17:34,0.0,정상,0.0,0.0,정상,True
2020 10 30 11:17:39,0.0,정상,0.0,0.0,정상,True
2020 10 30 11:17:44,0.0,정상,0.0,0.0,정상,True
2020 10 30 11:17:49,0.0,정상,0.0,0.0,정상,True
2020 10 30 11:17:54,0.0,정상,0.0,0.0,정상,True
2020 10 30 11:17:59,0.0,정상,0.0,0.0,정상,True
2020 10 30 11:18:04,0.0,정상,0.0,0.0,정상,True
2020 10 30 11:18:09,0.0,정상,0.0,0.0,정상,True
2020 10 30 11:18:14,0.0,정상,0.0,0.0,정상,True
2020 10 30 11:18:19,0.0,정상,0.0,0.0,정상,True
2020 10 30 11:18:24,0.0,정상,0.0,0.0,정상,True
2020 10 30 11:18:29,0.0,정상,0.0,0.0,정상,True
2020 10 30 11:18:34,0.0,정상,0.0,0.0,정상,True
2020 10 30 11:18:39,0.0,정상,0.0,0.0,정상,True
2020 10 30 11:18:44,0.0,정상,0.0,0.0,정상,True
2020 10 30 11:18:49,0.0,정상,0.0,0.0,정상,True
2020 10 30 11:18:54,0.0,정상,0.0,0.0,정상,True
2020 10 30 11:18:59,0.0,정상,0.0,0.0,정상,True
2020 10 30 11:19:04,0.0,정상,0.0,0.0,정상,True
2020 10 30 11:19:09,0.0,정상,0.0,0.0,정상,True
2020 10 30 11:19:14,0.0,정상,0.0,0.0,정상,True
2020 10 30 11:19:19,0.0,정상,0.0,0.0,정상,True
2020 10 30 11:19:24,0.0,정상,0.0,0.0,정상,True
2020 10 30 11:19:29,0.0,정상,0.0,0.0,정상,True
2020 10 30 11:19:34,0.0,정상,0.0,0.0,정상,True
2020 10 30 11:19:39,0.0,정상,0.0,0.0,정상,True
2020 10 30 11:19:44,0.0,정상,0.0,0.0,정상,True
2020 10 30 11:19:49,0.0,정상,0.0,0.0,정상,True
2020 10 30 11:19:54,0.0,정상,0.0,0.0,정상,True
2020 10 30 11:19:59,0.0,정상,0.0,0.0,정상,True
2020 10 30 11:20:04,0.0,정상,0.0,0.0,정상,True
2020 10 30 11:20:09,0.0,정상,0.0,0.0,정상,True
2020 10 30 11:20:14,0.0,정상,0.0,0.0,정상,True
2020 10 30 11:20:19,0.0,정상,0.0,0.0,정상,True
2020 10 30 11:20:24,0.0,정상,0.0,0.0,정상,True
2020 10 30 11:20:29,0.0,정상,0.0,0.0,정상,True
2020 10 30 11:20:34,0.0,정상,0.0,0.0,정상,True
2020 10 30 11:20:39,0.0,정상,0.0,0.0,정상,True
2020 10 30 11:20:44,0.0,정상,0.0,0.0,정상,True
2020 10 30 11:20:49,0.0,정상,0.0,0.0,정상,True
2020 10 30 11:20:54,0.0,정상,0.0,0.0,정상,True
2020 10 30 11:20:59,0.0,정상,0.0,0.0,정상,True
2020 10 30 11:21:04,0.0,정상,0.0,0.0,정상,True
2020 10 30 11:21:09,0.0,정상,0.0,0.0,정상,True
2020 10 30 11:21:14,0.0,정상,0.0,0.0,정상,True
2020 10 30 11:21:19,0.0,정상,0.0,0.0,정상,True
2020 10 30 11:21:24,0.0,정상,0.0,0.0,정상,True
2020 10 30 11:21:29,0.0,정상,0.0,0.0,정상,True
2020 10 30 11:21:34,0.0,정상,0.0,0.0,정상,True
2020 10 30 11:21:39,0.0,정상,0.0,0.0,정상,True
2020 10 30 11:21:44,0.0,정상,0.0,0.0,정상,True
2020 10 30 11:21:49,0.0,정상,0.0,0.0,정상,True
2020 10 30 11:21:54,0.0,정상,0.0,0.0,정상,True
2020 10 30 11:21:59,0.0,정상,0.0,0.0,정상,True
2020 10 30 11:22:04,0.0,정상,0.0,0.0,정상,True
2020 10 30 11:22:09,0.0,정상,0.0,0.0,정상,True
2020 10 30 11:22:14,0.0,정상,0.0,0.0,정상,True
2020 10 30 11:22:19,0.0,정상,0.0,0.0,정상,True
2020 10 30 11:22:24,0.0,정상,0.0,0.0,정상,True
2020 10 30 11:22:29,0.0,정상,0.0,0.0,정상,True
2020 10 30 11:22:34,0.0,정상,0.0,0.0,정상,True
2020 10 30 11:22:39,0.0,정상,0.0,0.0,정상,True
2020 10 30 11:22:44,0.0,정상,0.0,0.0,정상,True
2020 10 30 11:22:49,0.0,정상,0.0,0.0,정상,True
2020 10 30 11:22:54,0.0,정상,0.0,0.0,정상,True
2020 10 30 11:22:59,0.0,정상,0.0,0.0,정상,True
2020 10 30 11:23:04,0.0,정상,0.0,0.0,정상,True
2020 10 30 11:23:09,0.0,정상,0.0,0.0,정상,True
2020 10 30 11:23:14,0.0,정상,0.0,0.0,정상,True
2020 10 30 11:23:19,0.0,정상,0.0,0.0,정상,True
2020 10 30 11:23:24,0.0,정상,0.0,0.0,정상,True
2020 10 30 11:23:29,0.0,정상,0.0,0.0,정상,True
2020 10 30 11:23:34,0.0,정상,0.0,0.0,정상,True
2020 10 30 11:23:39,0.0,정상,0.0,0.0,정상,True
2020 10 30 11:23:44,0.0,정상,0.0,0.0,정상,True
2020 10 30 11:23:49,0.0,정상,0.0,0.0,정상,True
2020 10 30 11:23:54,0.0,정상,0.0,0.0,정상,True
2020 10 30 11:23:59,0.0,정상,0.0,0.0,정상,True
2020 10 30 11:24:04,0.0,정상,0.0,0.0,정상,True
2020 10 30 11:24:09,0.0,정상,0.0,0.0,정상,True
2020 10 30 11:24:14,0.0,정상,0.0,0.0,정상,True
2020 10 30 11:24:19,0.0,정상,0.0,0.0,정상,True
2020 10 30 11:24:24,0.0,정상,0.0,0.0,정상,True
2020 10 30 11:24:29,0.0,정상,0.0,0.0,정상,True
2020 10 30 11:24:34,0.0,정상,0.0,0.0,정상,True
2020 10 30 11:24:39,0.0,정상,0.0,0.0,정상,True
2020 10 30 11:24:44,0.0,정상,0.0,0.0,정상,True
2020 10 30 11:24:49,0.0,정상,0.0,0.0,정상,True
2020 10 30 11:24:54,0.0,정상,0.0,0.0,정상,True
2020 10 30 11:24:59,0.0,정상,0.0,0.0,정상,True
2020 10 30 11:25:04,0.0,정상,0.0,0.0,정상,True
2020 10 30 11:25:09,0.0,정상,0.0,0.0,정상,True
2020 10 30 11:25:14,0.0,정상,0.0,0.0,정상,True
2020 10 30 11:25:19,0.0,정상,0.0,0.0,정상,True
2020 10 30 11:25:24,0.0,정상,0.0,0.0,정상,True
2020 10 30 11:25:29,0.0,정상,0.0,0.0,정상,True
2020 10 30 11:25:34,0.0,정상,0.0,0.0,정상,True
2020 10 30 11:25:39,0.0,정상,0.0,0.0,정상,True
2020 10 30 11:25:44,0.0,정상,0.0,0.0,정상,True
2020 10 30 11:25:49,0.0,정상,0.0,0.0,정상,True
2020 10 30 11:25:54,0.0,정상,0.0,0.0,정상,True
2020 10 30 11:25:59,0.0,정상,0.0,0.0,정상,True
2020 10 30 11:26:04,0.0,정상,0.0,0.0,정상,True
2020 10 30 11:26:09,0.0,정상,0.0,0.0,정상,True
2020 10 30 11:26:14,0.0,정상,0.0,0.0,정상,True
2020 10 30 11:26:19,0.0,정상,0.0,0.0,정상,True
2020 10 30 11:26:24,0.0,정상,0.0,0.0,정상,True
2020 10 30 11:26:29,0.0,정상,0.0,0.0,정상,True
2020 10 30 11:26:34,0.0,정상,0.0,0.0,정상,True
2020 10 30 11:26:39,0.0,정상,0.0,0.0,정상,True
2020 10 30 11:26:44,0.0,정상,0.0,0.0,정상,True
2020 10 30 11:26:49,0.0,정상,0.0,0.0,정상,True
2020 10 30 11:26:54,0.0,정상,0.0,0.0,정상,True
2020 10 30 11:26:59,0.0,정상,0.0,0.0,정상,True
2020 10 30 11:27:04,0.0,정상,0.0,0.0,정상,True
2020 10 30 11:27:09,0.0,정상,0.0,0.0,정상,True
2020 10 30 11:27:14,0.0,정상,0.0,0.0,정상,True
2020 10 30 11:27:19,0.0,정상,0.0,0.0,정상,True
2020 10 30 11:27:24,0.0,정상,0.0,0.0,정상,True
2020 10 30 11:27:29,0.0,정상,0.0,0.0,정상,True
2020 10 30 11:27:34,0.0,정상,0.0,0.0,정상,True
2020 10 30 11:27:39,0.0,정상,0.0,0.0,정상,True
2020 10 30 11:27:44,0.0,정상,0.0,0.0,정상,True
2020 10 30 11:27:49,0.0,정상,0.0,0.0,정상,True
2020 10 30 11:27:54,0.0,정상,0.0,0.0,정상,True
2020 10 30 11:27:59,0.0,정상,0.0,0.0,정상,True
2020 10 30 11:28:04,0.0,정상,0.0,0.0,정상,True
2020 10 30 11:28:09,0.0,정상,0.0,0.0,정상,True
2020 10 30 11:28:14,0.0,정상,0.0,0.0,정상,True
2020 10 30 11:28:19,0.0,정상,0.0,0.0,정상,True
2020 10 30 11:28:24,0.0,정상,0.0,0.0,정상,True
2020 10 30 11:28:29,0.0,정상,0.0,0.0,정상,True
2020 10 30 11:28:34,0.0,정상,0.0,0.0,정상,True
2020 10 30 11:28:39,0.0,정상,0.0,0.0,정상,True
2020 10 30 11:28:44,0.0,정상,0.0,0.0,정상,True
2020 10 30 11:28:49,0.0,정상,0.0,0.0,정상,True
2020 10 30 11:28:54,0.0,정상,0.0,0.0,정상,True
2020 10 30 11:28:59,0.0,정상,0.0,0.0,정상,True
2020 10 30 11:29:04,0.0,정상,0.0,0.0,정상,True
2020 10 30 11:29:09,0.0,정상,0.0,0.0,정상,True
2020 10 30 11:29:14,0.0,정상,0.0,0.0,정상,True
2020 10 30 11:29:19,0.0,정상,0.0,0.0,정상,True
2020 10 30 11:29:24,0.0,정상,0.0,0.0,정상,True
2020 10 30 11:29:29,0.0,정상,0.0,0.0,정상,True
2020 10 30 11:29:34,0.0,정상,0.0,0.0,정상,True
2020 10 30 11:29:39,0.0,정상,0.0,0.0,정상,True
2020 10 30 11:29:44,0.0,정상,0.0,0.0,정상,True
2020 10 30 11:29:49,0.0,정상,0.0,0.0,정상,True
2020 10 30 11:29:54,0.0,정상,0.0,0.0,정상,True
2020 10 30 11:29:59,0.0,정상,0.0,0.0,정상,True
2020 10 30 11:30:04,0.0,정상,0.0,0.0,정상,True
2020 10 30 11:30:09,0.0,정상,0.0,0.0,정상,True
2020 10 30 11:30:14,0.0,정상,0.0,0.0,정상,True
2020 10 30 11:30:19,0.0,정상,0.0,0.0,정상,True
2020 10 30 11:30:24,0.0,정상,0.0,0.0,정상,True
2020 10 30 11:30:29,0.0,정상,0.0,0.0,정상,True
2020 10 30 11:30:34,0.0,정상,0.0,0.0,정상,True
2020 10 30 11:30:39,0.0,정상,0.0,0.0,정상,True
2020 10 30 11:30:44,0.0,정상,0.0,0.0,정상,True
2020 10 30 11:30:49,0.0,정상,0.0,0.0,정상,True
2020 10 30 11:30:54,0.0,정상,0.0,0.0,정상,True
2020 10 30 11:30:59,0.0,정상,0.0,0.0,정상,True
2020 10 30 11:31:04,0.0,정상,0.0,0.0,정상,True
2020 10 30 11:31:09,0.0,정상,0.0,0.0,정상,True
2020 10 30 11:31:14,0.0,정상,0.0,0.0,정상,True
2020 10 30 11:31:19,0.0,정상,0.0,0.0,정상,True
2020 10 30 11:31:24,0.0,정상,0.0,0.0,정상,True
2020 10 30 11:31:29,0.0,정상,0.0,0.0,정상,True
2020 10 30 11:31:34,0.0,정상,0.0,0.0,정상,True
2020 10 30 11:31:39,0.0,정상,0.0,0.0,정상,True
2020 10 30 11:31:44,0.0,정상,0.0,0.0,정상,True
2020 10 30 11:31:49,0.0,정상,0.002751844890002785,0.0,정상,True
2020 10 30 11:31:54,0.0,정상,0.0007763157894736841,0.0,정상,True
2020 10 30 11:31:59,0.0,정상,0.0008511299943351115,0.0,정상,True
2020 10 30 11:32:04,0.0,정상,0.0031685429380254176,0.0,정상,True
2020 10 30 11:32:09,0.0,정상,0.0007763157894736841,0.0,정상,True
2020 10 30 11:32:14,0.0,정상,0.0007763157894736841,0.0,정상,True
2020 10 30 11:32:19,0.0,정상,0.002751844890002785,0.0,정상,True
2020 10 30 11:32:24,0.0,정상,0.002751844890002785,0.0,정상,True
2020 10 30 11:32:29,0.0,정상,0.00029191946801932194,0.0,정상,True
2020 10 30 11:32:34,0.0,정상,0.0005696972457970997,0.0,정상,True
2020 10 30 11:32:39,0.0,정상,0.0022255291005291006,0.0,정상,True
2020 10 30 11:32:44,0.0,정상,0.0008511299943351115,0.0,정상,True
2020 10 30 11:32:49,0.0,정상,0.0003248142048614272,0.0,정상,True
2020 10 30 11:32:54,0.0,정상,0.002751844890002785,0.0,정상,True
2020 10 30 11:32:59,0.0,정상,0.00025,0.0,정상,True
2020 10 30 11:33:04,0.0,정상,0.0003248142048614272,0.0,정상,True
2020 10 30 11:33:09,0.0,정상,0.00717432301477289,0.0,정상,True
2020 10 30 11:33:14,0.0,정상,0.00029854368932038833,0.0,정상,True
2020 10 30 11:33:19,0.0,정상,0.003085150433758458,0.0,정상,True
2020 10 30 11:33:24,0.0,정상,0.004174858403998091,0.0,정상,True
2020 10 30 11:33:29,0.0,정상,0.004174858403998091,0.0,정상,True
2020 10 30 11:33:34,0.0,정상,0.004174858403998091,0.0,정상,True
2020 10 30 11:33:39,0.0,정상,0.005546491085142555,0.0,정상,True
2020 10 30 11:33:44,0.0,정상,0.004132556658913046,0.0,정상,True
2020 10 30 11:33:49,0.0,정상,0.0015120029025152675,0.0,정상,True
2020 10 30 11:33:54,0.0,정상,0.0015120029025152675,0.0,정상,True
2020 10 30 11:33:59,0.0,정상,0.0012495697074010328,0.0,정상,True
2020 10 30 11:34:04,0.0,정상,0.0012495697074010328,0.0,정상,True
2020 10 30 11:34:09,0.0,정상,0.0002412033054923312,0.0,정상,True
2020 10 30 11:34:14,0.0,정상,4.858949951644667e-05,0.0,정상,True
2020 10 30 11:34:19,0.0,정상,0.0,0.0,정상,True
2020 10 30 11:34:24,0.0,정상,0.0,0.0,정상,True
2020 10 30 11:34:29,0.0,정상,0.0,0.0,정상,True
2020 10 30 11:34:34,0.0,정상,0.0,0.0,정상,True
2020 10 30 11:34:39,0.0,정상,0.000931419830197401,0.0,정상,True
2020 10 30 11:34:44,0.0,정상,0.000931419830197401,0.0,정상,True
2020 10 30 11:34:49,0.0,정상,0.00021636063884731706,0.0,정상,True
2020 10 30 11:34:54,0.0,정상,0.000931419830197401,0.0,정상,True
2020 10 30 11:34:59,0.0,정상,0.00021636063884731706,0.0,정상,True
2020 10 30 11:35:04,0.0,정상,2.4052946539624742e-05,0.0,정상,True
2020 10 30 11:35:09,0.0,정상,2.4052946539624742e-05,0.0,정상,True
2020 10 30 11:35:14,0.0,정상,0.00012981117079682874,0.0,정상,True
2020 10 30 11:35:19,0.0,정상,2.4052946539624742e-05,0.0,정상,True
2020 10 30 11:35:24,0.0,정상,2.4052946539624742e-05,0.0,정상,True
2020 10 30 11:35:29,0.0,정상,2.4052946539624742e-05,0.0,정상,True
2020 10 30 11:35:34,0.0,정상,2.4052946539624742e-05,0.0,정상,True
2020 10 30 11:35:39,0.0,정상,0.0005020024415614457,0.0,정상,True
2020 10 30 11:35:44,0.0,정상,0.0003380680153319375,0.0,정상,True
2020 10 30 11:35:49,0.0,정상,0.0003380680153319375,0.0,정상,True
2020 10 30 11:35:54,0.0,정상,0.0003380680153319375,0.0,정상,True
2020 10 30 11:35:59,0.0,정상,0.0003380680153319375,0.0,정상,True
2020 10 30 11:36:04,0.0,정상,0.0005020024415614457,0.0,정상,True
2020 10 30 11:36:09,0.0,정상,0.0003380680153319375,0.0,정상,True
2020 10 30 11:36:14,0.0,정상,0.0003380680153319375,0.0,정상,True
2020 10 30 11:36:19,0.0,정상,2.4052946539624742e-05,0.0,정상,True
2020 10 30 11:36:24,0.0,정상,2.4052946539624742e-05,0.0,정상,True
2020 10 30 11:36:29,0.0,정상,2.4052946539624742e-05,0.0,정상,True
2020 10 30 11:36:34,0.0,정상,2.4052946539624742e-05,0.0,정상,True
2020 10 30 11:36:39,0.0,정상,2.4052946539624742e-05,0.0,정상,True
2020 10 30 11:36:44,0.0,정상,0.0005371149255427986,0.0,정상,True
2020 10 30 11:36:49,0.0,정상,2.4052946539624742e-05,0.0,정상,True
2020 10 30 11:36:54,0.0,정상,2.4052946539624742e-05,0.0,정상,True
2020 10 30 11:36:59,0.0,정상,2.4052946539624742e-05,0.0,정상,True
2020 10 30 11:37:04,0.0,정상,2.4052946539624742e-05,0.0,정상,True
2020 10 30 11:37:09,0.0,정상,0.0005371149255427986,0.0,정상,True
2020 10 30 11:37:14,0.0,정상,0.0005371149255427986,0.0,정상,True
2020 10 30 11:37:19,0.0,정상,1.0799136069114471e-05,0.0,정상,True
2020 10 30 11:37:24,0.0,정상,2.4052946539624742e-05,0.0,정상,True
2020 10 30 11:37:29,0.0,정상,2.4052946539624742e-05,0.0,정상,True
2020 10 30 11:37:34,0.0,정상,0.0005371149255427986,0.0,정상,True
2020 10 30 11:37:39,0.0,정상,0.0005371149255427986,0.0,정상,True
2020 10 30 11:37:44,0.0,정상,1.0799136069114471e-05,0.0,정상,True
2020 10 30 11:37:49,0.0,정상,1.0799136069114471e-05,0.0,정상,True
2020 10 30 11:37:54,0.0,정상,2.4052946539624742e-05,0.0,정상,True
2020 10 30 11:37:59,0.0,정상,0.0,0.0,정상,True
2020 10 30 11:38:04,0.0,정상,0.0,0.0,정상,True
2020 10 30 11:38:09,0.0,정상,0.0,0.0,정상,True
2020 10 30 11:38:14,0.0,정상,0.0,0.0,정상,True
2020 10 30 11:38:19,0.0,정상,0.0,0.0,정상,True
2020 10 30 11:38:24,0.0,정상,0.0,0.0,정상,True
2020 10 30 11:38:29,0.0,정상,0.0,0.0,정상,True
2020 10 30 11:38:34,0.0,정상,0.0,0.0,정상,True
2020 10 30 11:38:39,0.0,정상,0.0,0.0,정상,True
2020 10 30 11:38:44,0.0,정상,0.0,0.0,정상,True
2020 10 30 11:38:49,0.0,정상,0.0,0.0,정상,True
2020 10 30 11:38:54,0.0,정상,0.0,0.0,정상,True
2020 10 30 11:38:59,0.0,정상,0.0,0.0,정상,True
2020 10 30 11:39:04,0.0,정상,0.0,0.0,정상,True
2020 10 30 11:39:09,0.0,정상,0.0,0.0,정상,True
2020 10 30 11:39:14,0.0,정상,0.0,0.0,정상,True
2020 10 30 11:39:19,0.0,정상,0.0,0.0,정상,True
2020 10 30 11:39:24,0.0,정상,0.0,0.0,정상,True
2020 10 30 11:39:29,0.0,정상,0.0,0.0,정상,True
2020 10 30 11:39:34,0.0,정상,0.0,0.0,정상,True
2020 10 30 11:39:39,0.0,정상,0.0,0.0,정상,True
2020 10 30 11:39:44,0.0,정상,0.0,0.0,정상,True
2020 10 30 11:39:49,0.0,정상,0.0,0.0,정상,True
2020 10 30 11:39:54,0.0,정상,0.0,0.0,정상,True
2020 10 30 11:39:59,0.0,정상,0.0,0.0,정상,True
2020 10 30 11:40:04,0.0,정상,0.0,0.0,정상,True
2020 10 30 11:40:09,0.0,정상,0.0006760209605473994,0.0,정상,True
2020 10 30 11:40:14,0.0,정상,0.0006760209605473994,0.0,정상,True
2020 10 30 11:40:19,0.0,정상,0.0,0.0,정상,True
2020 10 30 11:40:24,0.0,정상,0.0,0.0,정상,True
2020 10 30 11:40:29,0.0,정상,0.0006760209605473994,0.0,정상,True
2020 10 30 11:40:34,0.0,정상,0.0006760209605473994,0.0,정상,True
2020 10 30 11:40:39,0.0,정상,0.0,0.0,정상,True
2020 10 30 11:40:44,0.0,정상,0.0,0.0,정상,True
2020 10 30 11:40:49,0.0,정상,5.517327848983221e-05,0.0,정상,True
2020 10 30 11:40:54,0.0,정상,0.0,0.0,정상,True
2020 10 30 11:40:59,0.0,정상,5.517327848983221e-05,0.0,정상,True
2020 10 30 11:41:04,0.0,정상,4.4374142420717735e-05,0.0,정상,True
2020 10 30 11:41:09,0.0,정상,5.517327848983221e-05,0.0,정상,True
2020 10 30 11:41:14,0.0,정상,5.517327848983221e-05,0.0,정상,True
2020 10 30 11:41:19,0.0,정상,5.517327848983221e-05,0.0,정상,True
2020 10 30 11:41:24,0.0,정상,5.517327848983221e-05,0.0,정상,True
2020 10 30 11:41:29,0.0,정상,2.4052946539624742e-05,0.0,정상,True
2020 10 30 11:41:34,0.0,정상,2.4052946539624742e-05,0.0,정상,True
2020 10 30 11:41:39,0.0,정상,1.0799136069114471e-05,0.0,정상,True
2020 10 30 11:41:44,0.0,정상,9.447548175089234e-05,0.0,정상,True
2020 10 30 11:41:49,0.0,정상,1.0799136069114471e-05,0.0,정상,True
2020 10 30 11:41:54,0.0,정상,8.122167128038208e-05,0.0,정상,True
2020 10 30 11:41:59,0.0,정상,1.0799136069114471e-05,0.0,정상,True
2020 10 30 11:42:04,0.0,정상,1.0799136069114471e-05,0.0,정상,True
2020 10 30 11:42:09,0.0,정상,8.122167128038208e-05,0.0,정상,True
2020 10 30 11:42:14,0.0,정상,8.122167128038208e-05,0.0,정상,True
2020 10 30 11:42:19,0.0,정상,1.0799136069114471e-05,0.0,정상,True
2020 10 30 11:42:24,0.0,정상,8.122167128038208e-05,0.0,정상,True
2020 10 30 11:42:29,0.0,정상,8.122167128038208e-05,0.0,정상,True
2020 10 30 11:42:34,0.0,정상,8.122167128038208e-05,0.0,정상,True
2020 10 30 11:42:39,0.0,정상,8.122167128038208e-05,0.0,정상,True
2020 10 30 11:42:44,0.0,정상,8.122167128038208e-05,0.0,정상,True
2020 10 30 11:42:49,0.0,정상,8.122167128038208e-05,0.0,정상,True
2020 10 30 11:42:54,0.0,정상,8.122167128038208e-05,0.0,정상,True
2020 10 30 11:42:59,0.0,정상,8.122167128038208e-05,0.0,정상,True
2020 10 30 11:43:04,0.0,정상,8.122167128038208e-05,0.0,정상,True
2020 10 30 11:43:09,0.0,정상,0.0003679419932119716,0.0,정상,True
2020 10 30 11:43:14,0.0,정상,0.0,0.0,정상,True
2020 10 30 11:43:19,0.0,정상,0.0025901642154341938,0.0,정상,True
2020 10 30 11:43:24,0.0,정상,0.0003679419932119716,0.0,정상,True
2020 10 30 11:43:29,0.0,정상,0.0,0.0,정상,True
2020 10 30 11:43:34,0.0,정상,1.0799136069114471e-05,0.0,정상,True
2020 10 30 11:43:39,0.0,정상,0.00011764705882352942,0.0,정상,True
2020 10 30 11:43:44,0.0,정상,1.0799136069114471e-05,0.0,정상,True
2020 10 30 11:43:49,0.0,정상,0.00015956652684285134,0.0,정상,True
2020 10 30 11:43:54,0.0,정상,0.0,0.0,정상,True
2020 10 30 11:43:59,0.0,정상,0.0009801140452914193,0.0,정상,True
2020 10 30 11:44:04,0.0,정상,0.00023622413392234364,0.0,정상,True
2020 10 30 11:44:09,0.0,정상,0.00023622413392234364,0.0,정상,True
2020 10 30 11:44:14,0.0,정상,0.0003990623251621791,0.0,정상,True
2020 10 30 11:44:19,0.0,정상,0.0003990623251621791,0.0,정상,True
2020 10 30 11:44:24,0.0,정상,0.0003990623251621791,0.0,정상,True
2020 10 30 11:44:29,0.0,정상,0.0049102225204655965,0.0,정상,True
2020 10 30 11:44:34,0.0,정상,0.01588090582992985,0.0,정상,True
2020 10 30 11:44:39,0.0,정상,0.002585037865438197,0.0,정상,True
2020 10 30 11:44:44,0.0,정상,0.004873908331739657,0.0,정상,True
2020 10 30 11:44:49,0.0,정상,0.004948722536601084,0.0,정상,True
2020 10 30 11:44:54,0.0,정상,0.003555870821653165,0.0,정상,True
2020 10 30 11:44:59,0.0,정상,0.0035691246321236754,0.0,정상,True
2020 10 30 11:45:04,0.0,정상,0.0003380680153319375,0.0,정상,True
2020 10 30 11:45:09,0.0,정상,0.0032824043101920856,0.0,정상,True
2020 10 30 11:45:14,0.0,정상,0.002981051188882514,0.0,정상,True
2020 10 30 11:45:19,0.0,정상,0.00025,0.0,정상,True
2020 10 30 11:45:24,0.0,정상,0.0003380680153319375,0.0,정상,True
2020 10 30 11:45:29,0.0,정상,0.0014697011574302224,0.0,정상,True
2020 10 30 11:45:34,0.0,정상,0.00025,0.0,정상,True
2020 10 30 11:45:39,0.0,정상,0.0,0.0,정상,True
2020 10 30 11:45:44,0.0,정상,0.00025,0.0,정상,True
2020 10 30 11:45:49,0.0,정상,0.00025,0.0,정상,True
2020 10 30 11:45:54,0.0,정상,0.00025,0.0,정상,True
2020 10 30 11:45:59,0.0,정상,0.0003380680153319375,0.0,정상,True
2020 10 30 11:46:04,0.0,정상,0.002981051188882514,0.0,정상,True
2020 10 30 11:46:09,0.0,정상,0.00025,0.0,정상,True
2020 10 30 11:46:14,0.0,정상,0.00025,0.0,정상,True
2020 10 30 11:46:19,0.0,정상,0.00025,0.0,정상,True
2020 10 30 11:46:24,0.0,정상,0.00025,0.0,정상,True
2020 10 30 11:46:29,0.0,정상,0.0003380680153319375,0.0,정상,True
2020 10 30 11:46:34,0.0,정상,0.00029854368932038833,0.0,정상,True
2020 10 30 11:46:39,0.0,정상,0.0011052351864337022,0.0,정상,True
2020 10 30 11:46:44,0.0,정상,0.00029854368932038833,0.0,정상,True
2020 10 30 11:46:49,0.0,정상,0.00029854368932038833,0.0,정상,True
2020 10 30 11:46:54,0.0,정상,0.0015763776974175544,0.0,정상,True
2020 10 30 11:46:59,0.0,정상,0.00029854368932038833,0.0,정상,True
2020 10 30 11:47:04,0.0,정상,0.0010500619079438702,0.0,정상,True
2020 10 30 11:47:09,0.0,정상,0.00029854368932038833,0.0,정상,True
2020 10 30 11:47:14,0.0,정상,0.0010500619079438702,0.0,정상,True
2020 10 30 11:47:19,0.0,정상,0.00029854368932038833,0.0,정상,True
2020 10 30 11:47:24,0.0,정상,0.00029854368932038833,0.0,정상,True
2020 10 30 11:47:29,0.0,정상,3.289473684210526e-05,0.0,정상,True
2020 10 30 11:47:34,0.0,정상,0.000523746118470186,0.0,정상,True
2020 10 30 11:47:39,0.0,정상,0.000523746118470186,0.0,정상,True
2020 10 30 11:47:44,0.0,정상,0.000523746118470186,0.0,정상,True
2020 10 30 11:47:49,0.0,정상,0.000523746118470186,0.0,정상,True
2020 10 30 11:47:54,0.0,정상,0.000523746118470186,0.0,정상,True
2020 10 30 11:47:59,0.0,정상,0.000523746118470186,0.0,정상,True
2020 10 30 11:48:04,0.0,정상,0.000523746118470186,0.0,정상,True
2020 10 30 11:48:09,0.0,정상,3.289473684210526e-05,0.0,정상,True
2020 10 30 11:48:14,0.0,정상,0.0,0.0,정상,True
2020 10 30 11:48:19,0.0,정상,6.401506879231272e-05,0.0,정상,True
2020 10 30 11:48:24,0.0,정상,6.401506879231272e-05,0.0,정상,True
2020 10 30 11:48:29,0.0,정상,0.0005656655864895078,0.0,정상,True
2020 10 30 11:48:34,0.0,정상,7.7268879262823e-05,0.0,정상,True
2020 10 30 11:48:39,0.0,정상,0.0005656655864895078,0.0,정상,True
2020 10 30 11:48:44,0.0,정상,0.0008105486274251804,0.0,정상,True
2020 10 30 11:48:49,0.0,정상,0.0008105486274251804,0.0,정상,True
2020 10 30 11:48:54,0.0,정상,0.0005656655864895078,0.0,정상,True
2020 10 30 11:48:59,0.0,정상,0.0005903308582659969,0.0,정상,True
2020 10 30 11:49:04,0.0,정상,0.0005574361214238917,0.0,정상,True
2020 10 30 11:49:09,0.0,정상,3.112033195020747e-05,0.0,정상,True
2020 10 30 11:49:14,0.0,정상,0.0027675190949660155,0.0,정상,True
2020 10 30 11:49:19,0.0,정상,0.0005903308582659969,0.0,정상,True
2020 10 30 11:49:24,0.0,정상,0.012135590921521708,0.0,정상,True
2020 10 30 11:49:29,0.0,정상,0.0018531543761375403,0.0,정상,True
2020 10 30 11:49:34,0.0,정상,0.0005903308582659969,0.0,정상,True
2020 10 30 11:49:39,0.0,정상,6.401506879231272e-05,0.0,정상,True
2020 10 30 11:49:44,0.0,정상,6.401506879231272e-05,0.0,정상,True
2020 10 30 11:49:49,0.0,정상,0.0006035846687365073,0.0,정상,True
2020 10 30 11:49:54,0.0,정상,0.0027675190949660155,0.0,정상,True
2020 10 30 11:49:59,0.0,정상,6.401506879231272e-05,0.0,정상,True
2020 10 30 11:50:04,0.0,정상,0.012984838518820336,0.0,정상,True
2020 10 30 11:50:09,0.0,정상,0.012998092329290844,0.0,정상,True
2020 10 30 11:50:14,0.0,정상,7.7268879262823e-05,0.0,정상,True
2020 10 30 11:50:19,0.0,정상,7.7268879262823e-05,0.0,정상,True
2020 10 30 11:50:24,0.0,정상,0.0006035846687365073,0.0,정상,True
2020 10 30 11:50:29,0.0,정상,7.7268879262823e-05,0.0,정상,True
2020 10 30 11:50:34,0.0,정상,7.7268879262823e-05,0.0,정상,True
2020 10 30 11:50:39,0.0,정상,7.7268879262823e-05,0.0,정상,True
2020 10 30 11:50:44,0.0,정상,7.7268879262823e-05,0.0,정상,True
2020 10 30 11:50:49,0.0,정상,7.7268879262823e-05,0.0,정상,True
2020 10 30 11:50:54,0.0,정상,0.0021360924086745877,0.0,정상,True
2020 10 30 11:50:59,0.0,정상,0.0021360924086745877,0.0,정상,True
2020 10 30 11:51:04,0.0,정상,0.0005395695999441945,0.0,정상,True
2020 10 30 11:51:09,0.0,정상,0.002072077339882275,0.0,정상,True
2020 10 30 11:51:14,0.0,정상,0.0005395695999441945,0.0,정상,True
2020 10 30 11:51:19,0.0,정상,0.002072077339882275,0.0,정상,True
2020 10 30 11:51:24,0.0,정상,0.0007426764283210013,0.0,정상,True
2020 10 30 11:51:29,0.0,정상,0.0022751841682590816,0.0,정상,True
2020 10 30 11:51:34,0.0,정상,0.001992676428321001,0.0,정상,True
2020 10 30 11:51:39,0.0,정상,0.002072077339882275,0.0,정상,True
2020 10 30 11:51:44,0.0,정상,0.0005395695999441945,0.0,정상,True
2020 10 30 11:51:49,0.0,정상,0.0035251841682590814,0.0,정상,True
2020 10 30 11:51:54,0.0,정상,0.002072077339882275,0.0,정상,True
2020 10 30 11:51:59,0.0,정상,0.0007426764283210013,0.0,정상,True
2020 10 30 11:52:04,0.0,정상,0.0025851393188854486,0.0,정상,True
2020 10 30 11:52:09,0.0,정상,0.00041705612691218265,0.0,정상,True
2020 10 30 11:52:14,0.0,정상,2.4052946539624742e-05,0.0,정상,True
2020 10 30 11:52:19,0.0,정상,1.0799136069114471e-05,0.0,정상,True
2020 10 30 11:52:24,0.0,정상,0.0022751841682590816,0.0,정상,True
2020 10 30 11:52:29,0.0,정상,0.001992676428321001,0.0,정상,True
2020 10 30 11:52:34,0.0,정상,2.4052946539624742e-05,0.0,정상,True
2020 10 30 11:52:39,0.0,정상,2.4052946539624742e-05,0.0,정상,True
2020 10 30 11:52:44,0.0,정상,2.4052946539624742e-05,0.0,정상,True
2020 10 30 11:52:49,0.0,정상,2.4052946539624742e-05,0.0,정상,True
2020 10 30 11:52:54,0.0,정상,2.4052946539624742e-05,0.0,정상,True
2020 10 30 11:52:59,0.0,정상,2.4052946539624742e-05,0.0,정상,True
2020 10 30 11:53:04,0.0,정상,1.0799136069114471e-05,0.0,정상,True
2020 10 30 11:53:09,0.0,정상,2.4052946539624742e-05,0.0,정상,True
2020 10 30 11:53:14,0.0,정상,2.4052946539624742e-05,0.0,정상,True
2020 10 30 11:53:19,0.0,정상,1.0799136069114471e-05,0.0,정상,True
2020 10 30 11:53:24,0.0,정상,2.4052946539624742e-05,0.0,정상,True
2020 10 30 11:53:29,0.0,정상,2.4052946539624742e-05,0.0,정상,True
2020 10 30 11:53:34,0.0,정상,1.0799136069114471e-05,0.0,정상,True
2020 10 30 11:53:39,0.0,정상,2.4052946539624742e-05,0.0,정상,True
2020 10 30 11:53:44,0.0,정상,1.0799136069114471e-05,0.0,정상,True
2020 10 30 11:53:49,0.0,정상,0.0005371149255427986,0.0,정상,True
2020 10 30 11:53:54,0.0,정상,0.0005371149255427986,0.0,정상,True
2020 10 30 11:53:59,0.0,정상,0.0005371149255427986,0.0,정상,True
2020 10 30 11:54:04,0.0,정상,0.0005371149255427986,0.0,정상,True
2020 10 30 11:54:09,0.0,정상,0.0005371149255427986,0.0,정상,True
2020 10 30 11:54:14,0.0,정상,0.0005371149255427986,0.0,정상,True
2020 10 30 11:54:19,0.0,정상,0.0005371149255427986,0.0,정상,True
2020 10 30 11:54:24,0.0,정상,0.0005371149255427986,0.0,정상,True
2020 10 30 11:54:29,0.0,정상,1.0799136069114471e-05,0.0,정상,True
2020 10 30 11:54:34,0.0,정상,0.0005371149255427986,0.0,정상,True
2020 10 30 11:54:39,0.0,정상,0.0005371149255427986,0.0,정상,True
2020 10 30 11:54:44,0.0,정상,0.0005371149255427986,0.0,정상,True
2020 10 30 11:54:49,0.0,정상,0.0005371149255427986,0.0,정상,True
2020 10 30 11:54:54,0.0,정상,0.0005371149255427986,0.0,정상,True
2020 10 30 11:54:59,0.0,정상,0.0005371149255427986,0.0,정상,True
2020 10 30 11:55:04,0.0,정상,0.0005371149255427986,0.0,정상,True
2020 10 30 11:55:09,0.0,정상,0.0,0.0,정상,True
2020 10 30 11:55:14,0.0,정상,0.0005263157894736842,0.0,정상,True
2020 10 30 11:55:19,0.0,정상,0.0005263157894736842,0.0,정상,True
2020 10 30 11:55:24,0.0,정상,0.0005263157894736842,0.0,정상,True
2020 10 30 11:55:29,0.0,정상,0.0005903308582659969,0.0,정상,True
2020 10 30 11:55:34,0.0,정상,0.0005592105263157894,0.0,정상,True
2020 10 30 11:55:39,0.0,정상,0.0005592105263157894,0.0,정상,True
2020 10 30 11:55:44,0.0,정상,0.0005592105263157894,0.0,정상,True
2020 10 30 11:55:49,0.0,정상,0.0005592105263157894,0.0,정상,True
2020 10 30 11:55:54,0.0,정상,0.0005592105263157894,0.0,정상,True
2020 10 30 11:55:59,0.0,정상,0.0005592105263157894,0.0,정상,True
2020 10 30 11:56:04,0.0,정상,0.0005592105263157894,0.0,정상,True
2020 10 30 11:56:09,0.0,정상,0.0005592105263157894,0.0,정상,True
2020 10 30 11:56:14,0.0,정상,0.0005592105263157894,0.0,정상,True
2020 10 30 11:56:19,0.0,정상,0.0005592105263157894,0.0,정상,True
2020 10 30 11:56:24,0.0,정상,0.0005592105263157894,0.0,정상,True
2020 10 30 11:56:29,0.0,정상,0.0005592105263157894,0.0,정상,True
2020 10 30 11:56:34,0.0,정상,0.0005592105263157894,0.0,정상,True
2020 10 30 11:56:39,0.0,정상,0.0005592105263157894,0.0,정상,True
2020 10 30 11:56:44,0.0,정상,0.0010855263157894736,0.0,정상,True
2020 10 30 11:56:49,0.0,정상,0.0010500619079438702,0.0,정상,True
2020 10 30 11:56:54,0.0,정상,0.002826377697417555,0.0,정상,True
2020 10 30 11:56:59,0.0,정상,0.0010855263157894736,0.0,정상,True
2020 10 30 11:57:04,0.0,정상,0.0010855263157894736,0.0,정상,True
2020 10 30 11:57:09,0.0,정상,0.00230006190794387,0.0,정상,True
2020 10 30 11:57:14,0.0,정상,0.0010855263157894736,0.0,정상,True
2020 10 30 11:57:19,0.0,정상,0.0010500619079438702,0.0,정상,True
2020 10 30 11:57:24,0.0,정상,0.0005903308582659969,0.0,정상,True
2020 10 30 11:57:29,0.0,정상,0.0005903308582659969,0.0,정상,True
2020 10 30 11:57:34,0.0,정상,0.0005903308582659969,0.0,정상,True
2020 10 30 11:57:39,0.0,정상,0.0005903308582659969,0.0,정상,True
2020 10 30 11:57:44,0.0,정상,0.0010919813759631921,0.0,정상,True
2020 10 30 11:57:49,0.0,정상,6.401506879231272e-05,0.0,정상,True
2020 10 30 11:57:54,0.0,정상,0.0003248142048614272,0.0,정상,True
2020 10 30 11:57:59,0.0,정상,6.401506879231272e-05,0.0,정상,True
2020 10 30 11:58:04,0.0,정상,6.401506879231272e-05,0.0,정상,True
2020 10 30 11:58:09,0.0,정상,0.0014564473469597119,0.0,정상,True
2020 10 30 11:58:14,0.0,정상,0.0014564473469597119,0.0,정상,True
2020 10 30 11:58:19,0.0,정상,0.0014564473469597119,0.0,정상,True
2020 10 30 11:58:24,0.0,정상,0.0014697011574302224,0.0,정상,True
2020 10 30 11:58:29,0.0,정상,6.401506879231272e-05,0.0,정상,True
2020 10 30 11:58:34,0.0,정상,0.0014697011574302224,0.0,정상,True
2020 10 30 11:58:39,0.0,정상,0.0014697011574302224,0.0,정상,True
2020 10 30 11:58:44,0.0,정상,0.0014697011574302224,0.0,정상,True
2020 10 30 11:58:49,0.0,정상,4.4374142420717735e-05,0.0,정상,True
2020 10 30 11:58:54,0.0,정상,0.00015190102414114784,0.0,정상,True
2020 10 30 11:58:59,0.0,정상,0.00015190102414114784,0.0,정상,True
2020 10 30 11:59:04,0.0,정상,4.4374142420717735e-05,0.0,정상,True
2020 10 30 11:59:09,0.0,정상,5.517327848983221e-05,0.0,정상,True
2020 10 30 11:59:14,0.0,정상,0.00015190102414114784,0.0,정상,True
2020 10 30 11:59:19,0.0,정상,0.0005198430173531194,0.0,정상,True
2020 10 30 11:59:24,0.0,정상,2.4052946539624742e-05,0.0,정상,True
2020 10 30 11:59:29,0.0,정상,5.517327848983221e-05,0.0,정상,True
2020 10 30 11:59:34,0.0,정상,2.4052946539624742e-05,0.0,정상,True
2020 10 30 11:59:39,0.0,정상,2.4052946539624742e-05,0.0,정상,True
2020 10 30 11:59:44,0.0,정상,5.517327848983221e-05,0.0,정상,True
2020 10 30 11:59:49,0.0,정상,2.4052946539624742e-05,0.0,정상,True
2020 10 30 11:59:54,0.0,정상,2.4052946539624742e-05,0.0,정상,True
2020 10 30 11:59:59,0.0,정상,5.517327848983221e-05,0.0,정상,True
2020 10 30 12:00:04,0.0,정상,2.4052946539624742e-05,0.0,정상,True
2020 10 30 12:00:09,0.0,정상,2.4052946539624742e-05,0.0,정상,True
2020 10 30 12:00:14,0.0,정상,2.4052946539624742e-05,0.0,정상,True
2020 10 30 12:00:19,0.0,정상,2.4052946539624742e-05,0.0,정상,True
2020 10 30 12:00:24,0.0,정상,2.4052946539624742e-05,0.0,정상,True
2020 10 30 12:00:29,0.0,정상,2.4052946539624742e-05,0.0,정상,True
2020 10 30 12:00:34,0.0,정상,2.4052946539624742e-05,0.0,정상,True
2020 10 30 12:00:39,0.0,정상,2.4052946539624742e-05,0.0,정상,True
2020 10 30 12:00:44,0.0,정상,2.4052946539624742e-05,0.0,정상,True
2020 10 30 12:00:49,0.0,정상,5.517327848983221e-05,0.0,정상,True
2020 10 30 12:00:54,0.0,정상,0.0,0.0,정상,True
2020 10 30 12:00:59,0.0,정상,0.0,0.0,정상,True
2020 10 30 12:01:04,0.0,정상,5.517327848983221e-05,0.0,정상,True
2020 10 30 12:01:09,0.0,정상,0.0,0.0,정상,True
2020 10 30 12:01:14,0.0,정상,0.0,0.0,정상,True
2020 10 30 12:01:19,0.0,정상,0.0,0.0,정상,True
2020 10 30 12:01:24,0.0,정상,0.0,0.0,정상,True
2020 10 30 12:01:29,0.0,정상,0.0,0.0,정상,True
2020 10 30 12:01:34,0.0,정상,0.0,0.0,정상,True
2020 10 30 12:01:39,0.0,정상,0.0,0.0,정상,True
2020 10 30 12:01:44,0.0,정상,0.0,0.0,정상,True
2020 10 30 12:01:49,0.0,정상,0.0,0.0,정상,True
2020 10 30 12:01:54,0.0,정상,0.0,0.0,정상,True
2020 10 30 12:01:59,0.0,정상,0.0,0.0,정상,True
2020 10 30 12:02:04,0.0,정상,0.0,0.0,정상,True
2020 10 30 12:02:09,0.0,정상,2.4052946539624742e-05,0.0,정상,True
2020 10 30 12:02:14,0.0,정상,2.4052946539624742e-05,0.0,정상,True
2020 10 30 12:02:19,0.0,정상,2.4052946539624742e-05,0.0,정상,True
2020 10 30 12:02:24,0.0,정상,2.4052946539624742e-05,0.0,정상,True
2020 10 30 12:02:29,0.0,정상,1.3253810470510272e-05,0.0,정상,True
2020 10 30 12:02:34,0.0,정상,1.3253810470510272e-05,0.0,정상,True
2020 10 30 12:02:39,0.0,정상,1.3253810470510272e-05,0.0,정상,True
2020 10 30 12:02:44,0.0,정상,1.3253810470510272e-05,0.0,정상,True
2020 10 30 12:02:49,0.0,정상,1.3253810470510272e-05,0.0,정상,True
2020 10 30 12:02:54,0.0,정상,1.3253810470510272e-05,0.0,정상,True
2020 10 30 12:02:59,0.0,정상,0.0,0.0,정상,True
2020 10 30 12:03:04,0.0,정상,0.0,0.0,정상,True
2020 10 30 12:03:09,0.0,정상,0.0,0.0,정상,True
2020 10 30 12:03:14,0.0,정상,0.0,0.0,정상,True
2020 10 30 12:03:19,0.0,정상,0.0,0.0,정상,True
2020 10 30 12:03:24,0.0,정상,0.0,0.0,정상,True
2020 10 30 12:03:29,0.0,정상,0.0,0.0,정상,True
2020 10 30 12:03:34,0.0,정상,0.0,0.0,정상,True
2020 10 30 12:03:39,0.0,정상,0.0,0.0,정상,True
2020 10 30 12:03:44,0.0,정상,0.0,0.0,정상,True
2020 10 30 12:03:49,0.0,정상,0.0,0.0,정상,True
2020 10 30 12:03:54,0.0,정상,0.0,0.0,정상,True
2020 10 30 12:03:59,0.0,정상,0.0,0.0,정상,True
2020 10 30 12:04:04,0.0,정상,0.0,0.0,정상,True
2020 10 30 12:04:09,0.0,정상,0.0,0.0,정상,True
2020 10 30 12:04:14,0.0,정상,0.0,0.0,정상,True
2020 10 30 12:04:19,0.0,정상,0.0,0.0,정상,True
2020 10 30 12:04:24,0.0,정상,0.0,0.0,정상,True
2020 10 30 12:04:29,0.0,정상,0.0,0.0,정상,True
2020 10 30 12:04:34,0.0,정상,0.0,0.0,정상,True
2020 10 30 12:04:39,0.0,정상,0.0022222222222222222,0.0,정상,True
2020 10 30 12:04:44,0.0,정상,0.0,0.0,정상,True
2020 10 30 12:04:49,0.0,정상,0.0,0.0,정상,True
2020 10 30 12:04:54,0.0,정상,0.0,0.0,정상,True
2020 10 30 12:04:59,0.0,정상,0.0,0.0,정상,True
2020 10 30 12:05:04,0.0,정상,0.0,0.0,정상,True
2020 10 30 12:05:09,0.0,정상,0.0,0.0,정상,True
2020 10 30 12:05:14,0.0,정상,0.0,0.0,정상,True
2020 10 30 12:05:19,0.0,정상,0.0,0.0,정상,True
2020 10 30 12:05:24,0.0,정상,0.0,0.0,정상,True
2020 10 30 12:05:29,0.0,정상,0.0,0.0,정상,True
2020 10 30 12:05:34,0.0,정상,0.0,0.0,정상,True
2020 10 30 12:05:39,0.0,정상,0.0022222222222222222,0.0,정상,True
2020 10 30 12:05:44,0.0,정상,0.0,0.0,정상,True
2020 10 30 12:05:49,0.0,정상,0.0,0.0,정상,True
2020 10 30 12:05:54,0.0,정상,0.0,0.0,정상,True
2020 10 30 12:05:59,0.0,정상,0.0,0.0,정상,True
2020 10 30 12:06:04,0.0,정상,0.0,0.0,정상,True
2020 10 30 12:06:09,0.0,정상,0.0,0.0,정상,True
2020 10 30 12:06:14,0.0,정상,0.0,0.0,정상,True
2020 10 30 12:06:19,0.0,정상,0.0,0.0,정상,True
2020 10 30 12:06:24,0.0,정상,0.0,0.0,정상,True
2020 10 30 12:06:29,0.0,정상,0.0,0.0,정상,True
2020 10 30 12:06:34,0.0,정상,0.0,0.0,정상,True
2020 10 30 12:06:39,0.0,정상,0.000690522638373262,0.0,정상,True
2020 10 30 12:06:44,0.0,정상,0.000690522638373262,0.0,정상,True
2020 10 30 12:06:49,0.0,정상,0.000690522638373262,0.0,정상,True
2020 10 30 12:06:54,0.0,정상,0.000690522638373262,0.0,정상,True
2020 10 30 12:06:59,0.0,정상,0.0,0.0,정상,True
2020 10 30 12:07:04,0.0,정상,0.0004038023164416724,0.0,정상,True
2020 10 30 12:07:09,0.0,정상,0.0,0.0,정상,True
2020 10 30 12:07:14,0.0,정상,0.0005557033405828202,0.0,정상,True
2020 10 30 12:07:19,0.0,정상,0.0005424495301123099,0.0,정상,True
2020 10 30 12:07:24,0.0,정상,0.0005557033405828202,0.0,정상,True
2020 10 30 12:07:29,0.0,정상,0.00013864721367063757,0.0,정상,True
2020 10 30 12:07:34,0.0,정상,0.00013864721367063757,0.0,정상,True
2020 10 30 12:07:39,0.0,정상,0.00013864721367063757,0.0,정상,True
2020 10 30 12:07:44,0.0,정상,0.0005424495301123099,0.0,정상,True
2020 10 30 12:07:49,0.0,정상,0.00013864721367063757,0.0,정상,True
2020 10 30 12:07:54,0.0,정상,0.00015190102414114784,0.0,정상,True
2020 10 30 12:07:59,0.0,정상,0.00013864721367063757,0.0,정상,True
2020 10 30 12:08:04,0.0,정상,0.00013864721367063757,0.0,정상,True
2020 10 30 12:08:09,0.0,정상,0.00015190102414114784,0.0,정상,True
2020 10 30 12:08:14,0.0,정상,0.0008291698520438995,0.0,정상,True
2020 10 30 12:08:19,0.0,정상,0.0008291698520438995,0.0,정상,True
2020 10 30 12:08:24,0.0,정상,0.001824190843440076,0.0,정상,True
2020 10 30 12:08:29,0.0,정상,0.00013864721367063757,0.0,정상,True
2020 10 30 12:08:34,0.0,정상,0.0008291698520438995,0.0,정상,True
2020 10 30 12:08:39,0.0,정상,0.0008291698520438995,0.0,정상,True
2020 10 30 12:08:44,0.0,정상,0.0005065892068826091,0.0,정상,True
2020 10 30 12:08:49,0.0,정상,0.0008291698520438995,0.0,정상,True
2020 10 30 12:08:54,0.0,정상,0.0008291698520438995,0.0,정상,True
2020 10 30 12:08:59,0.0,정상,0.0008291698520438995,0.0,정상,True
2020 10 30 12:09:04,0.0,정상,0.00036450011318061226,0.0,정상,True
2020 10 30 12:09:09,0.0,정상,0.00036450011318061226,0.0,정상,True
2020 10 30 12:09:14,0.0,정상,0.00036450011318061226,0.0,정상,True
2020 10 30 12:09:19,0.0,정상,0.010364500113180613,0.0,정상,True
2020 10 30 12:09:24,0.0,정상,0.00036450011318061226,0.0,정상,True
2020 10 30 12:09:29,0.0,정상,0.00036450011318061226,0.0,정상,True
2020 10 30 12:09:34,0.0,정상,0.01610587469437864,0.0,정상,True
2020 10 30 12:09:39,0.0,정상,0.0008624669864678899,0.0,정상,True
2020 10 30 12:09:44,0.0,정상,0.01610587469437864,0.0,정상,True
2020 10 30 12:09:49,0.0,정상,0.0008624669864678899,0.0,정상,True
2020 10 30 12:09:54,0.0,정상,0.0008624669864678899,0.0,정상,True
2020 10 30 12:09:59,0.0,정상,0.00011857707509881423,0.0,정상,True
2020 10 30 12:10:04,0.0,정상,0.00011857707509881423,0.0,정상,True
2020 10 30 12:10:09,0.0,정상,0.00011857707509881423,0.0,정상,True
2020 10 30 12:10:14,0.0,정상,0.0008624669864678899,0.0,정상,True
2020 10 30 12:10:19,0.0,정상,0.0,0.0,정상,True
2020 10 30 12:10:24,0.0,정상,0.0,0.0,정상,True
2020 10 30 12:10:29,0.0,정상,0.0,0.0,정상,True
2020 10 30 12:10:34,0.0,정상,0.0,0.0,정상,True
2020 10 30 12:10:39,0.0,정상,0.0,0.0,정상,True
2020 10 30 12:10:44,0.0,정상,0.0,0.0,정상,True
2020 10 30 12:10:49,0.0,정상,0.0,0.0,정상,True
2020 10 30 12:10:54,0.0,정상,0.0,0.0,정상,True
2020 10 30 12:10:59,0.0,정상,0.0,0.0,정상,True
2020 10 30 12:11:04,0.0,정상,0.0,0.0,정상,True
2020 10 30 12:11:09,0.0,정상,0.0,0.0,정상,True
2020 10 30 12:11:14,0.0,정상,0.0,0.0,정상,True
2020 10 30 12:11:19,0.0,정상,0.0,0.0,정상,True
2020 10 30 12:11:24,0.0,정상,0.0,0.0,정상,True
2020 10 30 12:11:29,0.0,정상,0.0,0.0,정상,True
2020 10 30 12:11:34,0.0,정상,0.0,0.0,정상,True
2020 10 30 12:11:39,0.0,정상,0.0,0.0,정상,True
2020 10 30 12:11:44,0.0,정상,0.0,0.0,정상,True
2020 10 30 12:11:49,0.0,정상,0.0,0.0,정상,True
2020 10 30 12:11:54,0.0,정상,0.0,0.0,정상,True
2020 10 30 12:11:59,0.0,정상,0.0,0.0,정상,True
2020 10 30 12:12:04,0.0,정상,0.0,0.0,정상,True
2020 10 30 12:12:09,0.0,정상,0.0,0.0,정상,True
2020 10 30 12:12:14,0.0,정상,0.0,0.0,정상,True
2020 10 30 12:12:19,0.0,정상,0.0,0.0,정상,True
2020 10 30 12:12:24,0.0,정상,0.0,0.0,정상,True
2020 10 30 12:12:29,0.0,정상,0.0,0.0,정상,True
2020 10 30 12:12:34,0.0,정상,0.0,0.0,정상,True
2020 10 30 12:12:39,0.0,정상,0.0,0.0,정상,True
2020 10 30 12:12:44,0.0,정상,0.0,0.0,정상,True
2020 10 30 12:12:49,0.0,정상,0.0,0.0,정상,True
2020 10 30 12:12:54,0.0,정상,0.0,0.0,정상,True
2020 10 30 12:12:59,0.0,정상,0.0,0.0,정상,True
2020 10 30 12:13:04,0.0,정상,0.0,0.0,정상,True
2020 10 30 12:13:09,0.0,정상,0.0,0.0,정상,True
2020 10 30 12:13:14,0.0,정상,0.0,0.0,정상,True
2020 10 30 12:13:19,0.0,정상,0.0,0.0,정상,True
2020 10 30 12:13:24,0.0,정상,0.0,0.0,정상,True
2020 10 30 12:13:29,0.0,정상,0.0,0.0,정상,True
2020 10 30 12:13:34,0.0,정상,0.0,0.0,정상,True
2020 10 30 12:13:39,0.0,정상,0.0,0.0,정상,True
2020 10 30 12:13:44,0.0,정상,0.0,0.0,정상,True
2020 10 30 12:13:49,0.0,정상,0.0,0.0,정상,True
2020 10 30 12:13:54,0.0,정상,0.0,0.0,정상,True
2020 10 30 12:13:59,0.0,정상,0.0,0.0,정상,True
2020 10 30 12:14:04,0.0,정상,0.0,0.0,정상,True
2020 10 30 12:14:09,0.0,정상,0.0,0.0,정상,True
2020 10 30 12:14:14,0.0,정상,0.0,0.0,정상,True
2020 10 30 12:14:19,0.0,정상,0.0,0.0,정상,True
2020 10 30 12:14:24,0.0,정상,0.0,0.0,정상,True
2020 10 30 12:14:29,0.0,정상,0.0,0.0,정상,True
2020 10 30 12:14:34,0.0,정상,0.0,0.0,정상,True
2020 10 30 12:14:39,0.0,정상,0.0,0.0,정상,True
2020 10 30 12:14:44,0.0,정상,0.0,0.0,정상,True
2020 10 30 12:14:49,0.0,정상,0.0,0.0,정상,True
2020 10 30 12:14:54,0.0,정상,0.0,0.0,정상,True
2020 10 30 12:14:59,0.0,정상,0.0,0.0,정상,True
2020 10 30 12:15:04,0.0,정상,0.0007894736842105263,0.0,정상,True
2020 10 30 12:15:09,0.0,정상,0.0012495697074010328,0.0,정상,True
2020 10 30 12:15:14,0.0,정상,0.0,0.0,정상,True
2020 10 30 12:15:19,0.0,정상,0.0,0.0,정상,True
2020 10 30 12:15:24,0.0,정상,0.0,0.0,정상,True
2020 10 30 12:15:29,0.0,정상,0.0,0.0,정상,True
2020 10 30 12:15:34,0.0,정상,0.0,0.0,정상,True
2020 10 30 12:15:39,0.0,정상,0.0,0.0,정상,True
2020 10 30 12:15:44,0.0,정상,0.0,0.0,정상,True
2020 10 30 12:15:49,0.0,정상,0.0,0.0,정상,True
2020 10 30 12:15:54,0.0,정상,0.0,0.0,정상,True
2020 10 30 12:15:59,0.0,정상,0.0,0.0,정상,True
2020 10 30 12:16:04,0.0,정상,0.0,0.0,정상,True
2020 10 30 12:16:09,0.0,정상,0.0,0.0,정상,True
2020 10 30 12:16:14,0.0,정상,0.0,0.0,정상,True
2020 10 30 12:16:19,0.0,정상,0.0,0.0,정상,True
2020 10 30 12:16:24,0.0,정상,0.0,0.0,정상,True
2020 10 30 12:16:29,0.0,정상,0.0,0.0,정상,True
2020 10 30 12:16:34,0.0,정상,0.0,0.0,정상,True
2020 10 30 12:16:39,0.0,정상,0.0,0.0,정상,True
2020 10 30 12:16:44,0.0,정상,0.0,0.0,정상,True
2020 10 30 12:16:49,0.0,정상,0.0,0.0,정상,True
2020 10 30 12:16:54,0.0,정상,0.0,0.0,정상,True
2020 10 30 12:16:59,0.0,정상,0.0,0.0,정상,True
2020 10 30 12:17:04,0.0,정상,0.0,0.0,정상,True
2020 10 30 12:17:09,0.0,정상,0.0,0.0,정상,True
2020 10 30 12:17:14,0.0,정상,0.0,0.0,정상,True
2020 10 30 12:17:19,0.0,정상,0.00025,0.0,정상,True
2020 10 30 12:17:24,0.0,정상,0.0,0.0,정상,True
2020 10 30 12:17:29,0.0,정상,0.0,0.0,정상,True
2020 10 30 12:17:34,0.0,정상,0.0,0.0,정상,True
2020 10 30 12:17:39,0.0,정상,0.0,0.0,정상,True
2020 10 30 12:17:44,0.0,정상,0.0021428571428571425,0.0,정상,True
2020 10 30 12:17:49,0.0,정상,0.0021428571428571425,0.0,정상,True
2020 10 30 12:17:54,0.0,정상,0.0,0.0,정상,True
2020 10 30 12:17:59,0.0,정상,0.0021428571428571425,0.0,정상,True
2020 10 30 12:18:04,0.0,정상,0.0021428571428571425,0.0,정상,True
2020 10 30 12:18:09,0.0,정상,0.0021428571428571425,0.0,정상,True
2020 10 30 12:18:14,0.0,정상,0.0,0.0,정상,True
2020 10 30 12:18:19,0.0,정상,0.0021428571428571425,0.0,정상,True
2020 10 30 12:18:24,0.0,정상,0.0,0.0,정상,True
2020 10 30 12:18:29,0.0,정상,0.0021428571428571425,0.0,정상,True
2020 10 30 12:18:34,0.0,정상,0.0,0.0,정상,True
2020 10 30 12:18:39,0.0,정상,0.0021428571428571425,0.0,정상,True
2020 10 30 12:18:44,0.0,정상,0.0,0.0,정상,True
2020 10 30 12:18:49,0.0,정상,0.0,0.0,정상,True
2020 10 30 12:18:54,0.0,정상,0.0,0.0,정상,True
2020 10 30 12:18:59,0.0,정상,0.00125,0.0,정상,True
2020 10 30 12:19:04,0.0,정상,0.0,0.0,정상,True
2020 10 30 12:19:09,0.0,정상,0.00125,0.0,정상,True
2020 10 30 12:19:14,0.0,정상,0.00125,0.0,정상,True
2020 10 30 12:19:19,0.0,정상,0.003368577075098814,0.0,정상,True
2020 10 30 12:19:24,0.0,정상,0.0,0.0,정상,True
2020 10 30 12:19:29,0.0,정상,0.0,0.0,정상,True
2020 10 30 12:19:34,0.0,정상,0.002,0.0,정상,True
2020 10 30 12:19:39,0.0,정상,0.0,0.0,정상,True
2020 10 30 12:19:44,0.0,정상,0.002,0.0,정상,True
2020 10 30 12:19:49,0.0,정상,0.0,0.0,정상,True
2020 10 30 12:19:54,0.0,정상,0.0,0.0,정상,True
2020 10 30 12:19:59,0.0,정상,0.0,0.0,정상,True
2020 10 30 12:20:04,0.0,정상,0.0,0.0,정상,True
2020 10 30 12:20:09,0.0,정상,0.0,0.0,정상,True
2020 10 30 12:20:14,0.0,정상,0.0,0.0,정상,True
2020 10 30 12:20:19,0.0,정상,0.0,0.0,정상,True
2020 10 30 12:20:24,0.0,정상,0.0,0.0,정상,True
2020 10 30 12:20:29,0.0,정상,0.0,0.0,정상,True
2020 10 30 12:20:34,0.0,정상,0.00025,0.0,정상,True
2020 10 30 12:20:39,0.0,정상,0.00025,0.0,정상,True
2020 10 30 12:20:44,0.0,정상,0.00025,0.0,정상,True
2020 10 30 12:20:49,0.0,정상,0.00025,0.0,정상,True
2020 10 30 12:20:54,0.0,정상,0.00025,0.0,정상,True
2020 10 30 12:20:59,0.0,정상,0.00025,0.0,정상,True
2020 10 30 12:21:04,0.0,정상,0.00025,0.0,정상,True
2020 10 30 12:21:09,0.0,정상,0.00025,0.0,정상,True
2020 10 30 12:21:14,0.0,정상,0.0002828947368421053,0.0,정상,True
2020 10 30 12:21:19,0.0,정상,0.00025,0.0,정상,True
2020 10 30 12:21:24,0.0,정상,0.00025,0.0,정상,True
2020 10 30 12:21:29,0.0,정상,0.00025,0.0,정상,True
2020 10 30 12:21:34,0.0,정상,0.0002828947368421053,0.0,정상,True
2020 10 30 12:21:39,0.0,정상,0.00025,0.0,정상,True
2020 10 30 12:21:44,0.0,정상,0.0,0.0,정상,True
2020 10 30 12:21:49,0.0,정상,0.00025,0.0,정상,True
2020 10 30 12:21:54,0.0,정상,3.289473684210526e-05,0.0,정상,True
2020 10 30 12:21:59,0.0,정상,3.289473684210526e-05,0.0,정상,True
2020 10 30 12:22:04,0.0,정상,3.289473684210526e-05,0.0,정상,True
2020 10 30 12:22:09,0.0,정상,8.806801533193746e-05,0.0,정상,True
2020 10 30 12:22:14,0.0,정상,3.289473684210526e-05,0.0,정상,True
2020 10 30 12:22:19,0.0,정상,0.0003380680153319375,0.0,정상,True
2020 10 30 12:22:24,0.0,정상,0.0002828947368421053,0.0,정상,True
2020 10 30 12:22:29,0.0,정상,2.4052946539624742e-05,0.0,정상,True
2020 10 30 12:22:34,0.0,정상,2.4052946539624742e-05,0.0,정상,True
2020 10 30 12:22:39,0.0,정상,2.4052946539624742e-05,0.0,정상,True
2020 10 30 12:22:44,0.0,정상,2.4052946539624742e-05,0.0,정상,True
2020 10 30 12:22:49,0.0,정상,2.4052946539624742e-05,0.0,정상,True
2020 10 30 12:22:54,0.0,정상,2.4052946539624742e-05,0.0,정상,True
2020 10 30 12:22:59,0.0,정상,2.4052946539624742e-05,0.0,정상,True
2020 10 30 12:23:04,0.0,정상,2.4052946539624742e-05,0.0,정상,True
2020 10 30 12:23:09,0.0,정상,2.4052946539624742e-05,0.0,정상,True
2020 10 30 12:23:14,0.0,정상,2.4052946539624742e-05,0.0,정상,True
2020 10 30 12:23:19,0.0,정상,0.0005371149255427986,0.0,정상,True
2020 10 30 12:23:24,0.0,정상,2.4052946539624742e-05,0.0,정상,True
2020 10 30 12:23:29,0.0,정상,0.0005371149255427986,0.0,정상,True
2020 10 30 12:23:34,0.0,정상,0.0005371149255427986,0.0,정상,True
2020 10 30 12:23:39,0.0,정상,2.4052946539624742e-05,0.0,정상,True
2020 10 30 12:23:44,0.0,정상,0.0005371149255427986,0.0,정상,True
2020 10 30 12:23:49,0.0,정상,2.4052946539624742e-05,0.0,정상,True
2020 10 30 12:23:54,0.0,정상,2.4052946539624742e-05,0.0,정상,True
2020 10 30 12:23:59,0.0,정상,0.0005371149255427986,0.0,정상,True
2020 10 30 12:24:04,0.0,정상,2.4052946539624742e-05,0.0,정상,True
2020 10 30 12:24:09,0.0,정상,0.0005371149255427986,0.0,정상,True
2020 10 30 12:24:14,0.0,정상,0.0005371149255427986,0.0,정상,True
2020 10 30 12:24:19,0.0,정상,0.0005371149255427986,0.0,정상,True
2020 10 30 12:24:24,0.0,정상,0.0005371149255427986,0.0,정상,True
2020 10 30 12:24:29,0.0,정상,0.0005371149255427986,0.0,정상,True
2020 10 30 12:24:34,0.0,정상,0.0005371149255427986,0.0,정상,True
2020 10 30 12:24:39,0.0,정상,0.0005371149255427986,0.0,정상,True
2020 10 30 12:24:44,0.0,정상,0.0005371149255427986,0.0,정상,True
2020 10 30 12:24:49,0.0,정상,0.0005371149255427986,0.0,정상,True
2020 10 30 12:24:54,0.0,정상,0.0005371149255427986,0.0,정상,True
2020 10 30 12:24:59,0.0,정상,0.0005371149255427986,0.0,정상,True
2020 10 30 12:25:04,0.0,정상,0.0005371149255427986,0.0,정상,True
2020 10 30 12:25:09,0.0,정상,0.0005371149255427986,0.0,정상,True
2020 10 30 12:25:14,0.0,정상,0.0005371149255427986,0.0,정상,True
2020 10 30 12:25:19,0.0,정상,1.0799136069114471e-05,0.0,정상,True
2020 10 30 12:25:24,0.0,정상,1.0799136069114471e-05,0.0,정상,True
2020 10 30 12:25:29,0.0,정상,1.0799136069114471e-05,0.0,정상,True
2020 10 30 12:25:34,0.0,정상,1.0799136069114471e-05,0.0,정상,True
2020 10 30 12:25:39,0.0,정상,1.0799136069114471e-05,0.0,정상,True
2020 10 30 12:25:44,0.0,정상,1.0799136069114471e-05,0.0,정상,True
2020 10 30 12:25:49,0.0,정상,1.0799136069114471e-05,0.0,정상,True
2020 10 30 12:25:54,0.0,정상,1.0799136069114471e-05,0.0,정상,True
2020 10 30 12:25:59,0.0,정상,1.0799136069114471e-05,0.0,정상,True
2020 10 30 12:26:04,0.0,정상,1.0799136069114471e-05,0.0,정상,True
2020 10 30 12:26:09,0.0,정상,1.0799136069114471e-05,0.0,정상,True
2020 10 30 12:26:14,0.0,정상,1.0799136069114471e-05,0.0,정상,True
2020 10 30 12:26:19,0.0,정상,1.0799136069114471e-05,0.0,정상,True
2020 10 30 12:26:24,0.0,정상,1.0799136069114471e-05,0.0,정상,True
2020 10 30 12:26:29,0.0,정상,1.0799136069114471e-05,0.0,정상,True
2020 10 30 12:26:34,0.0,정상,1.0799136069114471e-05,0.0,정상,True
2020 10 30 12:26:39,0.0,정상,1.0799136069114471e-05,0.0,정상,True
2020 10 30 12:26:44,0.0,정상,1.0799136069114471e-05,0.0,정상,True
2020 10 30 12:26:49,0.0,정상,0.0003679419932119716,0.0,정상,True
2020 10 30 12:26:54,0.0,정상,0.0,0.0,정상,True
2020 10 30 12:26:59,0.0,정상,1.0799136069114471e-05,0.0,정상,True
2020 10 30 12:27:04,0.0,정상,0.0,0.0,정상,True
2020 10 30 12:27:09,0.0,정상,1.0799136069114471e-05,0.0,정상,True
2020 10 30 12:27:14,0.0,정상,1.0799136069114471e-05,0.0,정상,True
2020 10 30 12:27:19,0.0,정상,1.0799136069114471e-05,0.0,정상,True
2020 10 30 12:27:24,0.0,정상,1.0799136069114471e-05,0.0,정상,True
2020 10 30 12:27:29,0.0,정상,0.0,0.0,정상,True
2020 10 30 12:27:34,0.0,정상,1.0799136069114471e-05,0.0,정상,True
2020 10 30 12:27:39,0.0,정상,0.0,0.0,정상,True
2020 10 30 12:27:44,0.0,정상,0.0003990623251621791,0.0,정상,True
2020 10 30 12:27:49,0.0,정상,4.1919468019321936e-05,0.0,정상,True
2020 10 30 12:27:54,0.0,정상,0.00036450011318061226,0.0,정상,True
2020 10 30 12:27:59,0.0,정상,0.00036450011318061226,0.0,정상,True
2020 10 30 12:28:04,0.0,정상,0.00036450011318061226,0.0,정상,True
2020 10 30 12:28:09,0.0,정상,3.112033195020747e-05,0.0,정상,True
2020 10 30 12:28:14,0.0,정상,0.00036450011318061226,0.0,정상,True
2020 10 30 12:28:19,0.0,정상,0.00036450011318061226,0.0,정상,True
2020 10 30 12:28:24,0.0,정상,0.002586722335402834,0.0,정상,True
2020 10 30 12:28:29,0.0,정상,0.0030513920742661223,0.0,정상,True
2020 10 30 12:28:34,0.0,정상,3.112033195020747e-05,0.0,정상,True
2020 10 30 12:28:39,0.0,정상,0.0015120029025152675,0.0,정상,True
2020 10 30 12:28:44,0.0,정상,0.0005656655864895078,0.0,정상,True
2020 10 30 12:28:49,0.0,정상,7.7268879262823e-05,0.0,정상,True
2020 10 30 12:28:54,0.0,정상,0.004132556658913046,0.0,정상,True
2020 10 30 12:28:59,0.0,정상,7.7268879262823e-05,0.0,정상,True
2020 10 30 12:29:04,0.0,정상,0.0019960169469039066,0.0,정상,True
2020 10 30 12:29:09,0.0,정상,0.002604848189529678,0.0,정상,True
2020 10 30 12:29:14,0.0,정상,0.002637742926371783,0.0,정상,True
2020 10 30 12:29:19,0.0,정상,0.004343689128352674,0.0,정상,True
2020 10 30 12:29:24,0.0,정상,0.0010723404495915972,0.0,정상,True
2020 10 30 12:29:29,0.0,정상,0.0011052351864337022,0.0,정상,True
2020 10 30 12:29:34,0.0,정상,0.0011052351864337022,0.0,정상,True
2020 10 30 12:29:39,0.0,정상,0.0003051732784898322,0.0,정상,True
2020 10 30 12:29:44,0.0,정상,0.0003051732784898322,0.0,정상,True
2020 10 30 12:29:49,0.0,정상,0.0003380680153319375,0.0,정상,True
2020 10 30 12:29:54,0.0,정상,0.0003380680153319375,0.0,정상,True
2020 10 30 12:29:59,0.0,정상,0.0003051732784898322,0.0,정상,True
2020 10 30 12:30:04,0.0,정상,0.0003380680153319375,0.0,정상,True
2020 10 30 12:30:09,0.0,정상,0.0003380680153319375,0.0,정상,True
2020 10 30 12:30:14,0.0,정상,0.0003380680153319375,0.0,정상,True
2020 10 30 12:30:19,0.0,정상,0.0002828947368421053,0.0,정상,True
2020 10 30 12:30:24,0.0,정상,0.0003380680153319375,0.0,정상,True
2020 10 30 12:30:29,0.0,정상,0.0003380680153319375,0.0,정상,True
2020 10 30 12:30:34,0.0,정상,0.0002828947368421053,0.0,정상,True
2020 10 30 12:30:39,0.0,정상,0.0003380680153319375,0.0,정상,True
2020 10 30 12:30:44,0.0,정상,0.0005020024415614457,0.0,정상,True
2020 10 30 12:30:49,0.0,정상,0.0003380680153319375,0.0,정상,True
2020 10 30 12:30:54,0.0,정상,0.0002828947368421053,0.0,정상,True
2020 10 30 12:30:59,0.0,정상,0.0003380680153319375,0.0,정상,True
2020 10 30 12:31:04,0.0,정상,0.0003380680153319375,0.0,정상,True
2020 10 30 12:31:09,0.0,정상,0.0003380680153319375,0.0,정상,True
2020 10 30 12:31:14,0.0,정상,7.7268879262823e-05,0.0,정상,True
2020 10 30 12:31:19,0.0,정상,0.0005020024415614457,0.0,정상,True
2020 10 30 12:31:24,0.0,정상,0.0003380680153319375,0.0,정상,True
2020 10 30 12:31:29,0.0,정상,7.7268879262823e-05,0.0,정상,True
2020 10 30 12:31:34,0.0,정상,7.7268879262823e-05,0.0,정상,True
2020 10 30 12:31:39,0.0,정상,7.48142048614272e-05,0.0,정상,True
2020 10 30 12:31:44,0.0,정상,7.7268879262823e-05,0.0,정상,True
2020 10 30 12:31:49,0.0,정상,0.0002412033054923312,0.0,정상,True
2020 10 30 12:31:54,0.0,정상,7.7268879262823e-05,0.0,정상,True
2020 10 30 12:31:59,0.0,정상,7.7268879262823e-05,0.0,정상,True
2020 10 30 12:32:04,0.0,정상,0.0002412033054923312,0.0,정상,True
2020 10 30 12:32:09,0.0,정상,7.7268879262823e-05,0.0,정상,True
2020 10 30 12:32:14,0.0,정상,7.7268879262823e-05,0.0,정상,True
2020 10 30 12:32:19,0.0,정상,0.0002412033054923312,0.0,정상,True
2020 10 30 12:32:24,0.0,정상,7.7268879262823e-05,0.0,정상,True
2020 10 30 12:32:29,0.0,정상,6.401506879231272e-05,0.0,정상,True
2020 10 30 12:32:34,0.0,정상,6.401506879231272e-05,0.0,정상,True
2020 10 30 12:32:39,0.0,정상,6.401506879231272e-05,0.0,정상,True
2020 10 30 12:32:44,0.0,정상,0.0051522503629099605,0.0,정상,True
2020 10 30 12:32:49,0.0,정상,0.0026522503629099596,0.0,정상,True
2020 10 30 12:32:54,0.0,정상,0.006564015068792312,0.0,정상,True
2020 10 30 12:32:59,0.0,정상,6.401506879231272e-05,0.0,정상,True
2020 10 30 12:33:04,0.0,정상,6.401506879231272e-05,0.0,정상,True
2020 10 30 12:33:09,0.0,정상,0.0026522503629099596,0.0,정상,True
2020 10 30 12:33:14,0.0,정상,0.0026522503629099596,0.0,정상,True
2020 10 30 12:33:19,0.0,정상,0.006564015068792312,0.0,정상,True
2020 10 30 12:33:24,0.0,정상,0.0013140150687923127,0.0,정상,True
2020 10 30 12:33:29,0.0,정상,0.0,0.0,정상,True
2020 10 30 12:33:34,0.0,정상,0.0025882352941176473,0.0,정상,True
2020 10 30 12:33:39,0.0,정상,0.00125,0.0,정상,True
2020 10 30 12:33:44,0.0,정상,0.00125,0.0,정상,True
2020 10 30 12:33:49,0.0,정상,0.0038382352941176475,0.0,정상,True
2020 10 30 12:33:54,0.0,정상,0.00125,0.0,정상,True
2020 10 30 12:33:59,0.0,정상,1.3253810470510272e-05,0.0,정상,True
2020 10 30 12:34:04,0.0,정상,1.3253810470510272e-05,0.0,정상,True
2020 10 30 12:34:09,0.0,정상,1.3253810470510272e-05,0.0,정상,True
2020 10 30 12:34:14,0.0,정상,1.3253810470510272e-05,0.0,정상,True
2020 10 30 12:34:19,0.0,정상,1.3253810470510272e-05,0.0,정상,True
2020 10 30 12:34:24,0.0,정상,1.3253810470510272e-05,0.0,정상,True
2020 10 30 12:34:29,0.0,정상,1.3253810470510272e-05,0.0,정상,True
2020 10 30 12:34:34,0.0,정상,1.3253810470510272e-05,0.0,정상,True
2020 10 30 12:34:39,0.0,정상,1.3253810470510272e-05,0.0,정상,True
2020 10 30 12:34:44,0.0,정상,2.4052946539624742e-05,0.0,정상,True
2020 10 30 12:34:49,0.0,정상,1.3253810470510272e-05,0.0,정상,True
2020 10 30 12:34:54,0.0,정상,1.3253810470510272e-05,0.0,정상,True
2020 10 30 12:34:59,0.0,정상,1.3253810470510272e-05,0.0,정상,True
2020 10 30 12:35:04,0.0,정상,1.3253810470510272e-05,0.0,정상,True
2020 10 30 12:35:09,0.0,정상,1.3253810470510272e-05,0.0,정상,True
2020 10 30 12:35:14,0.0,정상,1.3253810470510272e-05,0.0,정상,True
2020 10 30 12:35:19,0.0,정상,1.3253810470510272e-05,0.0,정상,True
2020 10 30 12:35:24,0.0,정상,1.3253810470510272e-05,0.0,정상,True
2020 10 30 12:35:29,0.0,정상,1.3253810470510272e-05,0.0,정상,True
2020 10 30 12:35:34,0.0,정상,1.3253810470510272e-05,0.0,정상,True
2020 10 30 12:35:39,0.0,정상,4.858949951644667e-05,0.0,정상,True
2020 10 30 12:35:44,0.0,정상,1.3253810470510272e-05,0.0,정상,True
2020 10 30 12:35:49,0.0,정상,1.3253810470510272e-05,0.0,정상,True
2020 10 30 12:35:54,0.0,정상,4.858949951644667e-05,0.0,정상,True
2020 10 30 12:35:59,0.0,정상,1.3253810470510272e-05,0.0,정상,True
2020 10 30 12:36:04,0.0,정상,1.3253810470510272e-05,0.0,정상,True
2020 10 30 12:36:09,0.0,정상,2.4052946539624742e-05,0.0,정상,True
2020 10 30 12:36:14,0.0,정상,2.4052946539624742e-05,0.0,정상,True
2020 10 30 12:36:19,0.0,정상,2.4052946539624742e-05,0.0,정상,True
2020 10 30 12:36:24,0.0,정상,1.3253810470510272e-05,0.0,정상,True
2020 10 30 12:36:29,0.0,정상,0.0006075374607540662,0.0,정상,True
2020 10 30 12:36:34,0.0,정상,2.4052946539624742e-05,0.0,정상,True
2020 10 30 12:36:39,0.0,정상,0.0005263157894736842,0.0,정상,True
2020 10 30 12:36:44,0.0,정상,2.4052946539624742e-05,0.0,정상,True
2020 10 30 12:36:49,0.0,정상,0.0005371149255427986,0.0,정상,True
2020 10 30 12:36:54,0.0,정상,4.858949951644667e-05,0.0,정상,True
2020 10 30 12:36:59,0.0,정상,0.0005263157894736842,0.0,정상,True
2020 10 30 12:37:04,0.0,정상,0.0005263157894736842,0.0,정상,True
2020 10 30 12:37:09,0.0,정상,0.0006075374607540662,0.0,정상,True
2020 10 30 12:37:14,0.0,정상,0.0006075374607540662,0.0,정상,True
2020 10 30 12:37:19,0.0,정상,0.0005371149255427986,0.0,정상,True
2020 10 30 12:37:24,0.0,정상,0.0005371149255427986,0.0,정상,True
2020 10 30 12:37:29,0.0,정상,0.0006075374607540662,0.0,정상,True
2020 10 30 12:37:34,0.0,정상,0.0006075374607540662,0.0,정상,True
2020 10 30 12:37:39,0.0,정상,0.0006075374607540662,0.0,정상,True
2020 10 30 12:37:44,0.0,정상,0.0006075374607540662,0.0,정상,True
2020 10 30 12:37:49,0.0,정상,0.0006075374607540662,0.0,정상,True
2020 10 30 12:37:54,0.0,정상,0.0006075374607540662,0.0,정상,True
2020 10 30 12:37:59,0.0,정상,0.00012981117079682874,0.0,정상,True
2020 10 30 12:38:04,0.0,정상,0.00012981117079682874,0.0,정상,True
2020 10 30 12:38:09,0.0,정상,0.00012981117079682874,0.0,정상,True
2020 10 30 12:38:14,0.0,정상,8.122167128038208e-05,0.0,정상,True
2020 10 30 12:38:19,0.0,정상,0.00012981117079682874,0.0,정상,True
2020 10 30 12:38:24,0.0,정상,8.122167128038208e-05,0.0,정상,True
2020 10 30 12:38:29,0.0,정상,0.002303443893502604,0.0,정상,True
2020 10 30 12:38:34,0.0,정상,0.00017794941693169774,0.0,정상,True
2020 10 30 12:38:39,0.0,정상,0.00017794941693169774,0.0,정상,True
2020 10 30 12:38:44,0.0,정상,0.00017794941693169774,0.0,정상,True
2020 10 30 12:38:49,0.0,정상,0.0024001716391539194,0.0,정상,True
2020 10 30 12:38:54,0.0,정상,0.00017794941693169774,0.0,정상,True
2020 10 30 12:38:59,0.0,정상,0.0,0.0,정상,True
2020 10 30 12:39:04,0.0,정상,0.0,0.0,정상,True
2020 10 30 12:39:09,0.0,정상,0.0,0.0,정상,True
2020 10 30 12:39:14,0.0,정상,0.00046466973886328725,0.0,정상,True
2020 10 30 12:39:19,0.0,정상,0.00046466973886328725,0.0,정상,True
2020 10 30 12:39:24,0.0,정상,0.0,0.0,정상,True
2020 10 30 12:39:29,0.0,정상,0.0,0.0,정상,True
2020 10 30 12:39:34,0.0,정상,0.0,0.0,정상,True
2020 10 30 12:39:39,0.0,정상,0.0,0.0,정상,True
2020 10 30 12:39:44,0.0,정상,0.0,0.0,정상,True
2020 10 30 12:39:49,0.0,정상,0.0,0.0,정상,True
2020 10 30 12:39:54,0.0,정상,0.0,0.0,정상,True
2020 10 30 12:39:59,0.0,정상,0.0,0.0,정상,True
2020 10 30 12:40:04,0.0,정상,0.0,0.0,정상,True
2020 10 30 12:40:09,0.0,정상,0.0,0.0,정상,True
2020 10 30 12:40:14,0.0,정상,0.0,0.0,정상,True
2020 10 30 12:40:19,0.0,정상,0.0,0.0,정상,True
2020 10 30 12:40:24,0.0,정상,0.0,0.0,정상,True
2020 10 30 12:40:29,0.0,정상,4.1919468019321936e-05,0.0,정상,True
2020 10 30 12:40:34,0.0,정상,4.1919468019321936e-05,0.0,정상,True
2020 10 30 12:40:39,0.0,정상,0.0003196972457970997,0.0,정상,True
2020 10 30 12:40:44,0.0,정상,0.0003196972457970997,0.0,정상,True
2020 10 30 12:40:49,0.0,정상,0.00012844619489264388,0.0,정상,True
2020 10 30 12:40:54,0.0,정상,1.0799136069114471e-05,0.0,정상,True
2020 10 30 12:40:59,0.0,정상,1.0799136069114471e-05,0.0,정상,True
2020 10 30 12:41:04,0.0,정상,0.0006041661271343153,0.0,정상,True
2020 10 30 12:41:09,0.0,정상,0.0012607991360691145,0.0,정상,True
2020 10 30 12:41:14,0.0,정상,0.0057355890520355,0.0,정상,True
2020 10 30 12:41:19,0.0,정상,1.0799136069114471e-05,0.0,정상,True
2020 10 30 12:41:24,0.0,정상,1.0799136069114471e-05,0.0,정상,True
2020 10 30 12:41:29,0.0,정상,0.00041197027563342445,0.0,정상,True
2020 10 30 12:41:34,0.0,정상,2.4052946539624742e-05,0.0,정상,True
2020 10 30 12:41:39,0.0,정상,2.4052946539624742e-05,0.0,정상,True
2020 10 30 12:41:44,0.0,정상,2.4052946539624742e-05,0.0,정상,True
2020 10 30 12:41:49,0.0,정상,0.0004165314927284183,0.0,정상,True
2020 10 30 12:41:54,0.0,정상,0.0004165314927284183,0.0,정상,True
2020 10 30 12:41:59,0.0,정상,2.4052946539624742e-05,0.0,정상,True
2020 10 30 12:42:04,0.0,정상,0.0004165314927284183,0.0,정상,True
2020 10 30 12:42:09,0.0,정상,0.00012981117079682874,0.0,정상,True
2020 10 30 12:42:14,0.0,정상,0.00012981117079682874,0.0,정상,True
2020 10 30 12:42:19,0.0,정상,0.00012981117079682874,0.0,정상,True
2020 10 30 12:42:24,0.0,정상,0.00012981117079682874,0.0,정상,True
2020 10 30 12:42:29,0.0,정상,0.00012981117079682874,0.0,정상,True
2020 10 30 12:42:34,0.0,정상,0.00012981117079682874,0.0,정상,True
2020 10 30 12:42:39,0.0,정상,0.004320656874800427,0.0,정상,True
2020 10 30 12:42:44,0.0,정상,0.0005371149255427986,0.0,정상,True
2020 10 30 12:42:49,0.0,정상,0.0008665682616475587,0.0,정상,True
2020 10 30 12:42:54,0.0,정상,0.0008665682616475587,0.0,정상,True
2020 10 30 12:42:59,0.0,정상,0.0008312325726016223,0.0,정상,True
2020 10 30 12:43:04,0.0,정상,0.002094159218457701,0.0,정상,True
2020 10 30 12:43:09,0.0,정상,0.001118499353097404,0.0,정상,True
2020 10 30 12:43:14,0.0,정상,0.005201242506799066,0.0,정상,True
2020 10 30 12:43:19,0.0,정상,0.004740019787947648,0.0,정상,True
2020 10 30 12:43:24,0.0,정상,0.001136293651586271,0.0,정상,True
2020 10 30 12:43:29,0.0,정상,0.002374683744465528,0.0,정상,True
2020 10 30 12:43:34,0.0,정상,0.0030643982267496692,0.0,정상,True
2020 10 30 12:43:39,0.0,정상,0.004740019787947648,0.0,정상,True
2020 10 30 12:43:44,0.0,정상,0.001136293651586271,0.0,정상,True
2020 10 30 12:43:49,0.0,정상,0.003179049049907101,0.0,정상,True
2020 10 30 12:43:54,0.0,정상,0.001136293651586271,0.0,정상,True
2020 10 30 12:43:59,0.0,정상,0.0032314992550725773,0.0,정상,True
2020 10 30 12:44:04,0.0,정상,0.004873608753065459,0.0,정상,True
2020 10 30 12:44:09,0.0,정상,0.0032314992550725773,0.0,정상,True
2020 10 30 12:44:14,0.0,정상,0.0032314992550725773,0.0,정상,True
2020 10 30 12:44:19,0.0,정상,0.003179049049907101,0.0,정상,True
2020 10 30 12:44:24,0.0,정상,0.004002801564148556,0.0,정상,True
2020 10 30 12:44:29,0.0,정상,0.007180906139311954,0.0,정상,True
2020 10 30 12:44:34,0.0,정상,0.0029415167459879675,0.0,정상,True
2020 10 30 12:44:39,0.0,정상,0.0002828947368421053,0.0,정상,True
2020 10 30 12:44:44,0.0,정상,0.0002828947368421053,0.0,정상,True
2020 10 30 12:44:49,0.0,정상,0.0008092105263157893,0.0,정상,True
2020 10 30 12:44:54,0.0,정상,0.0002828947368421053,0.0,정상,True
2020 10 30 12:44:59,0.0,정상,0.0008511299943351115,0.0,정상,True
2020 10 30 12:45:04,0.0,정상,0.003446338736421594,0.0,정상,True
2020 10 30 12:45:09,0.0,정상,0.0003380680153319375,0.0,정상,True
2020 10 30 12:45:14,0.0,정상,0.0003380680153319375,0.0,정상,True
2020 10 30 12:45:19,0.0,정상,0.0005020024415614457,0.0,정상,True
2020 10 30 12:45:24,0.0,정상,0.0003380680153319375,0.0,정상,True
2020 10 30 12:45:29,0.0,정상,0.0003380680153319375,0.0,정상,True
2020 10 30 12:45:34,0.0,정상,0.0005020024415614457,0.0,정상,True
2020 10 30 12:45:39,0.0,정상,0.0003380680153319375,0.0,정상,True
2020 10 30 12:45:44,0.0,정상,0.0003380680153319375,0.0,정상,True
2020 10 30 12:45:49,0.0,정상,0.0003380680153319375,0.0,정상,True
2020 10 30 12:45:54,0.0,정상,0.0003380680153319375,0.0,정상,True
2020 10 30 12:45:59,0.0,정상,0.0003380680153319375,0.0,정상,True
2020 10 30 12:46:04,0.0,정상,0.0003380680153319375,0.0,정상,True
2020 10 30 12:46:09,0.0,정상,0.0003380680153319375,0.0,정상,True
2020 10 30 12:46:14,0.0,정상,0.0003380680153319375,0.0,정상,True
2020 10 30 12:46:19,0.0,정상,0.0003380680153319375,0.0,정상,True
2020 10 30 12:46:24,0.0,정상,0.003446338736421594,0.0,정상,True
2020 10 30 12:46:29,0.0,정상,0.0003380680153319375,0.0,정상,True
2020 10 30 12:46:34,0.0,정상,0.004553857399436937,0.0,정상,True
2020 10 30 12:46:39,0.0,정상,0.003446338736421594,0.0,정상,True
2020 10 30 12:46:44,0.0,정상,7.48142048614272e-05,0.0,정상,True
2020 10 30 12:46:49,0.0,정상,0.0014672464830288265,0.0,정상,True
2020 10 30 12:46:54,0.0,정상,0.0032824043101920856,0.0,정상,True
2020 10 30 12:46:59,0.0,정상,0.0032824043101920856,0.0,정상,True
2020 10 30 12:47:04,0.0,정상,0.005904659866393221,0.0,정상,True
2020 10 30 12:47:09,0.0,정상,0.002133637734273192,0.0,정상,True
2020 10 30 12:47:14,0.0,정상,0.004343689128352674,0.0,정상,True
2020 10 30 12:47:19,0.0,정상,0.0010723404495915972,0.0,정상,True
2020 10 30 12:47:24,0.0,정상,0.005904659866393221,0.0,정상,True
2020 10 30 12:47:29,0.0,정상,0.0035285246868419873,0.0,정상,True
2020 10 30 12:47:34,0.0,정상,0.0021360924086745877,0.0,정상,True
2020 10 30 12:47:39,0.0,정상,0.0019960169469039066,0.0,정상,True
2020 10 30 12:47:44,0.0,정상,0.0036924591130714957,0.0,정상,True
2020 10 30 12:47:49,0.0,정상,0.0014697011574302224,0.0,정상,True
2020 10 30 12:47:54,0.0,정상,0.0014697011574302224,0.0,정상,True
2020 10 30 12:47:59,0.0,정상,0.0016336355836597304,0.0,정상,True
2020 10 30 12:48:04,0.0,정상,0.0014697011574302224,0.0,정상,True
2020 10 30 12:48:09,0.0,정상,0.0016336355836597304,0.0,정상,True
2020 10 30 12:48:14,0.0,정상,0.0016336355836597304,0.0,정상,True
2020 10 30 12:48:19,0.0,정상,0.001191905359034046,0.0,정상,True
2020 10 30 12:48:24,0.0,정상,0.0005263157894736842,0.0,정상,True
2020 10 30 12:48:29,0.0,정상,0.0,0.0,정상,True
2020 10 30 12:48:34,0.0,정상,0.0006075374607540662,0.0,정상,True
2020 10 30 12:48:39,0.0,정상,0.0006075374607540662,0.0,정상,True
2020 10 30 12:48:44,0.0,정상,0.0005263157894736842,0.0,정상,True
2020 10 30 12:48:49,0.0,정상,0.03,0.0,정상,True
2020 10 30 12:48:54,0.0,정상,0.0,0.0,정상,True
2020 10 30 12:48:59,0.0,정상,0.0,0.0,정상,True
2020 10 30 12:49:04,0.0,정상,0.0,0.0,정상,True
2020 10 30 12:49:09,0.0,정상,8.122167128038208e-05,0.0,정상,True
2020 10 30 12:49:14,0.0,정상,0.0,0.0,정상,True
2020 10 30 12:49:19,0.0,정상,0.0,0.0,정상,True
2020 10 30 12:49:24,0.0,정상,0.0,0.0,정상,True
2020 10 30 12:49:29,0.0,정상,0.0,0.0,정상,True
2020 10 30 12:49:34,0.0,정상,0.0,0.0,정상,True
2020 10 30 12:49:39,0.0,정상,0.0,0.0,정상,True
2020 10 30 12:49:44,0.0,정상,0.0,0.0,정상,True
2020 10 30 12:49:49,0.0,정상,8.122167128038208e-05,0.0,정상,True
2020 10 30 12:49:54,0.0,정상,0.0,0.0,정상,True
2020 10 30 12:49:59,0.0,정상,0.0004038023164416724,0.0,정상,True
2020 10 30 12:50:04,0.0,정상,0.0,0.0,정상,True
2020 10 30 12:50:09,0.0,정상,0.0,0.0,정상,True
2020 10 30 12:50:14,0.0,정상,0.0,0.0,정상,True
2020 10 30 12:50:19,0.0,정상,0.0004038023164416724,0.0,정상,True
2020 10 30 12:50:24,0.0,정상,0.0004038023164416724,0.0,정상,True
2020 10 30 12:50:29,0.0,정상,0.0,0.0,정상,True
2020 10 30 12:50:34,0.0,정상,0.0,0.0,정상,True
2020 10 30 12:50:39,0.0,정상,0.0,0.0,정상,True
2020 10 30 12:50:44,0.0,정상,0.00013864721367063757,0.0,정상,True
2020 10 30 12:50:49,0.0,정상,0.00013864721367063757,0.0,정상,True
2020 10 30 12:50:54,0.0,정상,0.00013864721367063757,0.0,정상,True
2020 10 30 12:50:59,0.0,정상,0.00013864721367063757,0.0,정상,True
2020 10 30 12:51:04,0.0,정상,0.00013864721367063757,0.0,정상,True
2020 10 30 12:51:09,0.0,정상,0.00013864721367063757,0.0,정상,True
2020 10 30 12:51:14,0.0,정상,0.00013864721367063757,0.0,정상,True
2020 10 30 12:51:19,0.0,정상,0.00013864721367063757,0.0,정상,True
2020 10 30 12:51:24,0.0,정상,0.00013864721367063757,0.0,정상,True
2020 10 30 12:51:29,0.0,정상,0.00013864721367063757,0.0,정상,True
2020 10 30 12:51:34,0.0,정상,0.00015190102414114784,0.0,정상,True
2020 10 30 12:51:39,0.0,정상,0.00013864721367063757,0.0,정상,True
2020 10 30 12:51:44,0.0,정상,0.00015190102414114784,0.0,정상,True
2020 10 30 12:51:49,0.0,정상,0.00015190102414114784,0.0,정상,True
2020 10 30 12:51:54,0.0,정상,0.00015190102414114784,0.0,정상,True
2020 10 30 12:51:59,0.0,정상,0.00013864721367063757,0.0,정상,True
2020 10 30 12:52:04,0.0,정상,0.00015190102414114784,0.0,정상,True
2020 10 30 12:52:09,0.0,정상,0.00015190102414114784,0.0,정상,True
2020 10 30 12:52:14,0.0,정상,0.00015190102414114784,0.0,정상,True
2020 10 30 12:52:19,0.0,정상,0.00015190102414114784,0.0,정상,True
2020 10 30 12:52:24,0.0,정상,0.00015190102414114784,0.0,정상,True
2020 10 30 12:52:29,0.0,정상,0.00236086943589286,0.0,정상,True
2020 10 30 12:52:34,0.0,정상,0.00015190102414114784,0.0,정상,True
2020 10 30 12:52:39,0.0,정상,0.00013864721367063757,0.0,정상,True
2020 10 30 12:52:44,0.0,정상,3.112033195020747e-05,0.0,정상,True
2020 10 30 12:52:49,0.0,정상,4.4374142420717735e-05,0.0,정상,True
2020 10 30 12:52:54,0.0,정상,3.112033195020747e-05,0.0,정상,True
2020 10 30 12:52:59,0.0,정상,0.00038826318909306463,0.0,정상,True
2020 10 30 12:53:04,0.0,정상,0.0008516678503987754,0.0,정상,True
2020 10 30 12:53:09,0.0,정상,0.00038826318909306463,0.0,정상,True
2020 10 30 12:53:14,0.0,정상,0.00038826318909306463,0.0,정상,True
2020 10 30 12:53:19,0.0,정상,0.00038826318909306463,0.0,정상,True
2020 10 30 12:53:24,0.0,정상,0.00038826318909306463,0.0,정상,True
2020 10 30 12:53:29,0.0,정상,0.0008516678503987754,0.0,정상,True
2020 10 30 12:53:34,0.0,정상,0.0008516678503987754,0.0,정상,True
2020 10 30 12:53:39,0.0,정상,0.00038826318909306463,0.0,정상,True
2020 10 30 12:53:44,0.0,정상,0.00038826318909306463,0.0,정상,True
2020 10 30 12:53:49,0.0,정상,0.00038826318909306463,0.0,정상,True
2020 10 30 12:53:54,0.0,정상,0.0004945249932559183,0.0,정상,True
2020 10 30 12:53:59,0.0,정상,0.00015956652684285134,0.0,정상,True
2020 10 30 12:54:04,0.0,정상,0.0006229711881485621,0.0,정상,True
2020 10 30 12:54:09,0.0,정상,0.008247801820960498,0.0,정상,True
2020 10 30 12:54:14,0.0,정상,0.00015956652684285134,0.0,정상,True
2020 10 30 12:54:19,0.0,정상,3.112033195020747e-05,0.0,정상,True
2020 10 30 12:54:24,0.0,정상,0.00015956652684285134,0.0,정상,True
2020 10 30 12:54:29,0.0,정상,0.00042983679711312167,0.0,정상,True
2020 10 30 12:54:34,0.0,정상,0.0005167093839857085,0.0,정상,True
2020 10 30 12:54:39,0.0,정상,0.00042983679711312167,0.0,정상,True
2020 10 30 12:54:44,0.0,정상,0.00015956652684285134,0.0,정상,True
2020 10 30 12:54:49,0.0,정상,0.02031218973828959,0.0,정상,True
2020 10 30 12:54:54,0.0,정상,4.1919468019321936e-05,0.0,정상,True
2020 10 30 12:54:59,0.0,정상,4.1919468019321936e-05,0.0,정상,True
2020 10 30 12:55:04,0.0,정상,0.0007869796542559789,0.0,정상,True
2020 10 30 12:55:09,0.0,정상,0.00047478991596638654,0.0,정상,True
2020 10 30 12:55:14,0.0,정상,4.1919468019321936e-05,0.0,정상,True
2020 10 30 12:55:19,0.0,정상,4.1919468019321936e-05,0.0,정상,True
2020 10 30 12:55:24,0.0,정상,4.1919468019321936e-05,0.0,정상,True
2020 10 30 12:55:29,0.0,정상,0.0,0.0,정상,True
2020 10 30 12:55:34,0.0,정상,4.1919468019321936e-05,0.0,정상,True
2020 10 30 12:55:39,0.0,정상,4.1919468019321936e-05,0.0,정상,True
2020 10 30 12:55:44,0.0,정상,4.1919468019321936e-05,0.0,정상,True
2020 10 30 12:55:49,0.0,정상,4.1919468019321936e-05,0.0,정상,True
2020 10 30 12:55:54,0.0,정상,4.1919468019321936e-05,0.0,정상,True
2020 10 30 12:55:59,0.0,정상,4.1919468019321936e-05,0.0,정상,True
2020 10 30 12:56:04,0.0,정상,4.1919468019321936e-05,0.0,정상,True
2020 10 30 12:56:09,0.0,정상,4.1919468019321936e-05,0.0,정상,True
2020 10 30 12:56:14,0.0,정상,4.1919468019321936e-05,0.0,정상,True
2020 10 30 12:56:19,0.0,정상,4.1919468019321936e-05,0.0,정상,True
2020 10 30 12:56:24,0.0,정상,4.1919468019321936e-05,0.0,정상,True
2020 10 30 12:56:29,0.0,정상,4.1919468019321936e-05,0.0,정상,True
2020 10 30 12:56:34,0.0,정상,4.1919468019321936e-05,0.0,정상,True
2020 10 30 12:56:39,0.0,정상,4.1919468019321936e-05,0.0,정상,True
2020 10 30 12:56:44,0.0,정상,4.1919468019321936e-05,0.0,정상,True
2020 10 30 12:56:49,0.0,정상,4.1919468019321936e-05,0.0,정상,True
2020 10 30 12:56:54,0.0,정상,2.4052946539624742e-05,0.0,정상,True
2020 10 30 12:56:59,0.0,정상,2.4052946539624742e-05,0.0,정상,True
2020 10 30 12:57:04,0.0,정상,2.4052946539624742e-05,0.0,정상,True
2020 10 30 12:57:09,0.0,정상,2.4052946539624742e-05,0.0,정상,True
2020 10 30 12:57:14,0.0,정상,2.4052946539624742e-05,0.0,정상,True
2020 10 30 12:57:19,0.0,정상,2.4052946539624742e-05,0.0,정상,True
2020 10 30 12:57:24,0.0,정상,2.4052946539624742e-05,0.0,정상,True
2020 10 30 12:57:29,0.0,정상,2.4052946539624742e-05,0.0,정상,True
2020 10 30 12:57:34,0.0,정상,2.4052946539624742e-05,0.0,정상,True
2020 10 30 12:57:39,0.0,정상,2.4052946539624742e-05,0.0,정상,True
2020 10 30 12:57:44,0.0,정상,1.0799136069114471e-05,0.0,정상,True
2020 10 30 12:57:49,0.0,정상,1.0799136069114471e-05,0.0,정상,True
2020 10 30 12:57:54,0.0,정상,2.4052946539624742e-05,0.0,정상,True
2020 10 30 12:57:59,0.0,정상,1.0799136069114471e-05,0.0,정상,True
2020 10 30 12:58:04,0.0,정상,1.0799136069114471e-05,0.0,정상,True
2020 10 30 12:58:09,0.0,정상,1.0799136069114471e-05,0.0,정상,True
2020 10 30 12:58:14,0.0,정상,1.0799136069114471e-05,0.0,정상,True
2020 10 30 12:58:19,0.0,정상,1.0799136069114471e-05,0.0,정상,True
2020 10 30 12:58:24,0.0,정상,1.0799136069114471e-05,0.0,정상,True
2020 10 30 12:58:29,0.0,정상,1.0799136069114471e-05,0.0,정상,True
2020 10 30 12:58:34,0.0,정상,1.0799136069114471e-05,0.0,정상,True
2020 10 30 12:58:39,0.0,정상,1.0799136069114471e-05,0.0,정상,True
2020 10 30 12:58:44,0.0,정상,1.0799136069114471e-05,0.0,정상,True
2020 10 30 12:58:49,0.0,정상,1.0799136069114471e-05,0.0,정상,True
2020 10 30 12:58:54,0.0,정상,1.0799136069114471e-05,0.0,정상,True
2020 10 30 12:58:59,0.0,정상,1.0799136069114471e-05,0.0,정상,True
2020 10 30 12:59:04,0.0,정상,1.0799136069114471e-05,0.0,정상,True
2020 10 30 12:59:09,0.0,정상,4.1919468019321936e-05,0.0,정상,True
2020 10 30 12:59:14,0.0,정상,4.1919468019321936e-05,0.0,정상,True
2020 10 30 12:59:19,0.0,정상,4.1919468019321936e-05,0.0,정상,True
2020 10 30 12:59:24,0.0,정상,4.1919468019321936e-05,0.0,정상,True
2020 10 30 12:59:29,0.0,정상,4.1919468019321936e-05,0.0,정상,True
2020 10 30 12:59:34,0.0,정상,4.1919468019321936e-05,0.0,정상,True
2020 10 30 12:59:39,0.0,정상,4.1919468019321936e-05,0.0,정상,True
2020 10 30 12:59:44,0.0,정상,4.1919468019321936e-05,0.0,정상,True
2020 10 30 12:59:49,0.0,정상,4.1919468019321936e-05,0.0,정상,True
2020 10 30 12:59:54,0.0,정상,4.1919468019321936e-05,0.0,정상,True
2020 10 30 12:59:59,0.0,정상,4.1919468019321936e-05,0.0,정상,True
2020 10 30 13:00:04,0.0,정상,4.1919468019321936e-05,0.0,정상,True
2020 10 30 13:00:09,0.0,정상,4.1919468019321936e-05,0.0,정상,True
2020 10 30 13:00:14,0.0,정상,4.1919468019321936e-05,0.0,정상,True
2020 10 30 13:00:19,0.0,정상,4.1919468019321936e-05,0.0,정상,True
2020 10 30 13:00:24,0.0,정상,4.1919468019321936e-05,0.0,정상,True
2020 10 30 13:00:29,0.0,정상,4.1919468019321936e-05,0.0,정상,True
2020 10 30 13:00:34,0.0,정상,1.0799136069114471e-05,0.0,정상,True
2020 10 30 13:00:39,0.0,정상,1.0799136069114471e-05,0.0,정상,True
2020 10 30 13:00:44,0.0,정상,1.0799136069114471e-05,0.0,정상,True
2020 10 30 13:00:49,0.0,정상,1.0799136069114471e-05,0.0,정상,True
2020 10 30 13:00:54,0.0,정상,1.0799136069114471e-05,0.0,정상,True
2020 10 30 13:00:59,0.0,정상,1.0799136069114471e-05,0.0,정상,True
2020 10 30 13:01:04,0.0,정상,1.0799136069114471e-05,0.0,정상,True
2020 10 30 13:01:09,0.0,정상,1.0799136069114471e-05,0.0,정상,True
2020 10 30 13:01:14,0.0,정상,1.0799136069114471e-05,0.0,정상,True
2020 10 30 13:01:19,0.0,정상,1.0799136069114471e-05,0.0,정상,True
2020 10 30 13:01:24,0.0,정상,1.0799136069114471e-05,0.0,정상,True
2020 10 30 13:01:29,0.0,정상,1.0799136069114471e-05,0.0,정상,True
2020 10 30 13:01:34,0.0,정상,0.0,0.0,정상,True
2020 10 30 13:01:39,0.0,정상,0.00211437908496732,0.0,정상,True
2020 10 30 13:01:44,0.0,정상,0.00211437908496732,0.0,정상,True
2020 10 30 13:01:49,0.0,정상,0.00211437908496732,0.0,정상,True
2020 10 30 13:01:54,0.0,정상,0.0020588235294117644,0.0,정상,True
2020 10 30 13:01:59,0.0,정상,0.0020588235294117644,0.0,정상,True
2020 10 30 13:02:04,0.0,정상,0.0,0.0,정상,True
2020 10 30 13:02:09,0.0,정상,0.0004038023164416724,0.0,정상,True
2020 10 30 13:02:14,0.0,정상,0.0004038023164416724,0.0,정상,True
2020 10 30 13:02:19,0.0,정상,0.0004038023164416724,0.0,정상,True
2020 10 30 13:02:24,0.0,정상,0.002710489093716685,0.0,정상,True
2020 10 30 13:02:29,0.0,정상,0.002710489093716685,0.0,정상,True
2020 10 30 13:02:34,0.0,정상,0.0006516655643049203,0.0,정상,True
2020 10 30 13:02:39,0.0,정상,5.555555555555556e-05,0.0,정상,True
2020 10 30 13:02:44,0.0,정상,5.555555555555556e-05,0.0,정상,True
2020 10 30 13:02:49,0.0,정상,5.555555555555556e-05,0.0,정상,True
2020 10 30 13:02:54,0.0,정상,5.555555555555556e-05,0.0,정상,True
2020 10 30 13:02:59,0.0,정상,5.555555555555556e-05,0.0,정상,True
2020 10 30 13:03:04,0.0,정상,5.555555555555556e-05,0.0,정상,True
2020 10 30 13:03:09,0.0,정상,5.555555555555556e-05,0.0,정상,True
2020 10 30 13:03:14,0.0,정상,5.555555555555556e-05,0.0,정상,True
2020 10 30 13:03:19,0.0,정상,5.555555555555556e-05,0.0,정상,True
2020 10 30 13:03:24,0.0,정상,5.555555555555556e-05,0.0,정상,True
2020 10 30 13:03:29,0.0,정상,5.555555555555556e-05,0.0,정상,True
2020 10 30 13:03:34,0.0,정상,0.0006882503882738121,0.0,정상,True
2020 10 30 13:03:39,0.0,정상,0.0006882503882738121,0.0,정상,True
2020 10 30 13:03:44,0.0,정상,0.0006882503882738121,0.0,정상,True
2020 10 30 13:03:49,0.0,정상,0.0006882503882738121,0.0,정상,True
2020 10 30 13:03:54,0.0,정상,0.0006882503882738121,0.0,정상,True
2020 10 30 13:03:59,0.0,정상,0.0006882503882738121,0.0,정상,True
2020 10 30 13:04:04,0.0,정상,0.0006882503882738121,0.0,정상,True
2020 10 30 13:04:09,0.0,정상,0.0006882503882738121,0.0,정상,True
2020 10 30 13:04:14,0.0,정상,0.0006882503882738121,0.0,정상,True
2020 10 30 13:04:19,0.0,정상,0.0006882503882738121,0.0,정상,True
2020 10 30 13:04:24,0.0,정상,0.0006882503882738121,0.0,정상,True
2020 10 30 13:04:29,0.0,정상,0.0006882503882738121,0.0,정상,True
2020 10 30 13:04:34,0.0,정상,0.0006882503882738121,0.0,정상,True
2020 10 30 13:04:39,0.0,정상,0.0006882503882738121,0.0,정상,True
2020 10 30 13:04:44,0.0,정상,0.0014791081656731623,0.0,정상,True
2020 10 30 13:04:49,0.0,정상,0.0014791081656731623,0.0,정상,True
2020 10 30 13:04:54,0.0,정상,0.0012474609145896015,0.0,정상,True
2020 10 30 13:04:59,0.0,정상,0.0015120029025152675,0.0,정상,True
2020 10 30 13:05:04,0.0,정상,0.0014791081656731623,0.0,정상,True
2020 10 30 13:05:09,0.0,정상,0.0014791081656731623,0.0,정상,True
2020 10 30 13:05:14,0.0,정상,0.0015120029025152675,0.0,정상,True
2020 10 30 13:05:19,0.0,정상,0.0014791081656731623,0.0,정상,True
2020 10 30 13:05:24,0.0,정상,0.0014791081656731623,0.0,정상,True
2020 10 30 13:05:29,0.0,정상,0.0015120029025152675,0.0,정상,True
2020 10 30 13:05:34,0.0,정상,0.0014791081656731623,0.0,정상,True
2020 10 30 13:05:39,0.0,정상,0.0014791081656731623,0.0,정상,True
2020 10 30 13:05:44,0.0,정상,0.0015120029025152675,0.0,정상,True
2020 10 30 13:05:49,0.0,정상,0.0015120029025152675,0.0,정상,True
2020 10 30 13:05:54,0.0,정상,0.0014791081656731623,0.0,정상,True
2020 10 30 13:05:59,0.0,정상,0.0027834559917601187,0.0,정상,True
2020 10 30 13:06:04,0.0,정상,0.0006882503882738121,0.0,정상,True
2020 10 30 13:06:09,0.0,정상,0.0015120029025152675,0.0,정상,True
2020 10 30 13:06:14,0.0,정상,0.0012474609145896015,0.0,정상,True
2020 10 30 13:06:19,0.0,정상,0.0015120029025152675,0.0,정상,True
2020 10 30 13:06:24,0.0,정상,0.0006882503882738121,0.0,정상,True
2020 10 30 13:06:29,0.0,정상,0.0014791081656731623,0.0,정상,True
2020 10 30 13:06:34,0.0,정상,0.0006882503882738121,0.0,정상,True
2020 10 30 13:06:39,0.0,정상,0.0006882503882738121,0.0,정상,True
2020 10 30 13:06:44,0.0,정상,0.0006882503882738121,0.0,정상,True
2020 10 30 13:06:49,0.0,정상,0.0014791081656731623,0.0,정상,True
2020 10 30 13:06:54,0.0,정상,0.0005807235065533821,0.0,정상,True
2020 10 30 13:06:59,0.0,정상,0.0006136182433954873,0.0,정상,True
2020 10 30 13:07:04,0.0,정상,0.0013691403317489012,0.0,정상,True
2020 10 30 13:07:09,0.0,정상,0.0021559880061340253,0.0,정상,True
2020 10 30 13:07:14,0.0,정상,0.0029115100944874395,0.0,정상,True
2020 10 30 13:07:19,0.0,정상,0.0021559880061340253,0.0,정상,True
2020 10 30 13:07:24,0.0,정상,0.002554367237344582,0.0,정상,True
2020 10 30 13:07:29,0.0,정상,0.0017988451489911682,0.0,정상,True
2020 10 30 13:07:34,0.0,정상,0.0021238573128809766,0.0,정상,True
2020 10 30 13:07:39,0.0,정상,0.010523762972786994,0.0,정상,True
2020 10 30 13:07:44,0.0,정상,0.01479777494525533,0.0,정상,True
2020 10 30 13:07:49,0.0,정상,0.002554367237344582,0.0,정상,True
2020 10 30 13:07:54,0.0,정상,0.027767170680697735,0.0,정상,True
2020 10 30 13:07:59,0.0,정상,0.010523762972786994,0.0,정상,True
2020 10 30 13:08:04,0.0,정상,0.002554367237344582,0.0,정상,True
2020 10 30 13:08:09,0.0,정상,0.002554367237344582,0.0,정상,True
2020 10 30 13:08:14,0.0,정상,0.002554367237344582,0.0,정상,True
2020 10 30 13:08:19,0.0,정상,0.010093253048323387,0.0,정상,True
2020 10 30 13:08:24,0.0,정상,0.010523762972786994,0.0,정상,True
2020 10 30 13:08:29,0.0,정상,0.010523762972786994,0.0,정상,True
2020 10 30 13:08:34,0.0,정상,0.002554367237344582,0.0,정상,True
2020 10 30 13:08:39,0.0,정상,0.0225667258615261,0.0,정상,True
2020 10 30 13:08:44,0.0,정상,0.0022962711059844247,0.0,정상,True
2020 10 30 13:08:49,0.0,정상,0.0158209405232266,0.0,정상,True
2020 10 30 13:08:54,0.0,정상,0.012583594012295186,0.0,정상,True
2020 10 30 13:08:59,0.0,정상,0.0104969453757585,0.0,정상,True
2020 10 30 13:09:04,0.0,정상,0.0016185015593212838,0.0,정상,True
2020 10 30 13:09:09,0.0,정상,0.0041040936608105795,0.0,정상,True
2020 10 30 13:09:14,0.0,정상,0.005098776358276577,0.0,정상,True
2020 10 30 13:09:19,0.0,정상,0.0005656655864895078,0.0,정상,True
2020 10 30 13:09:24,0.0,정상,0.0005656655864895078,0.0,정상,True
2020 10 30 13:09:29,0.0,정상,0.000578919396960018,0.0,정상,True
2020 10 30 13:09:34,0.0,정상,7.48142048614272e-05,0.0,정상,True
2020 10 30 13:09:39,0.0,정상,0.000578919396960018,0.0,정상,True
2020 10 30 13:09:44,0.0,정상,0.0003380680153319375,0.0,정상,True
2020 10 30 13:09:49,0.0,정상,0.0003380680153319375,0.0,정상,True
2020 10 30 13:09:54,0.0,정상,0.0003380680153319375,0.0,정상,True
2020 10 30 13:09:59,0.0,정상,7.48142048614272e-05,0.0,정상,True
2020 10 30 13:10:04,0.0,정상,7.48142048614272e-05,0.0,정상,True
2020 10 30 13:10:09,0.0,정상,7.48142048614272e-05,0.0,정상,True
2020 10 30 13:10:14,0.0,정상,4.1919468019321936e-05,0.0,정상,True
2020 10 30 13:10:19,0.0,정상,4.1919468019321936e-05,0.0,정상,True
2020 10 30 13:10:24,0.0,정상,4.1919468019321936e-05,0.0,정상,True
2020 10 30 13:10:29,0.0,정상,4.1919468019321936e-05,0.0,정상,True
2020 10 30 13:10:34,0.0,정상,4.1919468019321936e-05,0.0,정상,True
2020 10 30 13:10:39,0.0,정상,4.1919468019321936e-05,0.0,정상,True
2020 10 30 13:10:44,0.0,정상,4.1919468019321936e-05,0.0,정상,True
2020 10 30 13:10:49,0.0,정상,0.0006011299943351114,0.0,정상,True
2020 10 30 13:10:54,0.0,정상,0.0006011299943351114,0.0,정상,True
2020 10 30 13:10:59,0.0,정상,0.002287679919561334,0.0,정상,True
2020 10 30 13:11:04,0.0,정상,0.0006011299943351114,0.0,정상,True
2020 10 30 13:11:09,0.0,정상,0.002287679919561334,0.0,정상,True
2020 10 30 13:11:14,0.0,정상,0.0006011299943351114,0.0,정상,True
2020 10 30 13:11:19,0.0,정상,0.0005616514785196206,0.0,정상,True
2020 10 30 13:11:24,0.0,정상,0.0005371149255427986,0.0,정상,True
2020 10 30 13:11:29,0.0,정상,0.0005371149255427986,0.0,정상,True
2020 10 30 13:11:34,0.0,정상,0.0008665682616475587,0.0,정상,True
2020 10 30 13:11:39,0.0,정상,1.0799136069114471e-05,0.0,정상,True
2020 10 30 13:11:44,0.0,정상,1.0799136069114471e-05,0.0,정상,True
2020 10 30 13:11:49,0.0,정상,1.0799136069114471e-05,0.0,정상,True
2020 10 30 13:11:54,0.0,정상,0.0,0.0,정상,True
2020 10 30 13:11:59,0.0,정상,1.0799136069114471e-05,0.0,정상,True
2020 10 30 13:12:04,0.0,정상,0.0,0.0,정상,True
2020 10 30 13:12:09,0.0,정상,0.0,0.0,정상,True
2020 10 30 13:12:14,0.0,정상,0.0,0.0,정상,True
2020 10 30 13:12:19,0.0,정상,0.00013864721367063757,0.0,정상,True
2020 10 30 13:12:24,0.0,정상,3.112033195020747e-05,0.0,정상,True
2020 10 30 13:12:29,0.0,정상,0.00013864721367063757,0.0,정상,True
2020 10 30 13:12:34,0.0,정상,3.112033195020747e-05,0.0,정상,True
2020 10 30 13:12:39,0.0,정상,3.112033195020747e-05,0.0,정상,True
2020 10 30 13:12:44,0.0,정상,3.112033195020747e-05,0.0,정상,True
2020 10 30 13:12:49,0.0,정상,3.112033195020747e-05,0.0,정상,True
2020 10 30 13:12:54,0.0,정상,3.112033195020747e-05,0.0,정상,True
2020 10 30 13:12:59,0.0,정상,3.112033195020747e-05,0.0,정상,True
2020 10 30 13:13:04,0.0,정상,3.112033195020747e-05,0.0,정상,True
2020 10 30 13:13:09,0.0,정상,3.112033195020747e-05,0.0,정상,True
2020 10 30 13:13:14,0.0,정상,3.112033195020747e-05,0.0,정상,True
2020 10 30 13:13:19,0.0,정상,3.112033195020747e-05,0.0,정상,True
2020 10 30 13:13:24,0.0,정상,5.517327848983221e-05,0.0,정상,True
2020 10 30 13:13:29,0.0,정상,3.112033195020747e-05,0.0,정상,True
2020 10 30 13:13:34,0.0,정상,4.4374142420717735e-05,0.0,정상,True
2020 10 30 13:13:39,0.0,정상,4.1919468019321936e-05,0.0,정상,True
2020 10 30 13:13:44,0.0,정상,5.517327848983221e-05,0.0,정상,True
2020 10 30 13:13:49,0.0,정상,5.517327848983221e-05,0.0,정상,True
2020 10 30 13:13:54,0.0,정상,0.0016129032258064516,0.0,정상,True
2020 10 30 13:13:59,0.0,정상,5.517327848983221e-05,0.0,정상,True
2020 10 30 13:14:04,0.0,정상,0.0016261570362769617,0.0,정상,True
2020 10 30 13:14:09,0.0,정상,0.0016261570362769617,0.0,정상,True
2020 10 30 13:14:14,0.0,정상,0.0016261570362769617,0.0,정상,True
2020 10 30 13:14:19,0.0,정상,5.517327848983221e-05,0.0,정상,True
2020 10 30 13:14:24,0.0,정상,2.4052946539624742e-05,0.0,정상,True
2020 10 30 13:14:29,0.0,정상,0.0016261570362769617,0.0,정상,True
2020 10 30 13:14:34,0.0,정상,2.4052946539624742e-05,0.0,정상,True
2020 10 30 13:14:39,0.0,정상,0.0016261570362769617,0.0,정상,True
2020 10 30 13:14:44,0.0,정상,2.4052946539624742e-05,0.0,정상,True
2020 10 30 13:14:49,0.0,정상,0.0016129032258064516,0.0,정상,True
2020 10 30 13:14:54,0.0,정상,0.0016129032258064516,0.0,정상,True
2020 10 30 13:14:59,0.0,정상,1.0799136069114471e-05,0.0,정상,True
2020 10 30 13:15:04,0.0,정상,1.0799136069114471e-05,0.0,정상,True
2020 10 30 13:15:09,0.0,정상,1.0799136069114471e-05,0.0,정상,True
2020 10 30 13:15:14,0.0,정상,1.0799136069114471e-05,0.0,정상,True
2020 10 30 13:15:19,0.0,정상,0.0,0.0,정상,True
2020 10 30 13:15:24,0.0,정상,0.0,0.0,정상,True
2020 10 30 13:15:29,0.0,정상,0.0,0.0,정상,True
2020 10 30 13:15:34,0.0,정상,0.0,0.0,정상,True
2020 10 30 13:15:39,0.0,정상,0.0,0.0,정상,True
2020 10 30 13:15:44,0.0,정상,0.0,0.0,정상,True
2020 10 30 13:15:49,0.0,정상,0.0,0.0,정상,True
2020 10 30 13:15:54,0.0,정상,0.0,0.0,정상,True
2020 10 30 13:15:59,0.0,정상,0.0,0.0,정상,True
2020 10 30 13:16:04,0.0,정상,0.0,0.0,정상,True
2020 10 30 13:16:09,0.0,정상,0.0,0.0,정상,True
2020 10 30 13:16:14,0.0,정상,0.0,0.0,정상,True
2020 10 30 13:16:19,0.0,정상,0.0,0.0,정상,True
2020 10 30 13:16:24,0.0,정상,0.0,0.0,정상,True
2020 10 30 13:16:29,0.0,정상,0.01,0.0,정상,True
2020 10 30 13:16:34,0.0,정상,0.01,0.0,정상,True
2020 10 30 13:16:39,0.0,정상,0.0,0.0,정상,True
2020 10 30 13:16:44,0.0,정상,0.000588235294117647,0.0,정상,True
2020 10 30 13:16:49,0.0,정상,0.0,0.0,정상,True
2020 10 30 13:16:54,0.0,정상,0.000588235294117647,0.0,정상,True
2020 10 30 13:16:59,0.0,정상,0.000588235294117647,0.0,정상,True
2020 10 30 13:17:04,0.0,정상,0.03,0.0,정상,True
2020 10 30 13:17:09,0.0,정상,4.1919468019321936e-05,0.0,정상,True
2020 10 30 13:17:14,0.0,정상,4.1919468019321936e-05,0.0,정상,True
2020 10 30 13:17:19,0.0,정상,0.004380154762136969,0.0,정상,True
2020 10 30 13:17:24,0.0,정상,0.005362903225806451,0.0,정상,True
2020 10 30 13:17:29,0.0,정상,0.005362903225806451,0.0,정상,True
2020 10 30 13:17:34,0.0,정상,5.517327848983221e-05,0.0,정상,True
2020 10 30 13:17:39,0.0,정상,0.005362903225806451,0.0,정상,True
2020 10 30 13:17:44,0.0,정상,0.003805173278489832,0.0,정상,True
2020 10 30 13:17:49,0.0,정상,0.0103274300072683,0.0,정상,True
2020 10 30 13:17:54,0.0,정상,0.003805173278489832,0.0,정상,True
2020 10 30 13:17:59,0.0,정상,0.003805173278489832,0.0,정상,True
2020 10 30 13:18:04,0.0,정상,0.005362903225806451,0.0,정상,True
2020 10 30 13:18:09,0.0,정상,0.005362903225806451,0.0,정상,True
2020 10 30 13:18:14,0.0,정상,0.005362903225806451,0.0,정상,True
2020 10 30 13:18:19,0.0,정상,0.011612903225806452,0.0,정상,True
2020 10 30 13:18:24,0.0,정상,0.011612903225806452,0.0,정상,True
2020 10 30 13:18:29,0.0,정상,2.4052946539624742e-05,0.0,정상,True
2020 10 30 13:18:34,0.0,정상,2.4052946539624742e-05,0.0,정상,True
2020 10 30 13:18:39,0.0,정상,0.0016261570362769617,0.0,정상,True
2020 10 30 13:18:44,0.0,정상,2.4052946539624742e-05,0.0,정상,True
2020 10 30 13:18:49,0.0,정상,5.517327848983221e-05,0.0,정상,True
2020 10 30 13:18:54,0.0,정상,2.4052946539624742e-05,0.0,정상,True
2020 10 30 13:18:59,0.0,정상,0.011626157036276962,0.0,정상,True
2020 10 30 13:19:04,0.0,정상,0.0016261570362769617,0.0,정상,True
2020 10 30 13:19:09,0.0,정상,5.517327848983221e-05,0.0,정상,True
2020 10 30 13:19:14,0.0,정상,2.4052946539624742e-05,0.0,정상,True
2020 10 30 13:19:19,0.0,정상,2.4052946539624742e-05,0.0,정상,True
2020 10 30 13:19:24,0.0,정상,2.4052946539624742e-05,0.0,정상,True
2020 10 30 13:19:29,0.0,정상,0.0016129032258064516,0.0,정상,True
2020 10 30 13:19:34,0.0,정상,2.4052946539624742e-05,0.0,정상,True
2020 10 30 13:19:39,0.0,정상,2.4052946539624742e-05,0.0,정상,True
2020 10 30 13:19:44,0.0,정상,0.0016129032258064516,0.0,정상,True
2020 10 30 13:19:49,0.0,정상,0.0016129032258064516,0.0,정상,True
2020 10 30 13:19:54,0.0,정상,2.4052946539624742e-05,0.0,정상,True
2020 10 30 13:19:59,0.0,정상,0.0016261570362769617,0.0,정상,True
2020 10 30 13:20:04,0.0,정상,0.0016129032258064516,0.0,정상,True
2020 10 30 13:20:09,0.0,정상,2.4052946539624742e-05,0.0,정상,True
2020 10 30 13:20:14,0.0,정상,0.0016261570362769617,0.0,정상,True
2020 10 30 13:20:19,0.0,정상,0.0016261570362769617,0.0,정상,True
2020 10 30 13:20:24,0.0,정상,0.0016261570362769617,0.0,정상,True
2020 10 30 13:20:29,0.0,정상,2.4052946539624742e-05,0.0,정상,True
2020 10 30 13:20:34,0.0,정상,2.4052946539624742e-05,0.0,정상,True
2020 10 30 13:20:39,0.0,정상,2.4052946539624742e-05,0.0,정상,True
2020 10 30 13:20:44,0.0,정상,2.4052946539624742e-05,0.0,정상,True
2020 10 30 13:20:49,0.0,정상,2.4052946539624742e-05,0.0,정상,True
2020 10 30 13:20:54,0.0,정상,2.4052946539624742e-05,0.0,정상,True
2020 10 30 13:20:59,0.0,정상,2.4052946539624742e-05,0.0,정상,True
2020 10 30 13:21:04,0.0,정상,0.0016129032258064516,0.0,정상,True
2020 10 30 13:21:09,0.0,정상,5.517327848983221e-05,0.0,정상,True
2020 10 30 13:21:14,0.0,정상,1.0799136069114471e-05,0.0,정상,True
2020 10 30 13:21:19,0.0,정상,0.0016261570362769617,0.0,정상,True
2020 10 30 13:21:24,0.0,정상,0.0016261570362769617,0.0,정상,True
2020 10 30 13:21:29,0.0,정상,2.4052946539624742e-05,0.0,정상,True
2020 10 30 13:21:34,0.0,정상,0.0016261570362769617,0.0,정상,True
2020 10 30 13:21:39,0.0,정상,0.0016261570362769617,0.0,정상,True
2020 10 30 13:21:44,0.0,정상,2.4052946539624742e-05,0.0,정상,True
2020 10 30 13:21:49,0.0,정상,2.4052946539624742e-05,0.0,정상,True
2020 10 30 13:21:54,0.0,정상,2.4052946539624742e-05,0.0,정상,True
2020 10 30 13:21:59,0.0,정상,1.3253810470510272e-05,0.0,정상,True
2020 10 30 13:22:04,0.0,정상,0.0,0.0,정상,True
2020 10 30 13:22:09,0.0,정상,1.3253810470510272e-05,0.0,정상,True
2020 10 30 13:22:14,0.0,정상,1.3253810470510272e-05,0.0,정상,True
2020 10 30 13:22:19,0.0,정상,1.3253810470510272e-05,0.0,정상,True
2020 10 30 13:22:24,0.0,정상,1.3253810470510272e-05,0.0,정상,True
2020 10 30 13:22:29,0.0,정상,1.3253810470510272e-05,0.0,정상,True
2020 10 30 13:22:34,0.0,정상,1.3253810470510272e-05,0.0,정상,True
2020 10 30 13:22:39,0.0,정상,0.0,0.0,정상,True
2020 10 30 13:22:44,0.0,정상,1.3253810470510272e-05,0.0,정상,True
2020 10 30 13:22:49,0.0,정상,1.3253810470510272e-05,0.0,정상,True
2020 10 30 13:22:54,0.0,정상,0.0016129032258064516,0.0,정상,True
2020 10 30 13:22:59,0.0,정상,2.4052946539624742e-05,0.0,정상,True
2020 10 30 13:23:04,0.0,정상,0.0016261570362769617,0.0,정상,True
2020 10 30 13:23:09,0.0,정상,0.0016261570362769617,0.0,정상,True
2020 10 30 13:23:14,0.0,정상,2.4052946539624742e-05,0.0,정상,True
2020 10 30 13:23:19,0.0,정상,0.0016129032258064516,0.0,정상,True
2020 10 30 13:23:24,0.0,정상,2.4052946539624742e-05,0.0,정상,True
2020 10 30 13:23:29,0.0,정상,2.4052946539624742e-05,0.0,정상,True
2020 10 30 13:23:34,0.0,정상,2.4052946539624742e-05,0.0,정상,True
2020 10 30 13:23:39,0.0,정상,2.4052946539624742e-05,0.0,정상,True
2020 10 30 13:23:44,0.0,정상,0.0,0.0,정상,True
2020 10 30 13:23:49,0.0,정상,0.0,0.0,정상,True
2020 10 30 13:23:54,0.0,정상,0.0,0.0,정상,True
2020 10 30 13:23:59,0.0,정상,0.0,0.0,정상,True
2020 10 30 13:24:04,0.0,정상,0.0,0.0,정상,True
2020 10 30 13:24:09,0.0,정상,0.0,0.0,정상,True
2020 10 30 13:24:14,0.0,정상,0.0,0.0,정상,True
2020 10 30 13:24:19,0.0,정상,0.0,0.0,정상,True
2020 10 30 13:24:24,0.0,정상,0.0,0.0,정상,True
2020 10 30 13:24:29,0.0,정상,0.0,0.0,정상,True
2020 10 30 13:24:34,0.0,정상,0.0,0.0,정상,True
2020 10 30 13:24:39,0.0,정상,0.0038583013230900553,0.0,정상,True
2020 10 30 13:24:44,0.0,정상,7.042253521126761e-05,0.0,정상,True
2020 10 30 13:24:49,0.0,정상,0.0038583013230900553,0.0,정상,True
2020 10 30 13:24:54,0.0,정상,0.0038583013230900553,0.0,정상,True
2020 10 30 13:24:59,0.0,정상,0.0038583013230900553,0.0,정상,True
2020 10 30 13:25:04,0.0,정상,0.0038583013230900553,0.0,정상,True
2020 10 30 13:25:09,0.0,정상,0.00026181009501988006,0.0,정상,True
2020 10 30 13:25:14,0.0,정상,0.004157215764619098,0.0,정상,True
2020 10 30 13:25:19,0.0,정상,0.020261810095019882,0.0,정상,True
2020 10 30 13:25:24,0.0,정상,0.004157215764619098,0.0,정상,True
2020 10 30 13:25:29,0.0,정상,0.030261810095019884,0.0,정상,True
2020 10 30 13:25:34,0.0,정상,0.004157215764619098,0.0,정상,True
2020 10 30 13:25:39,0.0,정상,0.030261810095019884,0.0,정상,True
2020 10 30 13:25:44,0.0,정상,0.002490549097952431,0.0,정상,True
2020 10 30 13:25:49,0.0,정상,0.02419913523263842,0.0,정상,True
2020 10 30 13:25:54,0.0,정상,0.04674810332882322,0.0,정상,True
2020 10 30 13:25:59,0.0,정상,0.014212389043108932,0.0,정상,True
2020 10 30 13:26:04,0.0,정상,0.15524925919851215,0.0,정상,True
2020 10 30 13:26:09,0.0,정상,0.08767695663428489,0.0,정상,True
2020 10 30 13:26:14,0.0,정상,0.14508891568032214,0.0,정상,True
2020 10 30 13:26:19,1.0,불량,0.674894211062596,1.0,불량,True
2020 10 30 13:26:24,1.0,불량,0.8533857034051314,1.0,불량,True
2020 10 30 13:26:29,0.0,정상,0.40025897256756837,1.0,불량,False
2020 10 30 13:26:34,1.0,불량,0.5954167924741401,1.0,불량,True
2020 10 30 13:26:39,1.0,불량,0.8288995812808492,1.0,불량,True
2020 10 30 13:26:44,1.0,불량,0.7028418733516645,1.0,불량,True
2020 10 30 13:26:49,1.0,불량,0.8583447513959961,1.0,불량,True
2020 10 30 13:26:54,1.0,불량,0.5663710746995158,1.0,불량,True
2020 10 30 13:26:59,1.0,불량,0.7775318369001711,1.0,불량,True
2020 10 30 13:27:04,0.0,정상,0.46065717215387975,1.0,불량,False
2020 10 30 13:27:09,0.0,정상,0.46065717215387975,1.0,불량,False
2020 10 30 13:27:14,0.0,정상,0.35955441738229127,1.0,불량,False
2020 10 30 13:27:19,0.0,정상,0.49052624162207786,1.0,불량,False
2020 10 30 13:27:24,1.0,불량,0.5865248610991044,1.0,불량,True
2020 10 30 13:27:29,1.0,불량,0.8935112529288445,1.0,불량,True
2020 10 30 13:27:34,1.0,불량,0.9525,1.0,불량,True
2020 10 30 13:27:39,1.0,불량,0.97,1.0,불량,True
2020 10 30 13:27:44,1.0,불량,0.970754716981132,1.0,불량,True
2020 10 30 13:27:49,1.0,불량,0.99,1.0,불량,True
2020 10 30 13:27:54,1.0,불량,0.99,1.0,불량,True
2020 10 30 13:27:59,1.0,불량,0.99,1.0,불량,True
2020 10 30 13:28:04,1.0,불량,1.0,1.0,불량,True
2020 10 30 13:28:09,1.0,불량,1.0,1.0,불량,True
2020 10 30 13:28:14,1.0,불량,1.0,1.0,불량,True
2020 10 30 13:28:19,1.0,불량,1.0,1.0,불량,True
2020 10 30 13:28:24,1.0,불량,1.0,1.0,불량,True
2020 10 30 13:28:29,1.0,불량,1.0,1.0,불량,True
2020 10 30 13:28:34,1.0,불량,1.0,1.0,불량,True
2020 10 30 13:28:39,1.0,불량,1.0,1.0,불량,True
2020 10 30 13:28:44,1.0,불량,1.0,1.0,불량,True
2020 10 30 13:28:49,1.0,불량,1.0,1.0,불량,True
2020 10 30 13:28:54,1.0,불량,1.0,1.0,불량,True
2020 10 30 13:28:59,1.0,불량,1.0,1.0,불량,True
2020 10 30 13:29:04,1.0,불량,1.0,1.0,불량,True
2020 10 30 13:29:09,1.0,불량,1.0,1.0,불량,True
2020 10 30 13:29:14,1.0,불량,0.99,1.0,불량,True
2020 10 30 13:29:19,1.0,불량,0.99,1.0,불량,True
2020 10 30 13:29:24,1.0,불량,0.99,1.0,불량,True
2020 10 30 13:29:29,1.0,불량,1.0,1.0,불량,True
2020 10 30 13:29:34,1.0,불량,1.0,1.0,불량,True
2020 10 30 13:29:39,1.0,불량,1.0,1.0,불량,True
2020 10 30 13:29:44,1.0,불량,0.99,1.0,불량,True
2020 10 30 13:29:49,1.0,불량,0.98,1.0,불량,True
2020 10 30 13:29:54,1.0,불량,1.0,1.0,불량,True
2020 10 30 13:29:59,1.0,불량,0.99,1.0,불량,True
2020 10 30 13:30:04,1.0,불량,0.96,1.0,불량,True
2020 10 30 13:30:09,1.0,불량,0.94,1.0,불량,True
2020 10 30 13:30:14,1.0,불량,1.0,1.0,불량,True
2020 10 30 13:30:19,1.0,불량,1.0,1.0,불량,True
2020 10 30 13:30:24,1.0,불량,1.0,1.0,불량,True
2020 10 30 13:30:29,1.0,불량,0.98,1.0,불량,True
2020 10 30 13:30:34,1.0,불량,0.98,1.0,불량,True
2020 10 30 13:30:39,1.0,불량,0.92,1.0,불량,True
2020 10 30 13:30:44,1.0,불량,0.91,1.0,불량,True
2020 10 30 13:30:49,0.0,정상,0.13,0.0,정상,True
2020 10 30 13:30:54,0.0,정상,0.25,0.0,정상,True
2020 10 30 13:30:59,1.0,불량,0.82,1.0,불량,True
2020 10 30 13:31:04,1.0,불량,0.81,1.0,불량,True
2020 10 30 13:31:09,1.0,불량,0.8,1.0,불량,True
2020 10 30 13:31:14,1.0,불량,0.89,1.0,불량,True
2020 10 30 13:31:19,1.0,불량,0.94,1.0,불량,True
2020 10 30 13:31:24,1.0,불량,1.0,1.0,불량,True
2020 10 30 13:31:29,1.0,불량,1.0,1.0,불량,True
2020 10 30 13:31:34,1.0,불량,1.0,1.0,불량,True
2020 10 30 13:31:39,1.0,불량,1.0,1.0,불량,True
2020 10 30 13:31:44,1.0,불량,1.0,1.0,불량,True
2020 10 30 13:31:49,1.0,불량,1.0,1.0,불량,True
2020 10 30 13:31:54,1.0,불량,1.0,1.0,불량,True
2020 10 30 13:31:59,1.0,불량,1.0,1.0,불량,True
2020 10 30 13:32:04,1.0,불량,1.0,1.0,불량,True
2020 10 30 13:32:09,1.0,불량,1.0,1.0,불량,True
2020 10 30 13:32:14,1.0,불량,1.0,1.0,불량,True
2020 10 30 13:32:19,1.0,불량,1.0,1.0,불량,True
2020 10 30 13:32:24,1.0,불량,1.0,1.0,불량,True
2020 10 30 13:32:29,1.0,불량,1.0,1.0,불량,True
2020 10 30 13:32:34,1.0,불량,1.0,1.0,불량,True
2020 10 30 13:32:39,1.0,불량,0.994090909090909,1.0,불량,True
2020 10 30 13:32:44,1.0,불량,0.994090909090909,1.0,불량,True
2020 10 30 13:32:49,1.0,불량,0.994090909090909,1.0,불량,True
2020 10 30 13:32:54,1.0,불량,0.994090909090909,1.0,불량,True
2020 10 30 13:32:59,1.0,불량,0.994090909090909,1.0,불량,True
2020 10 30 13:33:04,1.0,불량,0.994090909090909,1.0,불량,True
2020 10 30 13:33:09,1.0,불량,0.994090909090909,1.0,불량,True
2020 10 30 13:33:14,1.0,불량,0.994090909090909,1.0,불량,True
2020 10 30 13:33:19,1.0,불량,0.994090909090909,1.0,불량,True
2020 10 30 13:33:24,1.0,불량,0.984090909090909,1.0,불량,True
2020 10 30 13:33:29,1.0,불량,0.994090909090909,1.0,불량,True
2020 10 30 13:33:34,1.0,불량,0.994090909090909,1.0,불량,True
2020 10 30 13:33:39,1.0,불량,0.994090909090909,1.0,불량,True
2020 10 30 13:33:44,1.0,불량,0.984090909090909,1.0,불량,True
2020 10 30 13:33:49,1.0,불량,0.984090909090909,1.0,불량,True
2020 10 30 13:33:54,1.0,불량,0.9740909090909091,1.0,불량,True
2020 10 30 13:33:59,1.0,불량,0.9240909090909091,1.0,불량,True
2020 10 30 13:34:04,1.0,불량,0.994090909090909,1.0,불량,True
2020 10 30 13:34:09,1.0,불량,0.99,1.0,불량,True
2020 10 30 13:34:14,1.0,불량,1.0,1.0,불량,True
2020 10 30 13:34:19,1.0,불량,1.0,1.0,불량,True
2020 10 30 13:34:24,1.0,불량,1.0,1.0,불량,True
2020 10 30 13:34:29,1.0,불량,1.0,1.0,불량,True
2020 10 30 13:34:34,1.0,불량,0.9832380952380951,1.0,불량,True
2020 10 30 13:34:39,1.0,불량,0.9768888888888888,1.0,불량,True
2020 10 30 13:34:44,1.0,불량,0.9544603174603173,1.0,불량,True
2020 10 30 13:34:49,1.0,불량,0.9477936507936505,1.0,불량,True
2020 10 30 13:34:54,1.0,불량,0.9828888888888888,1.0,불량,True
2020 10 30 13:34:59,1.0,불량,0.9604603174603173,1.0,불량,True
2020 10 30 13:35:04,1.0,불량,0.9477936507936505,1.0,불량,True
2020 10 30 13:35:09,1.0,불량,0.9477936507936505,1.0,불량,True
2020 10 30 13:35:14,1.0,불량,0.9477936507936505,1.0,불량,True
2020 10 30 13:35:19,1.0,불량,0.9544603174603173,1.0,불량,True
2020 10 30 13:35:24,1.0,불량,0.8362380952380951,1.0,불량,True
2020 10 30 13:35:29,0.0,정상,0.48265476190476186,1.0,불량,False
2020 10 30 13:35:34,0.0,정상,0.3811547619047619,1.0,불량,False
2020 10 30 13:35:39,0.0,정상,0.3811547619047619,0.0,정상,True
2020 10 30 13:35:44,0.0,정상,0.4643214285714285,0.0,정상,True
2020 10 30 13:35:49,0.0,정상,0.3811547619047619,0.0,정상,True
2020 10 30 13:35:54,0.0,정상,0.16647253258845437,0.0,정상,True
2020 10 30 13:35:59,0.0,정상,0.07291666666666666,0.0,정상,True
2020 10 30 13:36:04,0.0,정상,0.04575,0.0,정상,True
2020 10 30 13:36:09,0.0,정상,0.03158333333333333,0.0,정상,True
2020 10 30 13:36:14,0.0,정상,0.032,0.0,정상,True
2020 10 30 13:36:19,0.0,정상,3.154574132492114e-05,0.0,정상,True
2020 10 30 13:36:24,0.0,정상,3.154574132492114e-05,0.0,정상,True
2020 10 30 13:36:29,0.0,정상,3.154574132492114e-05,0.0,정상,True
2020 10 30 13:36:34,0.0,정상,3.154574132492114e-05,0.0,정상,True
2020 10 30 13:36:39,0.0,정상,3.154574132492114e-05,0.0,정상,True
2020 10 30 13:36:44,0.0,정상,0.0,0.0,정상,True
2020 10 30 13:36:49,0.0,정상,0.0,0.0,정상,True
2020 10 30 13:36:54,0.0,정상,0.0,0.0,정상,True
2020 10 30 13:36:59,0.0,정상,0.0,0.0,정상,True
2020 10 30 13:37:04,0.0,정상,0.0,0.0,정상,True
2020 10 30 13:37:09,0.0,정상,0.0,0.0,정상,True
2020 10 30 13:37:14,0.0,정상,0.0,0.0,정상,True
2020 10 30 13:37:19,0.0,정상,0.0,0.0,정상,True
2020 10 30 13:37:24,0.0,정상,0.0,0.0,정상,True
2020 10 30 13:37:29,0.0,정상,0.0,0.0,정상,True
2020 10 30 13:37:34,0.0,정상,0.0,0.0,정상,True
2020 10 30 13:37:39,0.0,정상,0.0,0.0,정상,True
2020 10 30 13:37:44,0.0,정상,0.0,0.0,정상,True
2020 10 30 13:37:49,0.0,정상,0.0,0.0,정상,True
2020 10 30 13:37:54,0.0,정상,0.0,0.0,정상,True
2020 10 30 13:37:59,0.0,정상,1.3253810470510272e-05,0.0,정상,True
2020 10 30 13:38:04,0.0,정상,1.3253810470510272e-05,0.0,정상,True
2020 10 30 13:38:09,0.0,정상,1.3253810470510272e-05,0.0,정상,True
2020 10 30 13:38:14,0.0,정상,1.3253810470510272e-05,0.0,정상,True
2020 10 30 13:38:19,0.0,정상,1.3253810470510272e-05,0.0,정상,True
2020 10 30 13:38:24,0.0,정상,1.3253810470510272e-05,0.0,정상,True
2020 10 30 13:38:29,0.0,정상,1.3253810470510272e-05,0.0,정상,True
2020 10 30 13:38:34,0.0,정상,1.3253810470510272e-05,0.0,정상,True
2020 10 30 13:38:39,0.0,정상,0.0,0.0,정상,True
2020 10 30 13:38:44,0.0,정상,0.0,0.0,정상,True
2020 10 30 13:38:49,0.0,정상,0.00011857707509881423,0.0,정상,True
2020 10 30 13:38:54,0.0,정상,0.00011857707509881423,0.0,정상,True
2020 10 30 13:38:59,0.0,정상,0.00011857707509881423,0.0,정상,True
2020 10 30 13:39:04,0.0,정상,0.00011857707509881423,0.0,정상,True
2020 10 30 13:39:09,0.0,정상,0.00011857707509881423,0.0,정상,True
2020 10 30 13:39:14,0.0,정상,0.00011857707509881423,0.0,정상,True
2020 10 30 13:39:19,0.0,정상,0.00011857707509881423,0.0,정상,True
2020 10 30 13:39:24,0.0,정상,0.00011857707509881423,0.0,정상,True
2020 10 30 13:39:29,0.0,정상,0.00011857707509881423,0.0,정상,True
2020 10 30 13:39:34,0.0,정상,0.00011857707509881423,0.0,정상,True
2020 10 30 13:39:39,0.0,정상,0.00011857707509881423,0.0,정상,True
2020 10 30 13:39:44,0.0,정상,0.00011857707509881423,0.0,정상,True
2020 10 30 13:39:49,0.0,정상,0.00011857707509881423,0.0,정상,True
2020 10 30 13:39:54,0.0,정상,0.00011857707509881423,0.0,정상,True
2020 10 30 13:39:59,0.0,정상,0.00011857707509881423,0.0,정상,True
2020 10 30 13:40:04,0.0,정상,0.00011857707509881423,0.0,정상,True
2020 10 30 13:40:09,0.0,정상,0.00011857707509881423,0.0,정상,True
2020 10 30 13:40:14,0.0,정상,0.00011857707509881423,0.0,정상,True
2020 10 30 13:40:19,0.0,정상,0.00011857707509881423,0.0,정상,True
2020 10 30 13:40:24,0.0,정상,0.00011857707509881423,0.0,정상,True
2020 10 30 13:40:29,0.0,정상,0.00011857707509881423,0.0,정상,True
2020 10 30 13:40:34,0.0,정상,0.00011857707509881423,0.0,정상,True
2020 10 30 13:40:39,0.0,정상,0.00011857707509881423,0.0,정상,True
2020 10 30 13:40:44,0.0,정상,0.00011857707509881423,0.0,정상,True
2020 10 30 13:40:49,0.0,정상,0.00011857707509881423,0.0,정상,True
2020 10 30 13:40:54,0.0,정상,0.00011857707509881423,0.0,정상,True
2020 10 30 13:40:59,0.0,정상,0.00011857707509881423,0.0,정상,True
2020 10 30 13:41:04,0.0,정상,0.00011857707509881423,0.0,정상,True
2020 10 30 13:41:09,0.0,정상,0.00011857707509881423,0.0,정상,True
2020 10 30 13:41:14,0.0,정상,0.00011857707509881423,0.0,정상,True
2020 10 30 13:41:19,0.0,정상,0.00011857707509881423,0.0,정상,True
2020 10 30 13:41:24,0.0,정상,0.00011857707509881423,0.0,정상,True
2020 10 30 13:41:29,0.0,정상,0.00011857707509881423,0.0,정상,True
2020 10 30 13:41:34,0.0,정상,0.00011857707509881423,0.0,정상,True
2020 10 30 13:41:39,0.0,정상,0.00011857707509881423,0.0,정상,True
2020 10 30 13:41:44,0.0,정상,0.00011857707509881423,0.0,정상,True
2020 10 30 13:41:49,0.0,정상,0.00011857707509881423,0.0,정상,True
2020 10 30 13:41:54,0.0,정상,0.00011857707509881423,0.0,정상,True
2020 10 30 13:41:59,0.0,정상,0.00011857707509881423,0.0,정상,True
2020 10 30 13:42:04,0.0,정상,0.00011857707509881423,0.0,정상,True
2020 10 30 13:42:09,0.0,정상,0.00011857707509881423,0.0,정상,True
2020 10 30 13:42:14,0.0,정상,0.00011857707509881423,0.0,정상,True
2020 10 30 13:42:19,0.0,정상,0.00011857707509881423,0.0,정상,True
2020 10 30 13:42:24,0.0,정상,0.00011857707509881423,0.0,정상,True
2020 10 30 13:42:29,0.0,정상,0.00011857707509881423,0.0,정상,True
2020 10 30 13:42:34,0.0,정상,0.00011857707509881423,0.0,정상,True
2020 10 30 13:42:39,0.0,정상,0.0,0.0,정상,True
2020 10 30 13:42:44,0.0,정상,1.3253810470510272e-05,0.0,정상,True
2020 10 30 13:42:49,0.0,정상,0.0,0.0,정상,True
2020 10 30 13:42:54,0.0,정상,1.3253810470510272e-05,0.0,정상,True
2020 10 30 13:42:59,0.0,정상,1.3253810470510272e-05,0.0,정상,True
2020 10 30 13:43:04,0.0,정상,0.00014920916290352924,0.0,정상,True
2020 10 30 13:43:09,0.0,정상,4.4799551795431405e-05,0.0,정상,True
2020 10 30 13:43:14,0.0,정상,0.0002458454623231289,0.0,정상,True
2020 10 30 13:43:19,0.0,정상,1.3253810470510272e-05,0.0,정상,True
2020 10 30 13:43:24,0.0,정상,0.00014920916290352924,0.0,정상,True
2020 10 30 13:43:29,0.0,정상,0.00014920916290352924,0.0,정상,True
2020 10 30 13:43:34,0.0,정상,1.3253810470510272e-05,0.0,정상,True
2020 10 30 13:43:39,0.0,정상,1.3253810470510272e-05,0.0,정상,True
2020 10 30 13:43:44,0.0,정상,1.3253810470510272e-05,0.0,정상,True
2020 10 30 13:43:49,0.0,정상,1.3253810470510272e-05,0.0,정상,True
2020 10 30 13:43:54,0.0,정상,0.00017718823670001847,0.0,정상,True
2020 10 30 13:43:59,0.0,정상,1.3253810470510272e-05,0.0,정상,True
2020 10 30 13:44:04,0.0,정상,1.3253810470510272e-05,0.0,정상,True
2020 10 30 13:44:09,0.0,정상,0.00017718823670001847,0.0,정상,True
2020 10 30 13:44:14,0.0,정상,1.3253810470510272e-05,0.0,정상,True
2020 10 30 13:44:19,0.0,정상,1.3253810470510272e-05,0.0,정상,True
2020 10 30 13:44:24,0.0,정상,1.3253810470510272e-05,0.0,정상,True
2020 10 30 13:44:29,0.0,정상,1.3253810470510272e-05,0.0,정상,True
2020 10 30 13:44:34,0.0,정상,1.3253810470510272e-05,0.0,정상,True
2020 10 30 13:44:39,0.0,정상,1.3253810470510272e-05,0.0,정상,True
2020 10 30 13:44:44,0.0,정상,1.3253810470510272e-05,0.0,정상,True
2020 10 30 13:44:49,0.0,정상,0.00017718823670001847,0.0,정상,True
2020 10 30 13:44:54,0.0,정상,0.0001098901098901099,0.0,정상,True
2020 10 30 13:44:59,0.0,정상,1.3253810470510272e-05,0.0,정상,True
2020 10 30 13:45:04,0.0,정상,0.0001098901098901099,0.0,정상,True
2020 10 30 13:45:09,0.0,정상,0.0001098901098901099,0.0,정상,True
2020 10 30 13:45:14,0.0,정상,0.0,0.0,정상,True
2020 10 30 13:45:19,0.0,정상,0.0,0.0,정상,True
2020 10 30 13:45:24,0.0,정상,0.0,0.0,정상,True
2020 10 30 13:45:29,0.0,정상,0.0,0.0,정상,True
2020 10 30 13:45:34,0.0,정상,0.0,0.0,정상,True
2020 10 30 13:45:39,0.0,정상,0.0,0.0,정상,True
2020 10 30 13:45:44,0.0,정상,0.0,0.0,정상,True
2020 10 30 13:45:49,0.0,정상,0.0,0.0,정상,True
2020 10 30 13:45:54,0.0,정상,0.0,0.0,정상,True
2020 10 30 13:45:59,0.0,정상,0.0,0.0,정상,True
2020 10 30 13:46:04,0.0,정상,0.0,0.0,정상,True
2020 10 30 13:46:09,0.0,정상,0.0,0.0,정상,True
2020 10 30 13:46:14,0.0,정상,0.0,0.0,정상,True
2020 10 30 13:46:19,0.0,정상,0.0,0.0,정상,True
2020 10 30 13:46:24,0.0,정상,0.0,0.0,정상,True
2020 10 30 13:46:29,0.0,정상,3.154574132492114e-05,0.0,정상,True
2020 10 30 13:46:34,0.0,정상,0.0,0.0,정상,True
2020 10 30 13:46:39,0.0,정상,3.154574132492114e-05,0.0,정상,True
2020 10 30 13:46:44,0.0,정상,3.154574132492114e-05,0.0,정상,True
2020 10 30 13:46:49,0.0,정상,3.154574132492114e-05,0.0,정상,True
2020 10 30 13:46:54,0.0,정상,3.154574132492114e-05,0.0,정상,True
2020 10 30 13:46:59,0.0,정상,3.154574132492114e-05,0.0,정상,True
2020 10 30 13:47:04,0.0,정상,3.154574132492114e-05,0.0,정상,True
2020 10 30 13:47:09,0.0,정상,3.154574132492114e-05,0.0,정상,True
2020 10 30 13:47:14,0.0,정상,0.0002458454623231289,0.0,정상,True
2020 10 30 13:47:19,0.0,정상,0.00040977988855263716,0.0,정상,True
2020 10 30 13:47:24,0.0,정상,0.0002458454623231289,0.0,정상,True
2020 10 30 13:47:29,0.0,정상,0.0002458454623231289,0.0,정상,True
2020 10 30 13:47:34,0.0,정상,0.0002458454623231289,0.0,정상,True
2020 10 30 13:47:39,0.0,정상,0.0002458454623231289,0.0,정상,True
2020 10 30 13:47:44,0.0,정상,0.0002458454623231289,0.0,정상,True
2020 10 30 13:47:49,0.0,정상,0.0002458454623231289,0.0,정상,True
2020 10 30 13:47:54,0.0,정상,0.00040977988855263716,0.0,정상,True
2020 10 30 13:47:59,0.0,정상,0.00040977988855263716,0.0,정상,True
2020 10 30 13:48:04,0.0,정상,0.0002458454623231289,0.0,정상,True
2020 10 30 13:48:09,0.0,정상,0.0002458454623231289,0.0,정상,True
2020 10 30 13:48:14,0.0,정상,0.0002458454623231289,0.0,정상,True
2020 10 30 13:48:19,0.0,정상,0.0002458454623231289,0.0,정상,True
2020 10 30 13:48:24,0.0,정상,0.00040977988855263716,0.0,정상,True
2020 10 30 13:48:29,0.0,정상,0.0002458454623231289,0.0,정상,True
2020 10 30 13:48:34,0.0,정상,0.0002458454623231289,0.0,정상,True
2020 10 30 13:48:39,0.0,정상,0.0001098901098901099,0.0,정상,True
2020 10 30 13:48:44,0.0,정상,0.0001098901098901099,0.0,정상,True
2020 10 30 13:48:49,0.0,정상,0.0001098901098901099,0.0,정상,True
2020 10 30 13:48:54,0.0,정상,0.0001098901098901099,0.0,정상,True
2020 10 30 13:48:59,0.0,정상,0.0002738245361196181,0.0,정상,True
2020 10 30 13:49:04,0.0,정상,0.0001098901098901099,0.0,정상,True
2020 10 30 13:49:09,0.0,정상,0.0001098901098901099,0.0,정상,True
2020 10 30 13:49:14,0.0,정상,0.0001098901098901099,0.0,정상,True
2020 10 30 13:49:19,0.0,정상,0.0002738245361196181,0.0,정상,True
2020 10 30 13:49:24,0.0,정상,0.0001098901098901099,0.0,정상,True
2020 10 30 13:49:29,0.0,정상,0.0,0.0,정상,True
2020 10 30 13:49:34,0.0,정상,0.0,0.0,정상,True
2020 10 30 13:49:39,0.0,정상,0.0,0.0,정상,True
2020 10 30 13:49:44,0.0,정상,0.0,0.0,정상,True
2020 10 30 13:49:49,0.0,정상,0.0,0.0,정상,True
2020 10 30 13:49:54,0.0,정상,0.0,0.0,정상,True
2020 10 30 13:49:59,0.0,정상,0.0,0.0,정상,True
2020 10 30 13:50:04,0.0,정상,0.0,0.0,정상,True
2020 10 30 13:50:09,0.0,정상,0.0,0.0,정상,True
2020 10 30 13:50:14,0.0,정상,0.0,0.0,정상,True
2020 10 30 13:50:19,0.0,정상,0.0,0.0,정상,True
2020 10 30 13:50:24,0.0,정상,0.0,0.0,정상,True
2020 10 30 13:50:29,0.0,정상,0.0,0.0,정상,True
2020 10 30 13:50:34,0.0,정상,0.0,0.0,정상,True
2020 10 30 13:50:39,0.0,정상,0.0,0.0,정상,True
2020 10 30 13:50:44,0.0,정상,0.0,0.0,정상,True
2020 10 30 13:50:49,0.0,정상,0.0,0.0,정상,True
2020 10 30 13:50:54,0.0,정상,0.0,0.0,정상,True
2020 10 30 13:50:59,0.0,정상,0.0,0.0,정상,True
2020 10 30 13:51:04,0.0,정상,0.0,0.0,정상,True
2020 10 30 13:51:09,0.0,정상,0.0,0.0,정상,True
2020 10 30 13:51:14,0.0,정상,0.0,0.0,정상,True
2020 10 30 13:51:19,0.0,정상,0.0,0.0,정상,True
2020 10 30 13:51:24,0.0,정상,0.0,0.0,정상,True
2020 10 30 13:51:29,0.0,정상,0.0,0.0,정상,True
2020 10 30 13:51:34,0.0,정상,0.0,0.0,정상,True
2020 10 30 13:51:39,0.0,정상,0.0,0.0,정상,True
2020 10 30 13:51:44,0.0,정상,0.0,0.0,정상,True
2020 10 30 13:51:49,0.0,정상,5.555555555555556e-05,0.0,정상,True
2020 10 30 13:51:54,0.0,정상,5.555555555555556e-05,0.0,정상,True
2020 10 30 13:51:59,0.0,정상,5.555555555555556e-05,0.0,정상,True
2020 10 30 13:52:04,0.0,정상,0.007008866524211793,0.0,정상,True
2020 10 30 13:52:09,0.0,정상,0.007008866524211793,0.0,정상,True
2020 10 30 13:52:14,0.0,정상,0.007008866524211793,0.0,정상,True
2020 10 30 13:52:19,0.0,정상,0.016840799297321032,0.0,정상,True
2020 10 30 13:52:24,0.0,정상,0.01017413263065437,0.0,정상,True
2020 10 30 13:52:29,0.0,정상,0.00017413263065436978,0.0,정상,True
2020 10 30 13:52:34,0.0,정상,0.0003465464237578181,0.0,정상,True
2020 10 30 13:52:39,0.0,정상,0.0003465464237578181,0.0,정상,True
2020 10 30 13:52:44,0.0,정상,0.0003465464237578181,0.0,정상,True
2020 10 30 13:52:49,0.0,정상,0.0003465464237578181,0.0,정상,True
2020 10 30 13:52:54,0.0,정상,0.0011012634048898934,0.0,정상,True
2020 10 30 13:52:59,0.0,정상,0.0011012634048898934,0.0,정상,True
2020 10 30 13:53:04,0.0,정상,0.0011012634048898934,0.0,정상,True
2020 10 30 13:53:09,0.0,정상,0.0009288496117864452,0.0,정상,True
2020 10 30 13:53:14,0.0,정상,0.0011012634048898934,0.0,정상,True
2020 10 30 13:53:19,0.0,정상,0.010928849611786444,0.0,정상,True
2020 10 30 13:53:24,0.0,정상,0.0009288496117864452,0.0,정상,True
2020 10 30 13:53:29,0.0,정상,5.555555555555556e-05,0.0,정상,True
2020 10 30 13:53:34,0.0,정상,5.555555555555556e-05,0.0,정상,True
2020 10 30 13:53:39,0.0,정상,5.555555555555556e-05,0.0,정상,True
2020 10 30 13:53:44,0.0,정상,5.555555555555556e-05,0.0,정상,True
2020 10 30 13:53:49,0.0,정상,5.555555555555556e-05,0.0,정상,True
2020 10 30 13:53:54,0.0,정상,5.555555555555556e-05,0.0,정상,True
2020 10 30 13:53:59,0.0,정상,5.555555555555556e-05,0.0,정상,True
2020 10 30 13:54:04,0.0,정상,5.555555555555556e-05,0.0,정상,True
2020 10 30 13:54:09,0.0,정상,5.555555555555556e-05,0.0,정상,True
2020 10 30 13:54:14,0.0,정상,0.00013564498620086504,0.0,정상,True
2020 10 30 13:54:19,0.0,정상,0.00013564498620086504,0.0,정상,True
2020 10 30 13:54:24,0.0,정상,5.555555555555556e-05,0.0,정상,True
2020 10 30 13:54:29,0.0,정상,0.0,0.0,정상,True
2020 10 30 13:54:34,0.0,정상,0.0,0.0,정상,True
2020 10 30 13:54:39,0.0,정상,0.0,0.0,정상,True
2020 10 30 13:54:44,0.0,정상,0.0,0.0,정상,True
2020 10 30 13:54:49,0.0,정상,0.0,0.0,정상,True
2020 10 30 13:54:54,0.0,정상,0.0,0.0,정상,True
2020 10 30 13:54:59,0.0,정상,0.0,0.0,정상,True
2020 10 30 13:55:04,0.0,정상,0.0,0.0,정상,True
2020 10 30 13:55:09,0.0,정상,0.0,0.0,정상,True
2020 10 30 13:55:14,0.0,정상,0.0001639344262295082,0.0,정상,True
2020 10 30 13:55:19,0.0,정상,0.0,0.0,정상,True
2020 10 30 13:55:24,0.0,정상,0.0,0.0,정상,True
2020 10 30 13:55:29,0.0,정상,0.0,0.0,정상,True
2020 10 30 13:55:34,0.0,정상,0.0001639344262295082,0.0,정상,True
2020 10 30 13:55:39,0.0,정상,0.0,0.0,정상,True
2020 10 30 13:55:44,0.0,정상,0.0,0.0,정상,True
2020 10 30 13:55:49,0.0,정상,0.0,0.0,정상,True
2020 10 30 13:55:54,0.0,정상,0.0,0.0,정상,True
2020 10 30 13:55:59,0.0,정상,0.0,0.0,정상,True
2020 10 30 13:56:04,0.0,정상,0.0,0.0,정상,True
2020 10 30 13:56:09,0.0,정상,0.0,0.0,정상,True
2020 10 30 13:56:14,0.0,정상,0.0,0.0,정상,True
2020 10 30 13:56:19,0.0,정상,0.0,0.0,정상,True
2020 10 30 13:56:24,0.0,정상,0.0,0.0,정상,True
2020 10 30 13:56:29,0.0,정상,0.0001098901098901099,0.0,정상,True
2020 10 30 13:56:34,0.0,정상,0.0001098901098901099,0.0,정상,True
2020 10 30 13:56:39,0.0,정상,0.0001098901098901099,0.0,정상,True
2020 10 30 13:56:44,0.0,정상,0.0002738245361196181,0.0,정상,True
2020 10 30 13:56:49,0.0,정상,0.00018997954053541938,0.0,정상,True
2020 10 30 13:56:54,0.0,정상,0.00018997954053541938,0.0,정상,True
2020 10 30 13:56:59,0.0,정상,0.00018997954053541938,0.0,정상,True
2020 10 30 13:57:04,0.0,정상,0.00018997954053541938,0.0,정상,True
2020 10 30 13:57:09,0.0,정상,3.154574132492114e-05,0.0,정상,True
2020 10 30 13:57:14,0.0,정상,0.0,0.0,정상,True
2020 10 30 13:57:19,0.0,정상,0.0,0.0,정상,True
2020 10 30 13:57:24,0.0,정상,8.01352408413678e-05,0.0,정상,True
2020 10 30 13:57:29,0.0,정상,3.154574132492114e-05,0.0,정상,True
2020 10 30 13:57:34,0.0,정상,8.01352408413678e-05,0.0,정상,True
2020 10 30 13:57:39,0.0,정상,8.01352408413678e-05,0.0,정상,True
2020 10 30 13:57:44,0.0,정상,4.4799551795431405e-05,0.0,정상,True
2020 10 30 13:57:49,0.0,정상,3.53356890459364e-05,0.0,정상,True
2020 10 30 13:57:54,0.0,정상,8.01352408413678e-05,0.0,정상,True
2020 10 30 13:57:59,0.0,정상,0.0001224369859264131,0.0,정상,True
2020 10 30 13:58:04,0.0,정상,3.154574132492114e-05,0.0,정상,True
2020 10 30 13:58:09,0.0,정상,1.3253810470510272e-05,0.0,정상,True
2020 10 30 13:58:14,0.0,정상,5.555555555555556e-05,0.0,정상,True
2020 10 30 13:58:19,0.0,정상,5.555555555555556e-05,0.0,정상,True
2020 10 30 13:58:24,0.0,정상,0.0003465464237578181,0.0,정상,True
2020 10 30 13:58:29,0.0,정상,0.00011857707509881423,0.0,정상,True
2020 10 30 13:58:34,0.0,정상,0.00011857707509881423,0.0,정상,True
2020 10 30 13:58:39,0.0,정상,0.00011857707509881423,0.0,정상,True
2020 10 30 13:58:44,0.0,정상,0.000921837745551278,0.0,정상,True
2020 10 30 13:58:49,0.0,정상,0.000921837745551278,0.0,정상,True
2020 10 30 13:58:54,0.0,정상,0.0008732940562308897,0.0,정상,True
2020 10 30 13:58:59,0.0,정상,0.0008732940562308897,0.0,정상,True
2020 10 30 13:59:04,0.0,정상,0.0008732940562308897,0.0,정상,True
2020 10 30 13:59:09,0.0,정상,0.0008732940562308897,0.0,정상,True
2020 10 30 13:59:14,0.0,정상,0.0008732940562308897,0.0,정상,True
2020 10 30 13:59:19,0.0,정상,0.0007876117179741807,0.0,정상,True
2020 10 30 13:59:24,0.0,정상,0.0009556789448649369,0.0,정상,True
2020 10 30 13:59:29,0.0,정상,0.0009556789448649369,0.0,정상,True
2020 10 30 13:59:34,0.0,정상,0.0009556789448649369,0.0,정상,True
2020 10 30 13:59:39,0.0,정상,0.0010042226341853253,0.0,정상,True
2020 10 30 13:59:44,0.0,정상,0.0009556789448649369,0.0,정상,True
2020 10 30 13:59:49,0.0,정상,0.0009556789448649369,0.0,정상,True
2020 10 30 13:59:54,0.0,정상,0.00020096196373286157,0.0,정상,True
2020 10 30 13:59:59,0.0,정상,0.0,0.0,정상,True
2020 10 30 14:00:04,0.0,정상,0.0,0.0,정상,True
2020 10 30 14:00:09,0.0,정상,3.289473684210526e-05,0.0,정상,True
2020 10 30 14:00:14,0.0,정상,3.289473684210526e-05,0.0,정상,True
2020 10 30 14:00:19,0.0,정상,3.289473684210526e-05,0.0,정상,True
2020 10 30 14:00:24,0.0,정상,0.0,0.0,정상,True
2020 10 30 14:00:29,0.0,정상,3.289473684210526e-05,0.0,정상,True
2020 10 30 14:00:34,0.0,정상,3.289473684210526e-05,0.0,정상,True
2020 10 30 14:00:39,0.0,정상,3.289473684210526e-05,0.0,정상,True
2020 10 30 14:00:44,0.0,정상,3.289473684210526e-05,0.0,정상,True
2020 10 30 14:00:49,0.0,정상,3.289473684210526e-05,0.0,정상,True
2020 10 30 14:00:54,0.0,정상,3.289473684210526e-05,0.0,정상,True
2020 10 30 14:00:59,0.0,정상,3.289473684210526e-05,0.0,정상,True
2020 10 30 14:01:04,0.0,정상,3.289473684210526e-05,0.0,정상,True
2020 10 30 14:01:09,0.0,정상,3.289473684210526e-05,0.0,정상,True
2020 10 30 14:01:14,0.0,정상,3.289473684210526e-05,0.0,정상,True
2020 10 30 14:01:19,0.0,정상,3.289473684210526e-05,0.0,정상,True
2020 10 30 14:01:24,0.0,정상,3.289473684210526e-05,0.0,정상,True
2020 10 30 14:01:29,0.0,정상,3.289473684210526e-05,0.0,정상,True
2020 10 30 14:01:34,0.0,정상,4.614854731261553e-05,0.0,정상,True
2020 10 30 14:01:39,0.0,정상,0.00021008297354212373,0.0,정상,True
2020 10 30 14:01:44,0.0,정상,0.0002901724041874332,0.0,정상,True
2020 10 30 14:01:49,0.0,정상,4.614854731261553e-05,0.0,정상,True
2020 10 30 14:01:54,0.0,정상,0.000126237977957925,0.0,정상,True
2020 10 30 14:01:59,0.0,정상,0.000126237977957925,0.0,정상,True
2020 10 30 14:02:04,0.0,정상,0.000126237977957925,0.0,정상,True
2020 10 30 14:02:09,0.0,정상,1.3253810470510272e-05,0.0,정상,True
2020 10 30 14:02:14,0.0,정상,0.005013253810470511,0.0,정상,True
2020 10 30 14:02:19,0.0,정상,0.01223547603269273,0.0,정상,True
2020 10 30 14:02:24,0.0,정상,1.3253810470510272e-05,0.0,정상,True
2020 10 30 14:02:29,0.0,정상,0.0022354760326927323,0.0,정상,True
2020 10 30 14:02:34,0.0,정상,0.0022354760326927323,0.0,정상,True
2020 10 30 14:02:39,0.0,정상,0.0022354760326927323,0.0,정상,True
2020 10 30 14:02:44,0.0,정상,1.3253810470510272e-05,0.0,정상,True
2020 10 30 14:02:49,0.0,정상,1.3253810470510272e-05,0.0,정상,True
2020 10 30 14:02:54,0.0,정상,1.3253810470510272e-05,0.0,정상,True
2020 10 30 14:02:59,0.0,정상,1.3253810470510272e-05,0.0,정상,True
2020 10 30 14:03:04,0.0,정상,1.3253810470510272e-05,0.0,정상,True
2020 10 30 14:03:09,0.0,정상,1.3253810470510272e-05,0.0,정상,True
2020 10 30 14:03:14,0.0,정상,1.3253810470510272e-05,0.0,정상,True
2020 10 30 14:03:19,0.0,정상,1.3253810470510272e-05,0.0,정상,True
2020 10 30 14:03:24,0.0,정상,1.3253810470510272e-05,0.0,정상,True
2020 10 30 14:03:29,0.0,정상,1.3253810470510272e-05,0.0,정상,True
2020 10 30 14:03:34,0.0,정상,1.3253810470510272e-05,0.0,정상,True
2020 10 30 14:03:39,0.0,정상,1.3253810470510272e-05,0.0,정상,True
2020 10 30 14:03:44,0.0,정상,1.3253810470510272e-05,0.0,정상,True
2020 10 30 14:03:49,0.0,정상,1.3253810470510272e-05,0.0,정상,True
2020 10 30 14:03:54,0.0,정상,1.3253810470510272e-05,0.0,정상,True
2020 10 30 14:03:59,0.0,정상,1.3253810470510272e-05,0.0,정상,True
2020 10 30 14:04:04,0.0,정상,1.3253810470510272e-05,0.0,정상,True
2020 10 30 14:04:09,0.0,정상,8.148423635855193e-05,0.0,정상,True
2020 10 30 14:04:14,0.0,정상,0.00014278484673221515,0.0,정상,True
2020 10 30 14:04:19,0.0,정상,8.148423635855193e-05,0.0,정상,True
2020 10 30 14:04:24,0.0,정상,0.0001098901098901099,0.0,정상,True
2020 10 30 14:04:29,0.0,정상,4.858949951644667e-05,0.0,정상,True
2020 10 30 14:04:34,0.0,정상,0.0001098901098901099,0.0,정상,True
2020 10 30 14:04:39,0.0,정상,4.858949951644667e-05,0.0,정상,True
2020 10 30 14:04:44,0.0,정상,4.858949951644667e-05,0.0,정상,True
2020 10 30 14:04:49,0.0,정상,9.089124460149196e-05,0.0,정상,True
2020 10 30 14:04:54,0.0,정상,5.555555555555556e-05,0.0,정상,True
2020 10 30 14:04:59,0.0,정상,5.555555555555556e-05,0.0,정상,True
2020 10 30 14:05:04,0.0,정상,9.089124460149196e-05,0.0,정상,True
2020 10 30 14:05:09,0.0,정상,5.555555555555556e-05,0.0,정상,True
2020 10 30 14:05:14,0.0,정상,5.555555555555556e-05,0.0,정상,True
2020 10 30 14:05:19,0.0,정상,3.154574132492114e-05,0.0,정상,True
2020 10 30 14:05:24,0.0,정상,3.154574132492114e-05,0.0,정상,True
2020 10 30 14:05:29,0.0,정상,8.71012968804767e-05,0.0,정상,True
2020 10 30 14:05:34,0.0,정상,3.154574132492114e-05,0.0,정상,True
2020 10 30 14:05:39,0.0,정상,3.154574132492114e-05,0.0,정상,True
2020 10 30 14:05:44,0.0,정상,0.0,0.0,정상,True
2020 10 30 14:05:49,0.0,정상,5.555555555555556e-05,0.0,정상,True
2020 10 30 14:05:54,0.0,정상,5.555555555555556e-05,0.0,정상,True
2020 10 30 14:05:59,0.0,정상,5.555555555555556e-05,0.0,정상,True
2020 10 30 14:06:04,0.0,정상,9.089124460149196e-05,0.0,정상,True
2020 10 30 14:06:09,0.0,정상,5.555555555555556e-05,0.0,정상,True
2020 10 30 14:06:14,0.0,정상,9.089124460149196e-05,0.0,정상,True
2020 10 30 14:06:19,0.0,정상,9.089124460149196e-05,0.0,정상,True
2020 10 30 14:06:24,0.0,정상,9.089124460149196e-05,0.0,정상,True
2020 10 30 14:06:29,0.0,정상,9.089124460149196e-05,0.0,정상,True
2020 10 30 14:06:34,0.0,정상,9.089124460149196e-05,0.0,정상,True
2020 10 30 14:06:39,0.0,정상,9.089124460149196e-05,0.0,정상,True
2020 10 30 14:06:44,0.0,정상,4.858949951644667e-05,0.0,정상,True
2020 10 30 14:06:49,0.0,정상,0.0,0.0,정상,True
2020 10 30 14:06:54,0.0,정상,4.858949951644667e-05,0.0,정상,True
2020 10 30 14:06:59,0.0,정상,4.858949951644667e-05,0.0,정상,True
2020 10 30 14:07:04,0.0,정상,0.0,0.0,정상,True
2020 10 30 14:07:09,0.0,정상,4.858949951644667e-05,0.0,정상,True
2020 10 30 14:07:14,0.0,정상,0.0,0.0,정상,True
2020 10 30 14:07:19,0.0,정상,4.858949951644667e-05,0.0,정상,True
2020 10 30 14:07:24,0.0,정상,4.858949951644667e-05,0.0,정상,True
2020 10 30 14:07:29,0.0,정상,4.858949951644667e-05,0.0,정상,True
2020 10 30 14:07:34,0.0,정상,4.858949951644667e-05,0.0,정상,True
2020 10 30 14:07:39,0.0,정상,4.858949951644667e-05,0.0,정상,True
2020 10 30 14:07:44,0.0,정상,4.858949951644667e-05,0.0,정상,True
2020 10 30 14:07:49,0.0,정상,0.0,0.0,정상,True
2020 10 30 14:07:54,0.0,정상,4.858949951644667e-05,0.0,정상,True
2020 10 30 14:07:59,0.0,정상,4.858949951644667e-05,0.0,정상,True
2020 10 30 14:08:04,0.0,정상,4.858949951644667e-05,0.0,정상,True
2020 10 30 14:08:09,0.0,정상,4.858949951644667e-05,0.0,정상,True
2020 10 30 14:08:14,0.0,정상,4.858949951644667e-05,0.0,정상,True
2020 10 30 14:08:19,0.0,정상,4.858949951644667e-05,0.0,정상,True
2020 10 30 14:08:24,0.0,정상,4.858949951644667e-05,0.0,정상,True
2020 10 30 14:08:29,0.0,정상,4.858949951644667e-05,0.0,정상,True
2020 10 30 14:08:34,0.0,정상,4.858949951644667e-05,0.0,정상,True
2020 10 30 14:08:39,0.0,정상,0.0,0.0,정상,True
2020 10 30 14:08:44,0.0,정상,4.858949951644667e-05,0.0,정상,True
2020 10 30 14:08:49,0.0,정상,4.858949951644667e-05,0.0,정상,True
2020 10 30 14:08:54,0.0,정상,4.858949951644667e-05,0.0,정상,True
2020 10 30 14:08:59,0.0,정상,4.858949951644667e-05,0.0,정상,True
2020 10 30 14:09:04,0.0,정상,0.0,0.0,정상,True
2020 10 30 14:09:09,0.0,정상,4.858949951644667e-05,0.0,정상,True
2020 10 30 14:09:14,0.0,정상,0.0,0.0,정상,True
2020 10 30 14:09:19,0.0,정상,0.0,0.0,정상,True
2020 10 30 14:09:24,0.0,정상,0.00027234840212564604,0.0,정상,True
2020 10 30 14:09:29,0.0,정상,0.0,0.0,정상,True
2020 10 30 14:09:34,0.0,정상,0.0,0.0,정상,True
2020 10 30 14:09:39,0.0,정상,0.00027234840212564604,0.0,정상,True
2020 10 30 14:09:44,0.0,정상,0.0,0.0,정상,True
2020 10 30 14:09:49,0.0,정상,0.0,0.0,정상,True
2020 10 30 14:09:54,0.0,정상,0.0,0.0,정상,True
2020 10 30 14:09:59,0.0,정상,0.00027234840212564604,0.0,정상,True
2020 10 30 14:10:04,0.0,정상,0.0,0.0,정상,True
2020 10 30 14:10:09,0.0,정상,0.0,0.0,정상,True
2020 10 30 14:10:14,0.0,정상,0.0,0.0,정상,True
2020 10 30 14:10:19,0.0,정상,0.0,0.0,정상,True
2020 10 30 14:10:24,0.0,정상,0.0,0.0,정상,True
2020 10 30 14:10:29,0.0,정상,0.0,0.0,정상,True
2020 10 30 14:10:34,0.0,정상,0.0,0.0,정상,True
2020 10 30 14:10:39,0.0,정상,0.0,0.0,정상,True
2020 10 30 14:10:44,0.0,정상,0.0,0.0,정상,True
2020 10 30 14:10:49,0.0,정상,0.0,0.0,정상,True
2020 10 30 14:10:54,0.0,정상,0.002,0.0,정상,True
2020 10 30 14:10:59,0.0,정상,0.002,0.0,정상,True
2020 10 30 14:11:04,0.0,정상,0.002,0.0,정상,True
2020 10 30 14:11:09,0.0,정상,0.002,0.0,정상,True
2020 10 30 14:11:14,0.0,정상,0.0,0.0,정상,True
2020 10 30 14:11:19,0.0,정상,0.0,0.0,정상,True
2020 10 30 14:11:24,0.0,정상,0.0,0.0,정상,True
2020 10 30 14:11:29,0.0,정상,0.0,0.0,정상,True
2020 10 30 14:11:34,0.0,정상,0.0,0.0,정상,True
2020 10 30 14:11:39,0.0,정상,0.0,0.0,정상,True
2020 10 30 14:11:44,0.0,정상,0.0,0.0,정상,True
2020 10 30 14:11:49,0.0,정상,0.0,0.0,정상,True
2020 10 30 14:11:54,0.0,정상,0.0,0.0,정상,True
2020 10 30 14:11:59,0.0,정상,0.0,0.0,정상,True
2020 10 30 14:12:04,0.0,정상,0.0,0.0,정상,True
2020 10 30 14:12:09,0.0,정상,0.0,0.0,정상,True
2020 10 30 14:12:14,0.0,정상,0.0,0.0,정상,True
2020 10 30 14:12:19,0.0,정상,0.0,0.0,정상,True
2020 10 30 14:12:24,0.0,정상,0.0,0.0,정상,True
2020 10 30 14:12:29,0.0,정상,0.0,0.0,정상,True
2020 10 30 14:12:34,0.0,정상,0.0,0.0,정상,True
2020 10 30 14:12:39,0.0,정상,0.0,0.0,정상,True
2020 10 30 14:12:44,0.0,정상,0.0,0.0,정상,True
2020 10 30 14:12:49,0.0,정상,0.0,0.0,정상,True
2020 10 30 14:12:54,0.0,정상,0.0,0.0,정상,True
2020 10 30 14:12:59,0.0,정상,0.0,0.0,정상,True
2020 10 30 14:13:04,0.0,정상,0.0,0.0,정상,True
2020 10 30 14:13:09,0.0,정상,0.0,0.0,정상,True
2020 10 30 14:13:14,0.0,정상,0.0,0.0,정상,True
2020 10 30 14:13:19,0.0,정상,0.0,0.0,정상,True
2020 10 30 14:13:24,0.0,정상,0.0,0.0,정상,True
2020 10 30 14:13:29,0.0,정상,0.0,0.0,정상,True
2020 10 30 14:13:34,0.0,정상,0.0,0.0,정상,True
2020 10 30 14:13:39,0.0,정상,0.0,0.0,정상,True
2020 10 30 14:13:44,0.0,정상,0.0,0.0,정상,True
2020 10 30 14:13:49,0.0,정상,0.0,0.0,정상,True
2020 10 30 14:13:54,0.0,정상,0.0,0.0,정상,True
2020 10 30 14:13:59,0.0,정상,0.0,0.0,정상,True
2020 10 30 14:14:04,0.0,정상,0.0,0.0,정상,True
2020 10 30 14:14:09,0.0,정상,0.0,0.0,정상,True
2020 10 30 14:14:14,0.0,정상,0.0,0.0,정상,True
2020 10 30 14:14:19,0.0,정상,0.0,0.0,정상,True
2020 10 30 14:14:24,0.0,정상,0.0,0.0,정상,True
2020 10 30 14:14:29,0.0,정상,0.0,0.0,정상,True
2020 10 30 14:14:34,0.0,정상,0.0,0.0,정상,True
2020 10 30 14:14:39,0.0,정상,0.0,0.0,정상,True
2020 10 30 14:14:44,0.0,정상,0.0,0.0,정상,True
2020 10 30 14:14:49,0.0,정상,0.0,0.0,정상,True
2020 10 30 14:14:54,0.0,정상,0.0,0.0,정상,True
2020 10 30 14:14:59,0.0,정상,0.0,0.0,정상,True
2020 10 30 14:15:04,0.0,정상,0.0,0.0,정상,True
2020 10 30 14:15:09,0.0,정상,0.0,0.0,정상,True
2020 10 30 14:15:14,0.0,정상,0.0,0.0,정상,True
2020 10 30 14:15:19,0.0,정상,0.0,0.0,정상,True
2020 10 30 14:15:24,0.0,정상,4.4374142420717735e-05,0.0,정상,True
2020 10 30 14:15:29,0.0,정상,4.4374142420717735e-05,0.0,정상,True
2020 10 30 14:15:34,0.0,정상,4.4374142420717735e-05,0.0,정상,True
2020 10 30 14:15:39,0.0,정상,4.4374142420717735e-05,0.0,정상,True
2020 10 30 14:15:44,0.0,정상,4.4374142420717735e-05,0.0,정상,True
2020 10 30 14:15:49,0.0,정상,4.4374142420717735e-05,0.0,정상,True
2020 10 30 14:15:54,0.0,정상,4.4374142420717735e-05,0.0,정상,True
2020 10 30 14:15:59,0.0,정상,4.4374142420717735e-05,0.0,정상,True
2020 10 30 14:16:04,0.0,정상,3.112033195020747e-05,0.0,정상,True
2020 10 30 14:16:09,0.0,정상,3.112033195020747e-05,0.0,정상,True
2020 10 30 14:16:14,0.0,정상,3.112033195020747e-05,0.0,정상,True
2020 10 30 14:16:19,0.0,정상,8.698625373791697e-05,0.0,정상,True
2020 10 30 14:16:24,0.0,정상,8.698625373791697e-05,0.0,정상,True
2020 10 30 14:16:29,0.0,정상,8.698625373791697e-05,0.0,정상,True
2020 10 30 14:16:34,0.0,정상,3.112033195020747e-05,0.0,정상,True
2020 10 30 14:16:39,0.0,정상,8.698625373791697e-05,0.0,정상,True
2020 10 30 14:16:44,0.0,정상,8.698625373791697e-05,0.0,정상,True
2020 10 30 14:16:49,0.0,정상,8.698625373791697e-05,0.0,정상,True
2020 10 30 14:16:54,0.0,정상,8.698625373791697e-05,0.0,정상,True
2020 10 30 14:16:59,0.0,정상,8.698625373791697e-05,0.0,정상,True
2020 10 30 14:17:04,0.0,정상,8.698625373791697e-05,0.0,정상,True
2020 10 30 14:17:09,0.0,정상,8.698625373791697e-05,0.0,정상,True
2020 10 30 14:17:14,0.0,정상,8.698625373791697e-05,0.0,정상,True
2020 10 30 14:17:19,0.0,정상,8.698625373791697e-05,0.0,정상,True
2020 10 30 14:17:24,0.0,정상,8.698625373791697e-05,0.0,정상,True
2020 10 30 14:17:29,0.0,정상,8.698625373791697e-05,0.0,정상,True
2020 10 30 14:17:34,0.0,정상,8.698625373791697e-05,0.0,정상,True
2020 10 30 14:17:39,0.0,정상,8.698625373791697e-05,0.0,정상,True
2020 10 30 14:17:44,0.0,정상,8.698625373791697e-05,0.0,정상,True
2020 10 30 14:17:49,0.0,정상,8.698625373791697e-05,0.0,정상,True
2020 10 30 14:17:54,0.0,정상,8.698625373791697e-05,0.0,정상,True
2020 10 30 14:17:59,0.0,정상,8.698625373791697e-05,0.0,정상,True
2020 10 30 14:18:04,0.0,정상,8.698625373791697e-05,0.0,정상,True
2020 10 30 14:18:09,0.0,정상,8.698625373791697e-05,0.0,정상,True
2020 10 30 14:18:14,0.0,정상,8.698625373791697e-05,0.0,정상,True
2020 10 30 14:18:19,0.0,정상,3.112033195020747e-05,0.0,정상,True
2020 10 30 14:18:24,0.0,정상,3.112033195020747e-05,0.0,정상,True
2020 10 30 14:18:29,0.0,정상,3.112033195020747e-05,0.0,정상,True
2020 10 30 14:18:34,0.0,정상,3.112033195020747e-05,0.0,정상,True
2020 10 30 14:18:39,0.0,정상,0.0,0.0,정상,True
2020 10 30 14:18:44,0.0,정상,0.0,0.0,정상,True
2020 10 30 14:18:49,0.0,정상,0.0,0.0,정상,True
2020 10 30 14:18:54,0.0,정상,0.0,0.0,정상,True
2020 10 30 14:18:59,0.0,정상,0.0,0.0,정상,True
2020 10 30 14:19:04,0.0,정상,0.0,0.0,정상,True
2020 10 30 14:19:09,0.0,정상,0.0,0.0,정상,True
2020 10 30 14:19:14,0.0,정상,0.0,0.0,정상,True
2020 10 30 14:19:19,0.0,정상,0.0,0.0,정상,True
2020 10 30 14:19:24,0.0,정상,0.0,0.0,정상,True
2020 10 30 14:19:29,0.0,정상,0.0,0.0,정상,True
2020 10 30 14:19:34,0.0,정상,0.0,0.0,정상,True
2020 10 30 14:19:39,0.0,정상,0.0,0.0,정상,True
2020 10 30 14:19:44,0.0,정상,0.0,0.0,정상,True
2020 10 30 14:19:49,0.0,정상,0.0,0.0,정상,True
2020 10 30 14:19:54,0.0,정상,0.0,0.0,정상,True
2020 10 30 14:19:59,0.0,정상,0.0,0.0,정상,True
2020 10 30 14:20:04,0.0,정상,0.0,0.0,정상,True
2020 10 30 14:20:09,0.0,정상,0.0,0.0,정상,True
2020 10 30 14:20:14,0.0,정상,0.0,0.0,정상,True
2020 10 30 14:20:19,0.0,정상,0.0,0.0,정상,True
2020 10 30 14:20:24,0.0,정상,0.0,0.0,정상,True
2020 10 30 14:20:29,0.0,정상,0.0,0.0,정상,True
2020 10 30 14:20:34,0.0,정상,0.0,0.0,정상,True
2020 10 30 14:20:39,0.0,정상,0.0,0.0,정상,True
2020 10 30 14:20:44,0.0,정상,5.58659217877095e-05,0.0,정상,True
2020 10 30 14:20:49,0.0,정상,5.58659217877095e-05,0.0,정상,True
2020 10 30 14:20:54,0.0,정상,0.0,0.0,정상,True
2020 10 30 14:20:59,0.0,정상,0.0,0.0,정상,True
2020 10 30 14:21:04,0.0,정상,5.58659217877095e-05,0.0,정상,True
2020 10 30 14:21:09,0.0,정상,5.58659217877095e-05,0.0,정상,True
2020 10 30 14:21:14,0.0,정상,5.58659217877095e-05,0.0,정상,True
2020 10 30 14:21:19,0.0,정상,5.58659217877095e-05,0.0,정상,True
2020 10 30 14:21:24,0.0,정상,5.58659217877095e-05,0.0,정상,True
2020 10 30 14:21:29,0.0,정상,5.58659217877095e-05,0.0,정상,True
2020 10 30 14:21:34,0.0,정상,5.58659217877095e-05,0.0,정상,True
2020 10 30 14:21:39,0.0,정상,5.58659217877095e-05,0.0,정상,True
2020 10 30 14:21:44,0.0,정상,5.58659217877095e-05,0.0,정상,True
2020 10 30 14:21:49,0.0,정상,5.58659217877095e-05,0.0,정상,True
2020 10 30 14:21:54,0.0,정상,5.58659217877095e-05,0.0,정상,True
2020 10 30 14:21:59,0.0,정상,5.58659217877095e-05,0.0,정상,True
2020 10 30 14:22:04,0.0,정상,5.58659217877095e-05,0.0,정상,True
2020 10 30 14:22:09,0.0,정상,5.58659217877095e-05,0.0,정상,True
2020 10 30 14:22:14,0.0,정상,5.58659217877095e-05,0.0,정상,True
2020 10 30 14:22:19,0.0,정상,5.58659217877095e-05,0.0,정상,True
2020 10 30 14:22:24,0.0,정상,5.58659217877095e-05,0.0,정상,True
2020 10 30 14:22:29,0.0,정상,5.58659217877095e-05,0.0,정상,True
2020 10 30 14:22:34,0.0,정상,5.58659217877095e-05,0.0,정상,True
2020 10 30 14:22:39,0.0,정상,5.58659217877095e-05,0.0,정상,True
2020 10 30 14:22:44,0.0,정상,5.58659217877095e-05,0.0,정상,True
2020 10 30 14:22:49,0.0,정상,5.58659217877095e-05,0.0,정상,True
2020 10 30 14:22:54,0.0,정상,8.698625373791697e-05,0.0,정상,True
2020 10 30 14:22:59,0.0,정상,0.00010024006420842723,0.0,정상,True
2020 10 30 14:23:04,0.0,정상,0.00010024006420842723,0.0,정상,True
2020 10 30 14:23:09,0.0,정상,8.698625373791697e-05,0.0,정상,True
2020 10 30 14:23:14,0.0,정상,5.58659217877095e-05,0.0,정상,True
2020 10 30 14:23:19,0.0,정상,0.00010024006420842723,0.0,정상,True
2020 10 30 14:23:24,0.0,정상,0.00010024006420842723,0.0,정상,True
2020 10 30 14:23:29,0.0,정상,0.0003705103344786975,0.0,정상,True
2020 10 30 14:23:34,0.0,정상,0.00010024006420842723,0.0,정상,True
2020 10 30 14:23:39,0.0,정상,0.00010024006420842723,0.0,정상,True
2020 10 30 14:23:44,0.0,정상,0.00011103920027754171,0.0,정상,True
2020 10 30 14:23:49,0.0,정상,0.00010024006420842723,0.0,정상,True
2020 10 30 14:23:54,0.0,정상,0.00011103920027754171,0.0,정상,True
2020 10 30 14:23:59,0.0,정상,0.00011103920027754171,0.0,정상,True
2020 10 30 14:24:04,0.0,정상,0.00011103920027754171,0.0,정상,True
2020 10 30 14:24:09,0.0,정상,0.00011103920027754171,0.0,정상,True
2020 10 30 14:24:14,0.0,정상,0.00011103920027754171,0.0,정상,True
2020 10 30 14:24:19,0.0,정상,0.00011103920027754171,0.0,정상,True
2020 10 30 14:24:24,0.0,정상,2.4052946539624742e-05,0.0,정상,True
2020 10 30 14:24:29,0.0,정상,2.4052946539624742e-05,0.0,정상,True
2020 10 30 14:24:34,0.0,정상,1.0799136069114471e-05,0.0,정상,True
2020 10 30 14:24:39,0.0,정상,1.0799136069114471e-05,0.0,정상,True
2020 10 30 14:24:44,0.0,정상,2.4052946539624742e-05,0.0,정상,True
2020 10 30 14:24:49,0.0,정상,1.0799136069114471e-05,0.0,정상,True
2020 10 30 14:24:54,0.0,정상,1.0799136069114471e-05,0.0,정상,True
2020 10 30 14:24:59,0.0,정상,1.0799136069114471e-05,0.0,정상,True
2020 10 30 14:25:04,0.0,정상,2.4052946539624742e-05,0.0,정상,True
2020 10 30 14:25:09,0.0,정상,1.0799136069114471e-05,0.0,정상,True
2020 10 30 14:25:14,0.0,정상,1.0799136069114471e-05,0.0,정상,True
2020 10 30 14:25:19,0.0,정상,1.0799136069114471e-05,0.0,정상,True
2020 10 30 14:25:24,0.0,정상,1.0799136069114471e-05,0.0,정상,True
2020 10 30 14:25:29,0.0,정상,1.0799136069114471e-05,0.0,정상,True
2020 10 30 14:25:34,0.0,정상,1.0799136069114471e-05,0.0,정상,True
2020 10 30 14:25:39,0.0,정상,1.0799136069114471e-05,0.0,정상,True
2020 10 30 14:25:44,0.0,정상,1.0799136069114471e-05,0.0,정상,True
2020 10 30 14:25:49,0.0,정상,0.0,0.0,정상,True
2020 10 30 14:25:54,0.0,정상,1.0799136069114471e-05,0.0,정상,True
2020 10 30 14:25:59,0.0,정상,0.0,0.0,정상,True
2020 10 30 14:26:04,0.0,정상,0.0,0.0,정상,True
2020 10 30 14:26:09,0.0,정상,0.0,0.0,정상,True
2020 10 30 14:26:14,0.0,정상,0.0,0.0,정상,True
2020 10 30 14:26:19,0.0,정상,0.0,0.0,정상,True
2020 10 30 14:26:24,0.0,정상,0.0,0.0,정상,True
2020 10 30 14:26:29,0.0,정상,0.0,0.0,정상,True
2020 10 30 14:26:34,0.0,정상,0.0,0.0,정상,True
2020 10 30 14:26:39,0.0,정상,0.0,0.0,정상,True
2020 10 30 14:26:44,0.0,정상,0.0,0.0,정상,True
2020 10 30 14:26:49,0.0,정상,0.0,0.0,정상,True
2020 10 30 14:26:54,0.0,정상,0.0,0.0,정상,True
2020 10 30 14:26:59,0.0,정상,0.0,0.0,정상,True
2020 10 30 14:27:04,0.0,정상,0.0,0.0,정상,True
2020 10 30 14:27:09,0.0,정상,0.0,0.0,정상,True
2020 10 30 14:27:14,0.0,정상,0.0,0.0,정상,True
2020 10 30 14:27:19,0.0,정상,0.0,0.0,정상,True
2020 10 30 14:27:24,0.0,정상,0.0,0.0,정상,True
2020 10 30 14:27:29,0.0,정상,0.0,0.0,정상,True
2020 10 30 14:27:34,0.0,정상,5.58659217877095e-05,0.0,정상,True
2020 10 30 14:27:39,0.0,정상,5.58659217877095e-05,0.0,정상,True
2020 10 30 14:27:44,0.0,정상,5.58659217877095e-05,0.0,정상,True
2020 10 30 14:27:49,0.0,정상,5.58659217877095e-05,0.0,정상,True
2020 10 30 14:27:54,0.0,정상,5.58659217877095e-05,0.0,정상,True
2020 10 30 14:27:59,0.0,정상,5.58659217877095e-05,0.0,정상,True
2020 10 30 14:28:04,0.0,정상,5.58659217877095e-05,0.0,정상,True
2020 10 30 14:28:09,0.0,정상,9.778538980703143e-05,0.0,정상,True
2020 10 30 14:28:14,0.0,정상,5.58659217877095e-05,0.0,정상,True
2020 10 30 14:28:19,0.0,정상,9.778538980703143e-05,0.0,정상,True
2020 10 30 14:28:24,0.0,정상,9.778538980703143e-05,0.0,정상,True
2020 10 30 14:28:29,0.0,정상,9.778538980703143e-05,0.0,정상,True
2020 10 30 14:28:34,0.0,정상,9.778538980703143e-05,0.0,정상,True
2020 10 30 14:28:39,0.0,정상,9.778538980703143e-05,0.0,정상,True
2020 10 30 14:28:44,0.0,정상,9.778538980703143e-05,0.0,정상,True
2020 10 30 14:28:49,0.0,정상,4.1919468019321936e-05,0.0,정상,True
2020 10 30 14:28:54,0.0,정상,4.1919468019321936e-05,0.0,정상,True
2020 10 30 14:28:59,0.0,정상,4.1919468019321936e-05,0.0,정상,True
2020 10 30 14:29:04,0.0,정상,0.0,0.0,정상,True
2020 10 30 14:29:09,0.0,정상,0.0,0.0,정상,True
2020 10 30 14:29:14,0.0,정상,0.0,0.0,정상,True
2020 10 30 14:29:19,0.0,정상,0.0,0.0,정상,True
2020 10 30 14:29:24,0.0,정상,0.0,0.0,정상,True
2020 10 30 14:29:29,0.0,정상,0.0,0.0,정상,True
2020 10 30 14:29:34,0.0,정상,0.0,0.0,정상,True
2020 10 30 14:29:39,0.0,정상,0.0,0.0,정상,True
2020 10 30 14:29:44,0.0,정상,0.0,0.0,정상,True
2020 10 30 14:29:49,0.0,정상,0.0,0.0,정상,True
2020 10 30 14:29:54,0.0,정상,0.0,0.0,정상,True
2020 10 30 14:29:59,0.0,정상,0.0,0.0,정상,True
2020 10 30 14:30:04,0.0,정상,0.0,0.0,정상,True
2020 10 30 14:30:09,0.0,정상,0.0,0.0,정상,True
2020 10 30 14:30:14,0.0,정상,0.0,0.0,정상,True
2020 10 30 14:30:19,0.0,정상,0.0,0.0,정상,True
2020 10 30 14:30:24,0.0,정상,0.0,0.0,정상,True
2020 10 30 14:30:29,0.0,정상,0.0,0.0,정상,True
2020 10 30 14:30:34,0.0,정상,0.0,0.0,정상,True
2020 10 30 14:30:39,0.0,정상,0.0,0.0,정상,True
2020 10 30 14:30:44,0.0,정상,0.0,0.0,정상,True
2020 10 30 14:30:49,0.0,정상,0.0,0.0,정상,True
2020 10 30 14:30:54,0.0,정상,0.0,0.0,정상,True
2020 10 30 14:30:59,0.0,정상,0.0,0.0,정상,True
2020 10 30 14:31:04,0.0,정상,0.0,0.0,정상,True
2020 10 30 14:31:09,0.0,정상,0.0,0.0,정상,True
2020 10 30 14:31:14,0.0,정상,0.0,0.0,정상,True
2020 10 30 14:31:19,0.0,정상,0.0,0.0,정상,True
2020 10 30 14:31:24,0.0,정상,0.0,0.0,정상,True
2020 10 30 14:31:29,0.0,정상,0.0,0.0,정상,True
2020 10 30 14:31:34,0.0,정상,0.0,0.0,정상,True
2020 10 30 14:31:39,0.0,정상,0.0,0.0,정상,True
2020 10 30 14:31:44,0.0,정상,0.0,0.0,정상,True
2020 10 30 14:31:49,0.0,정상,0.0,0.0,정상,True
2020 10 30 14:31:54,0.0,정상,0.0,0.0,정상,True
2020 10 30 14:31:59,0.0,정상,0.0,0.0,정상,True
2020 10 30 14:32:04,0.0,정상,0.0,0.0,정상,True
2020 10 30 14:32:09,0.0,정상,0.0,0.0,정상,True
2020 10 30 14:32:14,0.0,정상,0.0,0.0,정상,True
2020 10 30 14:32:19,0.0,정상,0.0,0.0,정상,True
2020 10 30 14:32:24,0.0,정상,0.0,0.0,정상,True
2020 10 30 14:32:29,0.0,정상,0.0,0.0,정상,True
2020 10 30 14:32:34,0.0,정상,0.0,0.0,정상,True
2020 10 30 14:32:39,0.0,정상,0.0,0.0,정상,True
2020 10 30 14:32:44,0.0,정상,0.0,0.0,정상,True
2020 10 30 14:32:49,0.0,정상,0.0,0.0,정상,True
2020 10 30 14:32:54,0.0,정상,0.0,0.0,정상,True
2020 10 30 14:32:59,0.0,정상,0.0,0.0,정상,True
2020 10 30 14:33:04,0.0,정상,0.0,0.0,정상,True
2020 10 30 14:33:09,0.0,정상,0.0,0.0,정상,True
2020 10 30 14:33:14,0.0,정상,0.0,0.0,정상,True
2020 10 30 14:33:19,0.0,정상,0.0,0.0,정상,True
2020 10 30 14:33:24,0.0,정상,0.0,0.0,정상,True
2020 10 30 14:33:29,0.0,정상,0.0,0.0,정상,True
2020 10 30 14:33:34,0.0,정상,0.0,0.0,정상,True
2020 10 30 14:33:39,0.0,정상,0.0,0.0,정상,True
2020 10 30 14:33:44,0.0,정상,4.1919468019321936e-05,0.0,정상,True
2020 10 30 14:33:49,0.0,정상,4.1919468019321936e-05,0.0,정상,True
2020 10 30 14:33:54,0.0,정상,4.1919468019321936e-05,0.0,정상,True
2020 10 30 14:33:59,0.0,정상,4.1919468019321936e-05,0.0,정상,True
2020 10 30 14:34:04,0.0,정상,4.1919468019321936e-05,0.0,정상,True
2020 10 30 14:34:09,0.0,정상,4.1919468019321936e-05,0.0,정상,True
2020 10 30 14:34:14,0.0,정상,5.517327848983221e-05,0.0,정상,True
2020 10 30 14:34:19,0.0,정상,0.0,0.0,정상,True
2020 10 30 14:34:24,0.0,정상,7.042253521126761e-05,0.0,정상,True
2020 10 30 14:34:29,0.0,정상,0.00012559581370109982,0.0,정상,True
2020 10 30 14:34:34,0.0,정상,0.00012559581370109982,0.0,정상,True
2020 10 30 14:34:39,0.0,정상,0.00012559581370109982,0.0,정상,True
2020 10 30 14:34:44,0.0,정상,7.042253521126761e-05,0.0,정상,True
2020 10 30 14:34:49,0.0,정상,1.3253810470510272e-05,0.0,정상,True
2020 10 30 14:34:54,0.0,정상,0.00011234200323058955,0.0,정상,True
2020 10 30 14:34:59,0.0,정상,0.00012559581370109982,0.0,정상,True
2020 10 30 14:35:04,0.0,정상,0.00012559581370109982,0.0,정상,True
2020 10 30 14:35:09,0.0,정상,0.00011234200323058955,0.0,정상,True
2020 10 30 14:35:14,0.0,정상,0.00011234200323058955,0.0,정상,True
2020 10 30 14:35:19,0.0,정상,0.00039586608397137004,0.0,정상,True
2020 10 30 14:35:24,0.0,정상,1.3253810470510272e-05,0.0,정상,True
2020 10 30 14:35:29,0.0,정상,0.00011234200323058955,0.0,정상,True
2020 10 30 14:35:34,0.0,정상,3.112033195020747e-05,0.0,정상,True
2020 10 30 14:35:39,0.0,정상,3.112033195020747e-05,0.0,정상,True
2020 10 30 14:35:44,0.0,정상,3.112033195020747e-05,0.0,정상,True
2020 10 30 14:35:49,0.0,정상,3.112033195020747e-05,0.0,정상,True
2020 10 30 14:35:54,0.0,정상,3.112033195020747e-05,0.0,정상,True
2020 10 30 14:35:59,0.0,정상,3.112033195020747e-05,0.0,정상,True
2020 10 30 14:36:04,0.0,정상,3.112033195020747e-05,0.0,정상,True
2020 10 30 14:36:09,0.0,정상,3.112033195020747e-05,0.0,정상,True
2020 10 30 14:36:14,0.0,정상,3.112033195020747e-05,0.0,정상,True
2020 10 30 14:36:19,0.0,정상,3.112033195020747e-05,0.0,정상,True
2020 10 30 14:36:24,0.0,정상,3.112033195020747e-05,0.0,정상,True
2020 10 30 14:36:29,0.0,정상,3.112033195020747e-05,0.0,정상,True
2020 10 30 14:36:34,0.0,정상,3.112033195020747e-05,0.0,정상,True
2020 10 30 14:36:39,0.0,정상,3.112033195020747e-05,0.0,정상,True
2020 10 30 14:36:44,0.0,정상,3.112033195020747e-05,0.0,정상,True
2020 10 30 14:36:49,0.0,정상,3.112033195020747e-05,0.0,정상,True
2020 10 30 14:36:54,0.0,정상,3.112033195020747e-05,0.0,정상,True
2020 10 30 14:36:59,0.0,정상,3.112033195020747e-05,0.0,정상,True
2020 10 30 14:37:04,0.0,정상,3.112033195020747e-05,0.0,정상,True
2020 10 30 14:37:09,0.0,정상,3.112033195020747e-05,0.0,정상,True
2020 10 30 14:37:14,0.0,정상,3.112033195020747e-05,0.0,정상,True
2020 10 30 14:37:19,0.0,정상,3.112033195020747e-05,0.0,정상,True
2020 10 30 14:37:24,0.0,정상,8.698625373791697e-05,0.0,정상,True
2020 10 30 14:37:29,0.0,정상,8.698625373791697e-05,0.0,정상,True
2020 10 30 14:37:34,0.0,정상,8.698625373791697e-05,0.0,정상,True
2020 10 30 14:37:39,0.0,정상,0.0,0.0,정상,True
2020 10 30 14:37:44,0.0,정상,0.0,0.0,정상,True
2020 10 30 14:37:49,0.0,정상,0.0,0.0,정상,True
2020 10 30 14:37:54,0.0,정상,0.0002702702702702703,0.0,정상,True
2020 10 30 14:37:59,0.0,정상,0.0,0.0,정상,True
2020 10 30 14:38:04,0.0,정상,0.0,0.0,정상,True
2020 10 30 14:38:09,0.0,정상,0.0,0.0,정상,True
2020 10 30 14:38:14,0.0,정상,0.0,0.0,정상,True
2020 10 30 14:38:19,0.0,정상,0.0,0.0,정상,True
2020 10 30 14:38:24,0.0,정상,0.0,0.0,정상,True
2020 10 30 14:38:29,0.0,정상,0.0,0.0,정상,True
2020 10 30 14:38:34,0.0,정상,0.0,0.0,정상,True
2020 10 30 14:38:39,0.0,정상,0.0,0.0,정상,True
2020 10 30 14:38:44,0.0,정상,0.0,0.0,정상,True
2020 10 30 14:38:49,0.0,정상,0.0,0.0,정상,True
2020 10 30 14:38:54,0.0,정상,0.0,0.0,정상,True
2020 10 30 14:38:59,0.0,정상,0.0,0.0,정상,True
2020 10 30 14:39:04,0.0,정상,0.0,0.0,정상,True
2020 10 30 14:39:09,0.0,정상,0.0,0.0,정상,True
2020 10 30 14:39:14,0.0,정상,0.0,0.0,정상,True
2020 10 30 14:39:19,0.0,정상,0.0,0.0,정상,True
2020 10 30 14:39:24,0.0,정상,0.0,0.0,정상,True
2020 10 30 14:39:29,0.0,정상,0.0,0.0,정상,True
2020 10 30 14:39:34,0.0,정상,0.0,0.0,정상,True
2020 10 30 14:39:39,0.0,정상,0.0,0.0,정상,True
2020 10 30 14:39:44,0.0,정상,0.0,0.0,정상,True
2020 10 30 14:39:49,0.0,정상,0.0,0.0,정상,True
2020 10 30 14:39:54,0.0,정상,0.01,0.0,정상,True
2020 10 30 14:39:59,0.0,정상,0.0,0.0,정상,True
2020 10 30 14:40:04,0.0,정상,0.0,0.0,정상,True
2020 10 30 14:40:09,0.0,정상,0.0,0.0,정상,True
2020 10 30 14:40:14,0.0,정상,0.0,0.0,정상,True
2020 10 30 14:40:19,0.0,정상,0.004090909090909091,0.0,정상,True
2020 10 30 14:40:24,0.0,정상,0.004090909090909091,0.0,정상,True
2020 10 30 14:40:29,0.0,정상,0.004090909090909091,0.0,정상,True
2020 10 30 14:40:34,0.0,정상,0.0,0.0,정상,True
2020 10 30 14:40:39,0.0,정상,0.004090909090909091,0.0,정상,True
2020 10 30 14:40:44,0.0,정상,0.0,0.0,정상,True
2020 10 30 14:40:49,0.0,정상,0.0,0.0,정상,True
2020 10 30 14:40:54,0.0,정상,0.0,0.0,정상,True
2020 10 30 14:40:59,0.0,정상,0.0,0.0,정상,True
2020 10 30 14:41:04,0.0,정상,0.0,0.0,정상,True
2020 10 30 14:41:09,0.0,정상,0.0,0.0,정상,True
2020 10 30 14:41:14,0.0,정상,0.0,0.0,정상,True
2020 10 30 14:41:19,0.0,정상,0.0,0.0,정상,True
2020 10 30 14:41:24,0.0,정상,0.0,0.0,정상,True
2020 10 30 14:41:29,0.0,정상,0.0,0.0,정상,True
2020 10 30 14:41:34,0.0,정상,0.0,0.0,정상,True
2020 10 30 14:41:39,0.0,정상,0.00011764705882352942,0.0,정상,True
2020 10 30 14:41:44,0.0,정상,0.0,0.0,정상,True
2020 10 30 14:41:49,0.0,정상,0.0,0.0,정상,True
2020 10 30 14:41:54,0.0,정상,0.0002857142857142857,0.0,정상,True
2020 10 30 14:41:59,0.0,정상,0.0001680672268907563,0.0,정상,True
2020 10 30 14:42:04,0.0,정상,0.0001680672268907563,0.0,정상,True
2020 10 30 14:42:09,0.0,정상,0.0001680672268907563,0.0,정상,True
2020 10 30 14:42:14,0.0,정상,0.0001680672268907563,0.0,정상,True
2020 10 30 14:42:19,0.0,정상,0.0,0.0,정상,True
2020 10 30 14:42:24,0.0,정상,0.0,0.0,정상,True
2020 10 30 14:42:29,0.0,정상,0.0,0.0,정상,True
2020 10 30 14:42:34,0.0,정상,0.00011764705882352942,0.0,정상,True
2020 10 30 14:42:39,0.0,정상,0.0,0.0,정상,True
2020 10 30 14:42:44,0.0,정상,0.0,0.0,정상,True
2020 10 30 14:42:49,0.0,정상,0.0,0.0,정상,True
2020 10 30 14:42:54,0.0,정상,0.0,0.0,정상,True
2020 10 30 14:42:59,0.0,정상,0.0,0.0,정상,True
2020 10 30 14:43:04,0.0,정상,1.3253810470510272e-05,0.0,정상,True
2020 10 30 14:43:09,0.0,정상,1.3253810470510272e-05,0.0,정상,True
2020 10 30 14:43:14,0.0,정상,1.3253810470510272e-05,0.0,정상,True
2020 10 30 14:43:19,0.0,정상,1.3253810470510272e-05,0.0,정상,True
2020 10 30 14:43:24,0.0,정상,1.3253810470510272e-05,0.0,정상,True
2020 10 30 14:43:29,0.0,정상,1.3253810470510272e-05,0.0,정상,True
2020 10 30 14:43:34,0.0,정상,1.3253810470510272e-05,0.0,정상,True
2020 10 30 14:43:39,0.0,정상,1.3253810470510272e-05,0.0,정상,True
2020 10 30 14:43:44,0.0,정상,1.3253810470510272e-05,0.0,정상,True
2020 10 30 14:43:49,0.0,정상,1.3253810470510272e-05,0.0,정상,True
2020 10 30 14:43:54,0.0,정상,1.3253810470510272e-05,0.0,정상,True
2020 10 30 14:43:59,0.0,정상,1.3253810470510272e-05,0.0,정상,True
2020 10 30 14:44:04,0.0,정상,1.3253810470510272e-05,0.0,정상,True
2020 10 30 14:44:09,0.0,정상,1.3253810470510272e-05,0.0,정상,True
2020 10 30 14:44:14,0.0,정상,1.3253810470510272e-05,0.0,정상,True
2020 10 30 14:44:19,0.0,정상,1.3253810470510272e-05,0.0,정상,True
2020 10 30 14:44:24,0.0,정상,1.3253810470510272e-05,0.0,정상,True
2020 10 30 14:44:29,0.0,정상,1.3253810470510272e-05,0.0,정상,True
2020 10 30 14:44:34,0.0,정상,1.3253810470510272e-05,0.0,정상,True
2020 10 30 14:44:39,0.0,정상,1.3253810470510272e-05,0.0,정상,True
2020 10 30 14:44:44,0.0,정상,1.3253810470510272e-05,0.0,정상,True
2020 10 30 14:44:49,0.0,정상,1.3253810470510272e-05,0.0,정상,True
2020 10 30 14:44:54,0.0,정상,1.3253810470510272e-05,0.0,정상,True
2020 10 30 14:44:59,0.0,정상,1.3253810470510272e-05,0.0,정상,True
2020 10 30 14:45:04,0.0,정상,1.3253810470510272e-05,0.0,정상,True
2020 10 30 14:45:09,0.0,정상,1.3253810470510272e-05,0.0,정상,True
2020 10 30 14:45:14,0.0,정상,1.3253810470510272e-05,0.0,정상,True
2020 10 30 14:45:19,0.0,정상,1.3253810470510272e-05,0.0,정상,True
2020 10 30 14:45:24,0.0,정상,1.3253810470510272e-05,0.0,정상,True
2020 10 30 14:45:29,0.0,정상,1.3253810470510272e-05,0.0,정상,True
2020 10 30 14:45:34,0.0,정상,1.3253810470510272e-05,0.0,정상,True
2020 10 30 14:45:39,0.0,정상,1.3253810470510272e-05,0.0,정상,True
2020 10 30 14:45:44,0.0,정상,1.3253810470510272e-05,0.0,정상,True
2020 10 30 14:45:49,0.0,정상,1.3253810470510272e-05,0.0,정상,True
2020 10 30 14:45:54,0.0,정상,1.3253810470510272e-05,0.0,정상,True
2020 10 30 14:45:59,0.0,정상,1.3253810470510272e-05,0.0,정상,True
2020 10 30 14:46:04,0.0,정상,1.3253810470510272e-05,0.0,정상,True
2020 10 30 14:46:09,0.0,정상,1.3253810470510272e-05,0.0,정상,True
2020 10 30 14:46:14,0.0,정상,4.614854731261553e-05,0.0,정상,True
2020 10 30 14:46:19,0.0,정상,1.3253810470510272e-05,0.0,정상,True
2020 10 30 14:46:24,0.0,정상,4.614854731261553e-05,0.0,정상,True
2020 10 30 14:46:29,0.0,정상,4.614854731261553e-05,0.0,정상,True
2020 10 30 14:46:34,0.0,정상,4.4799551795431405e-05,0.0,정상,True
2020 10 30 14:46:39,0.0,정상,4.4799551795431405e-05,0.0,정상,True
2020 10 30 14:46:44,0.0,정상,1.3253810470510272e-05,0.0,정상,True
2020 10 30 14:46:49,0.0,정상,0.000126237977957925,0.0,정상,True
2020 10 30 14:46:54,0.0,정상,4.614854731261553e-05,0.0,정상,True
2020 10 30 14:46:59,0.0,정상,4.614854731261553e-05,0.0,정상,True
2020 10 30 14:47:04,0.0,정상,4.614854731261553e-05,0.0,정상,True
2020 10 30 14:47:09,0.0,정상,4.614854731261553e-05,0.0,정상,True
2020 10 30 14:47:14,0.0,정상,0.00021008297354212373,0.0,정상,True
2020 10 30 14:47:19,0.0,정상,0.00021008297354212373,0.0,정상,True
2020 10 30 14:47:24,0.0,정상,4.614854731261553e-05,0.0,정상,True
2020 10 30 14:47:29,0.0,정상,4.614854731261553e-05,0.0,정상,True
2020 10 30 14:47:34,0.0,정상,4.614854731261553e-05,0.0,정상,True
2020 10 30 14:47:39,0.0,정상,4.614854731261553e-05,0.0,정상,True
2020 10 30 14:47:44,0.0,정상,4.614854731261553e-05,0.0,정상,True
2020 10 30 14:47:49,0.0,정상,4.614854731261553e-05,0.0,정상,True
2020 10 30 14:47:54,0.0,정상,0.00021008297354212373,0.0,정상,True
2020 10 30 14:47:59,0.0,정상,1.3253810470510272e-05,0.0,정상,True
2020 10 30 14:48:04,0.0,정상,1.3253810470510272e-05,0.0,정상,True
2020 10 30 14:48:09,0.0,정상,1.3253810470510272e-05,0.0,정상,True
2020 10 30 14:48:14,0.0,정상,1.3253810470510272e-05,0.0,정상,True
2020 10 30 14:48:19,0.0,정상,1.3253810470510272e-05,0.0,정상,True
2020 10 30 14:48:24,0.0,정상,1.3253810470510272e-05,0.0,정상,True
2020 10 30 14:48:29,0.0,정상,1.3253810470510272e-05,0.0,정상,True
2020 10 30 14:48:34,0.0,정상,1.3253810470510272e-05,0.0,정상,True
2020 10 30 14:48:39,0.0,정상,1.3253810470510272e-05,0.0,정상,True
2020 10 30 14:48:44,0.0,정상,1.3253810470510272e-05,0.0,정상,True
2020 10 30 14:48:49,0.0,정상,1.3253810470510272e-05,0.0,정상,True
2020 10 30 14:48:54,0.0,정상,1.3253810470510272e-05,0.0,정상,True
2020 10 30 14:48:59,0.0,정상,1.3253810470510272e-05,0.0,정상,True
2020 10 30 14:49:04,0.0,정상,1.3253810470510272e-05,0.0,정상,True
2020 10 30 14:49:09,0.0,정상,1.3253810470510272e-05,0.0,정상,True
2020 10 30 14:49:14,0.0,정상,1.3253810470510272e-05,0.0,정상,True
2020 10 30 14:49:19,0.0,정상,1.3253810470510272e-05,0.0,정상,True
2020 10 30 14:49:24,0.0,정상,1.3253810470510272e-05,0.0,정상,True
2020 10 30 14:49:29,0.0,정상,1.3253810470510272e-05,0.0,정상,True
2020 10 30 14:49:34,0.0,정상,1.3253810470510272e-05,0.0,정상,True
2020 10 30 14:49:39,0.0,정상,1.3253810470510272e-05,0.0,정상,True
2020 10 30 14:49:44,0.0,정상,1.3253810470510272e-05,0.0,정상,True
2020 10 30 14:49:49,0.0,정상,1.3253810470510272e-05,0.0,정상,True
2020 10 30 14:49:54,0.0,정상,1.3253810470510272e-05,0.0,정상,True
2020 10 30 14:49:59,0.0,정상,1.3253810470510272e-05,0.0,정상,True
2020 10 30 14:50:04,0.0,정상,1.3253810470510272e-05,0.0,정상,True
2020 10 30 14:50:09,0.0,정상,1.3253810470510272e-05,0.0,정상,True
2020 10 30 14:50:14,0.0,정상,1.3253810470510272e-05,0.0,정상,True
2020 10 30 14:50:19,0.0,정상,1.3253810470510272e-05,0.0,정상,True
2020 10 30 14:50:24,0.0,정상,1.3253810470510272e-05,0.0,정상,True
2020 10 30 14:50:29,0.0,정상,1.3253810470510272e-05,0.0,정상,True
2020 10 30 14:50:34,0.0,정상,1.3253810470510272e-05,0.0,정상,True
2020 10 30 14:50:39,0.0,정상,0.0,0.0,정상,True
2020 10 30 14:50:44,0.0,정상,0.0,0.0,정상,True
2020 10 30 14:50:49,0.0,정상,1.3253810470510272e-05,0.0,정상,True
2020 10 30 14:50:54,0.0,정상,0.0,0.0,정상,True
2020 10 30 14:50:59,0.0,정상,1.3253810470510272e-05,0.0,정상,True
2020 10 30 14:51:04,0.0,정상,0.0,0.0,정상,True
2020 10 30 14:51:09,0.0,정상,0.0,0.0,정상,True
2020 10 30 14:51:14,0.0,정상,0.0,0.0,정상,True
2020 10 30 14:51:19,0.0,정상,1.3253810470510272e-05,0.0,정상,True
2020 10 30 14:51:24,0.0,정상,1.3253810470510272e-05,0.0,정상,True
2020 10 30 14:51:29,0.0,정상,1.3253810470510272e-05,0.0,정상,True
2020 10 30 14:51:34,0.0,정상,1.3253810470510272e-05,0.0,정상,True
2020 10 30 14:51:39,0.0,정상,1.3253810470510272e-05,0.0,정상,True
2020 10 30 14:51:44,0.0,정상,1.3253810470510272e-05,0.0,정상,True
2020 10 30 14:51:49,0.0,정상,1.3253810470510272e-05,0.0,정상,True
2020 10 30 14:51:54,0.0,정상,1.3253810470510272e-05,0.0,정상,True
2020 10 30 14:51:59,0.0,정상,1.3253810470510272e-05,0.0,정상,True
2020 10 30 14:52:04,0.0,정상,1.3253810470510272e-05,0.0,정상,True
2020 10 30 14:52:09,0.0,정상,1.3253810470510272e-05,0.0,정상,True
2020 10 30 14:52:14,0.0,정상,0.0,0.0,정상,True
2020 10 30 14:52:19,0.0,정상,1.3253810470510272e-05,0.0,정상,True
2020 10 30 14:52:24,0.0,정상,0.0,0.0,정상,True
2020 10 30 14:52:29,0.0,정상,1.3253810470510272e-05,0.0,정상,True
2020 10 30 14:52:34,0.0,정상,1.3253810470510272e-05,0.0,정상,True
2020 10 30 14:52:39,0.0,정상,1.3253810470510272e-05,0.0,정상,True
2020 10 30 14:52:44,0.0,정상,0.0,0.0,정상,True
2020 10 30 14:52:49,0.0,정상,1.3253810470510272e-05,0.0,정상,True
2020 10 30 14:52:54,0.0,정상,1.3253810470510272e-05,0.0,정상,True
2020 10 30 14:52:59,0.0,정상,1.3253810470510272e-05,0.0,정상,True
2020 10 30 14:53:04,0.0,정상,1.3253810470510272e-05,0.0,정상,True
2020 10 30 14:53:09,0.0,정상,1.3253810470510272e-05,0.0,정상,True
2020 10 30 14:53:14,0.0,정상,1.3253810470510272e-05,0.0,정상,True
2020 10 30 14:53:19,0.0,정상,0.0,0.0,정상,True
2020 10 30 14:53:24,0.0,정상,1.3253810470510272e-05,0.0,정상,True
2020 10 30 14:53:29,0.0,정상,0.0022354760326927323,0.0,정상,True
2020 10 30 14:53:34,0.0,정상,0.0022354760326927323,0.0,정상,True
2020 10 30 14:53:39,0.0,정상,1.3253810470510272e-05,0.0,정상,True
2020 10 30 14:53:44,0.0,정상,0.0022354760326927323,0.0,정상,True
2020 10 30 14:53:49,0.0,정상,1.3253810470510272e-05,0.0,정상,True
2020 10 30 14:53:54,0.0,정상,6.911973225821977e-05,0.0,정상,True
2020 10 30 14:53:59,0.0,정상,0.0022354760326927323,0.0,정상,True
2020 10 30 14:54:04,0.0,정상,1.3253810470510272e-05,0.0,정상,True
2020 10 30 14:54:09,0.0,정상,1.3253810470510272e-05,0.0,정상,True
2020 10 30 14:54:14,0.0,정상,0.0022354760326927323,0.0,정상,True
2020 10 30 14:54:19,0.0,정상,1.3253810470510272e-05,0.0,정상,True
2020 10 30 14:54:24,0.0,정상,1.3253810470510272e-05,0.0,정상,True
2020 10 30 14:54:29,0.0,정상,1.3253810470510272e-05,0.0,정상,True
2020 10 30 14:54:34,0.0,정상,1.3253810470510272e-05,0.0,정상,True
2020 10 30 14:54:39,0.0,정상,1.3253810470510272e-05,0.0,정상,True
2020 10 30 14:54:44,0.0,정상,1.3253810470510272e-05,0.0,정상,True
2020 10 30 14:54:49,0.0,정상,1.3253810470510272e-05,0.0,정상,True
2020 10 30 14:54:54,0.0,정상,1.3253810470510272e-05,0.0,정상,True
2020 10 30 14:54:59,0.0,정상,1.3253810470510272e-05,0.0,정상,True
2020 10 30 14:55:04,0.0,정상,1.3253810470510272e-05,0.0,정상,True
2020 10 30 14:55:09,0.0,정상,1.3253810470510272e-05,0.0,정상,True
2020 10 30 14:55:14,0.0,정상,1.3253810470510272e-05,0.0,정상,True
2020 10 30 14:55:19,0.0,정상,1.3253810470510272e-05,0.0,정상,True
2020 10 30 14:55:24,0.0,정상,1.3253810470510272e-05,0.0,정상,True
2020 10 30 14:55:29,0.0,정상,1.3253810470510272e-05,0.0,정상,True
2020 10 30 14:55:34,0.0,정상,1.3253810470510272e-05,0.0,정상,True
2020 10 30 14:55:39,0.0,정상,1.3253810470510272e-05,0.0,정상,True
2020 10 30 14:55:44,0.0,정상,1.3253810470510272e-05,0.0,정상,True
2020 10 30 14:55:49,0.0,정상,1.3253810470510272e-05,0.0,정상,True
2020 10 30 14:55:54,0.0,정상,1.3253810470510272e-05,0.0,정상,True
2020 10 30 14:55:59,0.0,정상,1.3253810470510272e-05,0.0,정상,True
2020 10 30 14:56:04,0.0,정상,1.3253810470510272e-05,0.0,정상,True
2020 10 30 14:56:09,0.0,정상,1.3253810470510272e-05,0.0,정상,True
2020 10 30 14:56:14,0.0,정상,0.0,0.0,정상,True
2020 10 30 14:56:19,0.0,정상,1.3253810470510272e-05,0.0,정상,True
2020 10 30 14:56:24,0.0,정상,1.3253810470510272e-05,0.0,정상,True
2020 10 30 14:56:29,0.0,정상,1.3253810470510272e-05,0.0,정상,True
2020 10 30 14:56:34,0.0,정상,0.0,0.0,정상,True
2020 10 30 14:56:39,0.0,정상,1.3253810470510272e-05,0.0,정상,True
2020 10 30 14:56:44,0.0,정상,0.0,0.0,정상,True
2020 10 30 14:56:49,0.0,정상,1.3253810470510272e-05,0.0,정상,True
2020 10 30 14:56:54,0.0,정상,0.0,0.0,정상,True
2020 10 30 14:56:59,0.0,정상,0.0003879173290937997,0.0,정상,True
2020 10 30 14:57:04,0.0,정상,0.00040117113956431,0.0,정상,True
2020 10 30 14:57:09,0.0,정상,0.00040117113956431,0.0,정상,True
2020 10 30 14:57:14,0.0,정상,1.3253810470510272e-05,0.0,정상,True
2020 10 30 14:57:19,0.0,정상,0.00040117113956431,0.0,정상,True
2020 10 30 14:57:24,0.0,정상,1.3253810470510272e-05,0.0,정상,True
2020 10 30 14:57:29,0.0,정상,1.3253810470510272e-05,0.0,정상,True
2020 10 30 14:57:34,0.0,정상,1.3253810470510272e-05,0.0,정상,True
2020 10 30 14:57:39,0.0,정상,1.3253810470510272e-05,0.0,정상,True
2020 10 30 14:57:44,0.0,정상,1.3253810470510272e-05,0.0,정상,True
2020 10 30 14:57:49,0.0,정상,1.3253810470510272e-05,0.0,정상,True
2020 10 30 14:57:54,0.0,정상,1.3253810470510272e-05,0.0,정상,True
2020 10 30 14:57:59,0.0,정상,1.3253810470510272e-05,0.0,정상,True
2020 10 30 14:58:04,0.0,정상,1.3253810470510272e-05,0.0,정상,True
2020 10 30 14:58:09,0.0,정상,1.3253810470510272e-05,0.0,정상,True
2020 10 30 14:58:14,0.0,정상,1.3253810470510272e-05,0.0,정상,True
2020 10 30 14:58:19,0.0,정상,1.3253810470510272e-05,0.0,정상,True
2020 10 30 14:58:24,0.0,정상,1.3253810470510272e-05,0.0,정상,True
2020 10 30 14:58:29,0.0,정상,1.3253810470510272e-05,0.0,정상,True
2020 10 30 14:58:34,0.0,정상,1.3253810470510272e-05,0.0,정상,True
2020 10 30 14:58:39,0.0,정상,1.3253810470510272e-05,0.0,정상,True
2020 10 30 14:58:44,0.0,정상,1.3253810470510272e-05,0.0,정상,True
2020 10 30 14:58:49,0.0,정상,0.0,0.0,정상,True
2020 10 30 14:58:54,0.0,정상,1.3253810470510272e-05,0.0,정상,True
2020 10 30 14:58:59,0.0,정상,1.3253810470510272e-05,0.0,정상,True
2020 10 30 14:59:04,0.0,정상,1.3253810470510272e-05,0.0,정상,True
2020 10 30 14:59:09,0.0,정상,1.3253810470510272e-05,0.0,정상,True
2020 10 30 14:59:14,0.0,정상,1.3253810470510272e-05,0.0,정상,True
2020 10 30 14:59:19,0.0,정상,1.3253810470510272e-05,0.0,정상,True
2020 10 30 14:59:24,0.0,정상,1.3253810470510272e-05,0.0,정상,True
2020 10 30 14:59:29,0.0,정상,1.3253810470510272e-05,0.0,정상,True
2020 10 30 14:59:34,0.0,정상,1.3253810470510272e-05,0.0,정상,True
2020 10 30 14:59:39,0.0,정상,1.3253810470510272e-05,0.0,정상,True
2020 10 30 14:59:44,0.0,정상,1.3253810470510272e-05,0.0,정상,True
2020 10 30 14:59:49,0.0,정상,1.3253810470510272e-05,0.0,정상,True
2020 10 30 14:59:54,0.0,정상,1.3253810470510272e-05,0.0,정상,True
2020 10 30 14:59:59,0.0,정상,6.911973225821977e-05,0.0,정상,True
2020 10 30 15:00:04,0.0,정상,1.3253810470510272e-05,0.0,정상,True
2020 10 30 15:00:09,0.0,정상,6.911973225821977e-05,0.0,정상,True
2020 10 30 15:00:14,0.0,정상,5.58659217877095e-05,0.0,정상,True
2020 10 30 15:00:19,0.0,정상,6.911973225821977e-05,0.0,정상,True
2020 10 30 15:00:24,0.0,정상,6.911973225821977e-05,0.0,정상,True
2020 10 30 15:00:29,0.0,정상,6.911973225821977e-05,0.0,정상,True
2020 10 30 15:00:34,0.0,정상,6.911973225821977e-05,0.0,정상,True
2020 10 30 15:00:39,0.0,정상,6.911973225821977e-05,0.0,정상,True
2020 10 30 15:00:44,0.0,정상,6.911973225821977e-05,0.0,정상,True
2020 10 30 15:00:49,0.0,정상,6.911973225821977e-05,0.0,정상,True
2020 10 30 15:00:54,0.0,정상,6.911973225821977e-05,0.0,정상,True
2020 10 30 15:00:59,0.0,정상,1.3253810470510272e-05,0.0,정상,True
2020 10 30 15:01:04,0.0,정상,1.3253810470510272e-05,0.0,정상,True
2020 10 30 15:01:09,0.0,정상,1.3253810470510272e-05,0.0,정상,True
2020 10 30 15:01:14,0.0,정상,1.3253810470510272e-05,0.0,정상,True
2020 10 30 15:01:19,0.0,정상,1.3253810470510272e-05,0.0,정상,True
2020 10 30 15:01:24,0.0,정상,1.3253810470510272e-05,0.0,정상,True
2020 10 30 15:01:29,0.0,정상,1.3253810470510272e-05,0.0,정상,True
2020 10 30 15:01:34,0.0,정상,6.911973225821977e-05,0.0,정상,True
2020 10 30 15:01:39,0.0,정상,1.3253810470510272e-05,0.0,정상,True
2020 10 30 15:01:44,0.0,정상,1.3253810470510272e-05,0.0,정상,True
2020 10 30 15:01:49,0.0,정상,1.3253810470510272e-05,0.0,정상,True
2020 10 30 15:01:54,0.0,정상,1.3253810470510272e-05,0.0,정상,True
2020 10 30 15:01:59,0.0,정상,1.3253810470510272e-05,0.0,정상,True
2020 10 30 15:02:04,0.0,정상,1.3253810470510272e-05,0.0,정상,True
2020 10 30 15:02:09,0.0,정상,1.3253810470510272e-05,0.0,정상,True
2020 10 30 15:02:14,0.0,정상,1.3253810470510272e-05,0.0,정상,True
2020 10 30 15:02:19,0.0,정상,1.3253810470510272e-05,0.0,정상,True
2020 10 30 15:02:24,0.0,정상,1.3253810470510272e-05,0.0,정상,True
2020 10 30 15:02:29,0.0,정상,8.148423635855193e-05,0.0,정상,True
2020 10 30 15:02:34,0.0,정상,0.00040117113956431,0.0,정상,True
2020 10 30 15:02:39,0.0,정상,0.00011764705882352942,0.0,정상,True
2020 10 30 15:02:44,0.0,정상,0.00011764705882352942,0.0,정상,True
2020 10 30 15:02:49,0.0,정상,0.0002857142857142857,0.0,정상,True
2020 10 30 15:02:54,0.0,정상,0.0003879173290937997,0.0,정상,True
2020 10 30 15:02:59,0.0,정상,0.0003879173290937997,0.0,정상,True
2020 10 30 15:03:04,0.0,정상,0.0002857142857142857,0.0,정상,True
2020 10 30 15:03:09,0.0,정상,0.0002857142857142857,0.0,정상,True
2020 10 30 15:03:14,0.0,정상,0.0002857142857142857,0.0,정상,True
2020 10 30 15:03:19,0.0,정상,0.0002857142857142857,0.0,정상,True
2020 10 30 15:03:24,0.0,정상,0.0002857142857142857,0.0,정상,True
2020 10 30 15:03:29,0.0,정상,0.0002857142857142857,0.0,정상,True
2020 10 30 15:03:34,0.0,정상,0.00011764705882352942,0.0,정상,True
2020 10 30 15:03:39,0.0,정상,0.0002857142857142857,0.0,정상,True
2020 10 30 15:03:44,0.0,정상,0.00023622413392234364,0.0,정상,True
2020 10 30 15:03:49,0.0,정상,0.0004042913608130999,0.0,정상,True
2020 10 30 15:03:54,0.0,정상,0.0002857142857142857,0.0,정상,True
2020 10 30 15:03:59,0.0,정상,0.0004042913608130999,0.0,정상,True
2020 10 30 15:04:04,0.0,정상,0.0002857142857142857,0.0,정상,True
2020 10 30 15:04:09,0.0,정상,0.0002857142857142857,0.0,정상,True
2020 10 30 15:04:14,0.0,정상,0.0004042913608130999,0.0,정상,True
2020 10 30 15:04:19,0.0,정상,0.00011764705882352942,0.0,정상,True
2020 10 30 15:04:24,0.0,정상,0.0,0.0,정상,True
2020 10 30 15:04:29,0.0,정상,3.53356890459364e-05,0.0,정상,True
2020 10 30 15:04:34,0.0,정상,3.53356890459364e-05,0.0,정상,True
2020 10 30 15:04:39,0.0,정상,3.53356890459364e-05,0.0,정상,True
2020 10 30 15:04:44,0.0,정상,3.53356890459364e-05,0.0,정상,True
2020 10 30 15:04:49,0.0,정상,0.0001224369859264131,0.0,정상,True
2020 10 30 15:04:54,0.0,정상,0.0001224369859264131,0.0,정상,True
2020 10 30 15:04:59,0.0,정상,0.0001224369859264131,0.0,정상,True
2020 10 30 15:05:04,0.0,정상,0.0001224369859264131,0.0,정상,True
2020 10 30 15:05:09,0.0,정상,0.0002038754120889067,0.0,정상,True
2020 10 30 15:05:14,0.0,정상,0.0002038754120889067,0.0,정상,True
2020 10 30 15:05:19,0.0,정상,0.0001615736670038614,0.0,정상,True
2020 10 30 15:05:24,0.0,정상,0.0002454186625880601,0.0,정상,True
2020 10 30 15:05:29,0.0,정상,0.0001615736670038614,0.0,정상,True
2020 10 30 15:05:34,0.0,정상,8.148423635855193e-05,0.0,정상,True
2020 10 30 15:05:39,0.0,정상,8.148423635855193e-05,0.0,정상,True
2020 10 30 15:05:44,0.0,정상,8.148423635855193e-05,0.0,정상,True
2020 10 30 15:05:49,0.0,정상,0.0001615736670038614,0.0,정상,True
2020 10 30 15:05:54,0.0,정상,0.0001615736670038614,0.0,정상,True
2020 10 30 15:05:59,0.0,정상,8.148423635855193e-05,0.0,정상,True
2020 10 30 15:06:04,0.0,정상,8.148423635855193e-05,0.0,정상,True
2020 10 30 15:06:09,0.0,정상,8.148423635855193e-05,0.0,정상,True
2020 10 30 15:06:14,0.0,정상,8.148423635855193e-05,0.0,정상,True
2020 10 30 15:06:19,0.0,정상,8.148423635855193e-05,0.0,정상,True
2020 10 30 15:06:24,0.0,정상,8.148423635855193e-05,0.0,정상,True
2020 10 30 15:06:29,0.0,정상,8.148423635855193e-05,0.0,정상,True
2020 10 30 15:06:34,0.0,정상,8.148423635855193e-05,0.0,정상,True
2020 10 30 15:06:39,0.0,정상,8.148423635855193e-05,0.0,정상,True
2020 10 30 15:06:44,0.0,정상,8.148423635855193e-05,0.0,정상,True
2020 10 30 15:06:49,0.0,정상,0.0002454186625880601,0.0,정상,True
2020 10 30 15:06:54,0.0,정상,3.289473684210526e-05,0.0,정상,True
2020 10 30 15:06:59,0.0,정상,0.0002454186625880601,0.0,정상,True
2020 10 30 15:07:04,0.0,정상,8.148423635855193e-05,0.0,정상,True
2020 10 30 15:07:09,0.0,정상,8.148423635855193e-05,0.0,정상,True
2020 10 30 15:07:14,0.0,정상,8.148423635855193e-05,0.0,정상,True
2020 10 30 15:07:19,0.0,정상,8.148423635855193e-05,0.0,정상,True
2020 10 30 15:07:24,0.0,정상,8.148423635855193e-05,0.0,정상,True
2020 10 30 15:07:29,0.0,정상,6.823042588804166e-05,0.0,정상,True
2020 10 30 15:07:34,0.0,정상,6.823042588804166e-05,0.0,정상,True
2020 10 30 15:07:39,0.0,정상,6.823042588804166e-05,0.0,정상,True
2020 10 30 15:07:44,0.0,정상,6.823042588804166e-05,0.0,정상,True
2020 10 30 15:07:49,0.0,정상,0.00017965190323130672,0.0,정상,True
2020 10 30 15:07:54,0.0,정상,0.00017965190323130672,0.0,정상,True
2020 10 30 15:07:59,0.0,정상,0.00017965190323130672,0.0,정상,True
2020 10 30 15:08:04,0.0,정상,0.00017965190323130672,0.0,정상,True
2020 10 30 15:08:09,0.0,정상,0.00017965190323130672,0.0,정상,True
2020 10 30 15:08:14,0.0,정상,0.00017965190323130672,0.0,정상,True
2020 10 30 15:08:19,0.0,정상,0.00014675716638920145,0.0,정상,True
2020 10 30 15:08:24,0.0,정상,0.00017965190323130672,0.0,정상,True
2020 10 30 15:08:29,0.0,정상,0.00017965190323130672,0.0,정상,True
2020 10 30 15:08:34,0.0,정상,0.00017965190323130672,0.0,정상,True
2020 10 30 15:08:39,0.0,정상,0.00017965190323130672,0.0,정상,True
2020 10 30 15:08:44,0.0,정상,0.00017965190323130672,0.0,정상,True
2020 10 30 15:08:49,0.0,정상,0.00017965190323130672,0.0,정상,True
2020 10 30 15:08:54,0.0,정상,0.00017965190323130672,0.0,정상,True
2020 10 30 15:08:59,0.0,정상,0.00017965190323130672,0.0,정상,True
2020 10 30 15:09:04,0.0,정상,0.00014675716638920145,0.0,정상,True
2020 10 30 15:09:09,0.0,정상,0.00014675716638920145,0.0,정상,True
2020 10 30 15:09:14,0.0,정상,0.00014675716638920145,0.0,정상,True
2020 10 30 15:09:19,0.0,정상,0.00014675716638920145,0.0,정상,True
2020 10 30 15:09:24,0.0,정상,0.00017965190323130672,0.0,정상,True
2020 10 30 15:09:29,0.0,정상,6.823042588804166e-05,0.0,정상,True
2020 10 30 15:09:34,0.0,정상,3.289473684210526e-05,0.0,정상,True
2020 10 30 15:09:39,0.0,정상,3.289473684210526e-05,0.0,정상,True
2020 10 30 15:09:44,0.0,정상,3.289473684210526e-05,0.0,정상,True
2020 10 30 15:09:49,0.0,정상,3.289473684210526e-05,0.0,정상,True
2020 10 30 15:09:54,0.0,정상,0.001041361283121646,0.0,정상,True
2020 10 30 15:09:59,0.0,정상,0.001041361283121646,0.0,정상,True
2020 10 30 15:10:04,0.0,정상,0.0001680672268907563,0.0,정상,True
2020 10 30 15:10:09,0.0,정상,0.0002866443019895705,0.0,정상,True
2020 10 30 15:10:14,0.0,정상,0.0001680672268907563,0.0,정상,True
2020 10 30 15:10:19,0.0,정상,0.0001680672268907563,0.0,정상,True
2020 10 30 15:10:24,0.0,정상,0.0001680672268907563,0.0,정상,True
2020 10 30 15:10:29,0.0,정상,0.0001680672268907563,0.0,정상,True
2020 10 30 15:10:34,0.0,정상,0.0,0.0,정상,True
2020 10 30 15:10:39,0.0,정상,0.0001680672268907563,0.0,정상,True
2020 10 30 15:10:44,0.0,정상,0.0,0.0,정상,True
2020 10 30 15:10:49,0.0,정상,0.0,0.0,정상,True
2020 10 30 15:10:54,0.0,정상,0.0,0.0,정상,True
2020 10 30 15:10:59,0.0,정상,4.858949951644667e-05,0.0,정상,True
2020 10 30 15:11:04,0.0,정상,4.858949951644667e-05,0.0,정상,True
2020 10 30 15:11:09,0.0,정상,4.858949951644667e-05,0.0,정상,True
2020 10 30 15:11:14,0.0,정상,3.53356890459364e-05,0.0,정상,True
2020 10 30 15:11:19,0.0,정상,3.53356890459364e-05,0.0,정상,True
2020 10 30 15:11:24,0.0,정상,4.858949951644667e-05,0.0,정상,True
2020 10 30 15:11:29,0.0,정상,4.858949951644667e-05,0.0,정상,True
2020 10 30 15:11:34,0.0,정상,4.858949951644667e-05,0.0,정상,True
2020 10 30 15:11:39,0.0,정상,4.858949951644667e-05,0.0,정상,True
2020 10 30 15:11:44,0.0,정상,4.858949951644667e-05,0.0,정상,True
2020 10 30 15:11:49,0.0,정상,4.858949951644667e-05,0.0,정상,True
2020 10 30 15:11:54,0.0,정상,0.0,0.0,정상,True
2020 10 30 15:11:59,0.0,정상,0.0,0.0,정상,True
2020 10 30 15:12:04,0.0,정상,0.0,0.0,정상,True
2020 10 30 15:12:09,0.0,정상,4.858949951644667e-05,0.0,정상,True
2020 10 30 15:12:14,0.0,정상,4.858949951644667e-05,0.0,정상,True
2020 10 30 15:12:19,0.0,정상,0.0,0.0,정상,True
2020 10 30 15:12:24,0.0,정상,0.0,0.0,정상,True
2020 10 30 15:12:29,0.0,정상,0.0,0.0,정상,True
2020 10 30 15:12:34,0.0,정상,0.0001098901098901099,0.0,정상,True
2020 10 30 15:12:39,0.0,정상,0.0002454186625880601,0.0,정상,True
2020 10 30 15:12:44,0.0,정상,0.0003067192729617234,0.0,정상,True
2020 10 30 15:12:49,0.0,정상,0.00010201446910032503,0.0,정상,True
2020 10 30 15:12:54,0.0,정상,0.00027874019916523414,0.0,정상,True
2020 10 30 15:12:59,0.0,정상,0.00027874019916523414,0.0,정상,True
2020 10 30 15:13:04,0.0,정상,0.00018210389974563453,0.0,정상,True
2020 10 30 15:13:09,0.0,정상,0.0002458454623231289,0.0,정상,True
2020 10 30 15:13:14,0.0,정상,0.0002458454623231289,0.0,정상,True
2020 10 30 15:13:19,0.0,정상,0.0002458454623231289,0.0,정상,True
2020 10 30 15:13:24,0.0,정상,0.0002458454623231289,0.0,정상,True
2020 10 30 15:13:29,0.0,정상,0.0003484792781789739,0.0,정상,True
2020 10 30 15:13:34,0.0,정상,0.0002458454623231289,0.0,정상,True
2020 10 30 15:13:39,0.0,정상,0.00014920916290352924,0.0,정상,True
2020 10 30 15:13:44,0.0,정상,0.00014920916290352924,0.0,정상,True
2020 10 30 15:13:49,0.0,정상,0.00040977988855263716,0.0,정상,True
2020 10 30 15:13:54,0.0,정상,0.00014920916290352924,0.0,정상,True
2020 10 30 15:13:59,0.0,정상,0.0004426746253947424,0.0,정상,True
2020 10 30 15:14:04,0.0,정상,0.00018210389974563453,0.0,정상,True
2020 10 30 15:14:09,0.0,정상,0.00018210389974563453,0.0,정상,True
2020 10 30 15:14:14,0.0,정상,0.0004426746253947424,0.0,정상,True
2020 10 30 15:14:19,0.0,정상,0.00027874019916523414,0.0,정상,True
2020 10 30 15:14:24,0.0,정상,0.0003460383259751428,0.0,정상,True
2020 10 30 15:14:29,0.0,정상,0.00027874019916523414,0.0,정상,True
2020 10 30 15:14:34,0.0,정상,0.00018210389974563453,0.0,정상,True
2020 10 30 15:14:39,0.0,정상,0.00027874019916523414,0.0,정상,True
2020 10 30 15:14:44,0.0,정상,0.0003460383259751428,0.0,정상,True
2020 10 30 15:14:49,0.0,정상,4.614854731261553e-05,0.0,정상,True
2020 10 30 15:14:54,0.0,정상,4.614854731261553e-05,0.0,정상,True
2020 10 30 15:14:59,0.0,정상,4.614854731261553e-05,0.0,정상,True
2020 10 30 15:15:04,0.0,정상,4.614854731261553e-05,0.0,정상,True
2020 10 30 15:15:09,0.0,정상,4.614854731261553e-05,0.0,정상,True
2020 10 30 15:15:14,0.0,정상,4.614854731261553e-05,0.0,정상,True
2020 10 30 15:15:19,0.0,정상,4.614854731261553e-05,0.0,정상,True
2020 10 30 15:15:24,0.0,정상,0.00021008297354212373,0.0,정상,True
2020 10 30 15:15:29,0.0,정상,4.614854731261553e-05,0.0,정상,True
2020 10 30 15:15:34,0.0,정상,0.00021008297354212373,0.0,정상,True
2020 10 30 15:15:39,0.0,정상,0.00018210389974563453,0.0,정상,True
2020 10 30 15:15:44,0.0,정상,0.00018210389974563453,0.0,정상,True
2020 10 30 15:15:49,0.0,정상,0.00010201446910032503,0.0,정상,True
2020 10 30 15:15:54,0.0,정상,0.00018210389974563453,0.0,정상,True
2020 10 30 15:15:59,0.0,정상,0.00018210389974563453,0.0,정상,True
2020 10 30 15:16:04,0.0,정상,0.00016885008927512425,0.0,정상,True
2020 10 30 15:16:09,0.0,정상,0.00018210389974563453,0.0,정상,True
2020 10 30 15:16:14,0.0,정상,0.00018210389974563453,0.0,정상,True
2020 10 30 15:16:19,0.0,정상,0.00016885008927512425,0.0,정상,True
2020 10 30 15:16:24,0.0,정상,0.00016885008927512425,0.0,정상,True
2020 10 30 15:16:29,0.0,정상,0.00018210389974563453,0.0,정상,True
2020 10 30 15:16:34,0.0,정상,0.00016885008927512425,0.0,정상,True
2020 10 30 15:16:39,0.0,정상,0.00013595535243301896,0.0,정상,True
2020 10 30 15:16:44,0.0,정상,0.005104409611108098,0.0,정상,True
2020 10 30 15:16:49,0.0,정상,0.0,0.0,정상,True
2020 10 30 15:16:54,0.0,정상,0.0,0.0,정상,True
2020 10 30 15:16:59,0.0,정상,0.0,0.0,정상,True
2020 10 30 15:17:04,0.0,정상,0.0,0.0,정상,True
2020 10 30 15:17:09,0.0,정상,0.0,0.0,정상,True
2020 10 30 15:17:14,0.0,정상,0.0,0.0,정상,True
2020 10 30 15:17:19,0.0,정상,3.289473684210526e-05,0.0,정상,True
2020 10 30 15:17:24,0.0,정상,0.0,0.0,정상,True
2020 10 30 15:17:29,0.0,정상,0.0,0.0,정상,True
2020 10 30 15:17:34,0.0,정상,0.0,0.0,정상,True
2020 10 30 15:17:39,0.0,정상,0.0,0.0,정상,True
2020 10 30 15:17:44,0.0,정상,3.289473684210526e-05,0.0,정상,True
2020 10 30 15:17:49,0.0,정상,0.0,0.0,정상,True
2020 10 30 15:17:54,0.0,정상,0.0,0.0,정상,True
2020 10 30 15:17:59,0.0,정상,0.0,0.0,정상,True
2020 10 30 15:18:04,0.0,정상,0.0,0.0,정상,True
2020 10 30 15:18:09,0.0,정상,0.0,0.0,정상,True
2020 10 30 15:18:14,0.0,정상,0.0,0.0,정상,True
2020 10 30 15:18:19,0.0,정상,0.0,0.0,정상,True
2020 10 30 15:18:24,0.0,정상,0.0,0.0,정상,True
2020 10 30 15:18:29,0.0,정상,1.3253810470510272e-05,0.0,정상,True
2020 10 30 15:18:34,0.0,정상,0.0,0.0,정상,True
2020 10 30 15:18:39,0.0,정상,0.0,0.0,정상,True
2020 10 30 15:18:44,0.0,정상,0.0,0.0,정상,True
2020 10 30 15:18:49,0.0,정상,1.3253810470510272e-05,0.0,정상,True
2020 10 30 15:18:54,0.0,정상,1.3253810470510272e-05,0.0,정상,True
2020 10 30 15:18:59,0.0,정상,0.0,0.0,정상,True
2020 10 30 15:19:04,0.0,정상,1.3253810470510272e-05,0.0,정상,True
2020 10 30 15:19:09,0.0,정상,0.0,0.0,정상,True
2020 10 30 15:19:14,0.0,정상,1.3253810470510272e-05,0.0,정상,True
2020 10 30 15:19:19,0.0,정상,0.0,0.0,정상,True
2020 10 30 15:19:24,0.0,정상,1.3253810470510272e-05,0.0,정상,True
2020 10 30 15:19:29,0.0,정상,1.3253810470510272e-05,0.0,정상,True
2020 10 30 15:19:34,0.0,정상,1.3253810470510272e-05,0.0,정상,True
2020 10 30 15:19:39,0.0,정상,1.3253810470510272e-05,0.0,정상,True
2020 10 30 15:19:44,0.0,정상,1.3253810470510272e-05,0.0,정상,True
2020 10 30 15:19:49,0.0,정상,1.3253810470510272e-05,0.0,정상,True
2020 10 30 15:19:54,0.0,정상,1.3253810470510272e-05,0.0,정상,True
2020 10 30 15:19:59,0.0,정상,1.3253810470510272e-05,0.0,정상,True
2020 10 30 15:20:04,0.0,정상,1.3253810470510272e-05,0.0,정상,True
2020 10 30 15:20:09,0.0,정상,1.3253810470510272e-05,0.0,정상,True
2020 10 30 15:20:14,0.0,정상,1.3253810470510272e-05,0.0,정상,True
2020 10 30 15:20:19,0.0,정상,1.3253810470510272e-05,0.0,정상,True
2020 10 30 15:20:24,0.0,정상,0.0,0.0,정상,True
2020 10 30 15:20:29,0.0,정상,0.0,0.0,정상,True
2020 10 30 15:20:34,0.0,정상,0.0,0.0,정상,True
2020 10 30 15:20:39,0.0,정상,0.0,0.0,정상,True
2020 10 30 15:20:44,0.0,정상,0.0,0.0,정상,True
2020 10 30 15:20:49,0.0,정상,0.0,0.0,정상,True
2020 10 30 15:20:54,0.0,정상,0.0,0.0,정상,True
2020 10 30 15:20:59,0.0,정상,0.0,0.0,정상,True
2020 10 30 15:21:04,0.0,정상,0.0,0.0,정상,True
2020 10 30 15:21:09,0.0,정상,0.0,0.0,정상,True
2020 10 30 15:21:14,0.0,정상,0.0,0.0,정상,True
2020 10 30 15:21:19,0.0,정상,1.3253810470510272e-05,0.0,정상,True
2020 10 30 15:21:24,0.0,정상,0.0,0.0,정상,True
2020 10 30 15:21:29,0.0,정상,1.3253810470510272e-05,0.0,정상,True
2020 10 30 15:21:34,0.0,정상,0.0,0.0,정상,True
2020 10 30 15:21:39,0.0,정상,0.0,0.0,정상,True
2020 10 30 15:21:44,0.0,정상,0.0,0.0,정상,True
2020 10 30 15:21:49,0.0,정상,0.0,0.0,정상,True
2020 10 30 15:21:54,0.0,정상,0.0,0.0,정상,True
2020 10 30 15:21:59,0.0,정상,0.0,0.0,정상,True
2020 10 30 15:22:04,0.0,정상,0.0,0.0,정상,True
2020 10 30 15:22:09,0.0,정상,0.0,0.0,정상,True
2020 10 30 15:22:14,0.0,정상,0.0,0.0,정상,True
2020 10 30 15:22:19,0.0,정상,0.0,0.0,정상,True
2020 10 30 15:22:24,0.0,정상,0.0,0.0,정상,True
2020 10 30 15:22:29,0.0,정상,0.0,0.0,정상,True
2020 10 30 15:22:34,0.0,정상,0.0,0.0,정상,True
2020 10 30 15:22:39,0.0,정상,0.0,0.0,정상,True
2020 10 30 15:22:44,0.0,정상,0.0,0.0,정상,True
2020 10 30 15:22:49,0.0,정상,0.0,0.0,정상,True
2020 10 30 15:22:54,0.0,정상,0.0,0.0,정상,True
2020 10 30 15:22:59,0.0,정상,0.0,0.0,정상,True
2020 10 30 15:23:04,0.0,정상,0.0,0.0,정상,True
2020 10 30 15:23:09,0.0,정상,0.0,0.0,정상,True
2020 10 30 15:23:14,0.0,정상,0.0,0.0,정상,True
2020 10 30 15:23:19,0.0,정상,3.289473684210526e-05,0.0,정상,True
2020 10 30 15:23:24,0.0,정상,3.289473684210526e-05,0.0,정상,True
2020 10 30 15:23:29,0.0,정상,0.010032894736842107,0.0,정상,True
2020 10 30 15:23:34,0.0,정상,3.289473684210526e-05,0.0,정상,True
2020 10 30 15:23:39,0.0,정상,0.0,0.0,정상,True
2020 10 30 15:23:44,0.0,정상,0.0,0.0,정상,True
2020 10 30 15:23:49,0.0,정상,0.0,0.0,정상,True
2020 10 30 15:23:54,0.0,정상,0.0,0.0,정상,True
2020 10 30 15:23:59,0.0,정상,0.0,0.0,정상,True
2020 10 30 15:24:04,0.0,정상,0.01,0.0,정상,True
2020 10 30 15:24:09,0.0,정상,0.0,0.0,정상,True
2020 10 30 15:24:14,0.0,정상,3.289473684210526e-05,0.0,정상,True
2020 10 30 15:24:19,0.0,정상,0.005032894736842105,0.0,정상,True
2020 10 30 15:24:24,0.0,정상,3.289473684210526e-05,0.0,정상,True
2020 10 30 15:24:29,0.0,정상,0.0008333333333333333,0.0,정상,True
2020 10 30 15:24:34,0.0,정상,0.005866228070175439,0.0,정상,True
2020 10 30 15:24:39,0.0,정상,3.289473684210526e-05,0.0,정상,True
2020 10 30 15:24:44,0.0,정상,0.005897773811500359,0.0,정상,True
2020 10 30 15:24:49,0.0,정상,0.005897773811500359,0.0,정상,True
2020 10 30 15:24:54,0.0,정상,0.005897773811500359,0.0,정상,True
2020 10 30 15:24:59,0.0,정상,0.00808845029239766,0.0,정상,True
2020 10 30 15:25:04,0.0,정상,6.444047816702639e-05,0.0,정상,True
2020 10 30 15:25:09,0.0,정상,3.289473684210526e-05,0.0,정상,True
2020 10 30 15:25:14,0.0,정상,0.005897773811500359,0.0,정상,True
2020 10 30 15:25:19,0.0,정상,3.289473684210526e-05,0.0,정상,True
2020 10 30 15:25:24,0.0,정상,3.289473684210526e-05,0.0,정상,True
2020 10 30 15:25:29,0.0,정상,3.289473684210526e-05,0.0,정상,True
2020 10 30 15:25:34,0.0,정상,3.289473684210526e-05,0.0,정상,True
2020 10 30 15:25:39,0.0,정상,3.289473684210526e-05,0.0,정상,True
2020 10 30 15:25:44,0.0,정상,3.289473684210526e-05,0.0,정상,True
2020 10 30 15:25:49,0.0,정상,3.289473684210526e-05,0.0,정상,True
2020 10 30 15:25:54,0.0,정상,6.823042588804166e-05,0.0,정상,True
2020 10 30 15:25:59,0.0,정상,6.823042588804166e-05,0.0,정상,True
2020 10 30 15:26:04,0.0,정상,3.289473684210526e-05,0.0,정상,True
2020 10 30 15:26:09,0.0,정상,3.289473684210526e-05,0.0,정상,True
2020 10 30 15:26:14,0.0,정상,3.53356890459364e-05,0.0,정상,True
2020 10 30 15:26:19,0.0,정상,6.823042588804166e-05,0.0,정상,True
2020 10 30 15:26:24,0.0,정상,3.53356890459364e-05,0.0,정상,True
2020 10 30 15:26:29,0.0,정상,3.53356890459364e-05,0.0,정상,True
2020 10 30 15:26:34,0.0,정상,3.53356890459364e-05,0.0,정상,True
2020 10 30 15:26:39,0.0,정상,3.53356890459364e-05,0.0,정상,True
2020 10 30 15:26:44,0.0,정상,3.53356890459364e-05,0.0,정상,True
2020 10 30 15:26:49,0.0,정상,3.53356890459364e-05,0.0,정상,True
2020 10 30 15:26:54,0.0,정상,4.858949951644667e-05,0.0,정상,True
2020 10 30 15:26:59,0.0,정상,4.858949951644667e-05,0.0,정상,True
2020 10 30 15:27:04,0.0,정상,3.53356890459364e-05,0.0,정상,True
2020 10 30 15:27:09,0.0,정상,4.858949951644667e-05,0.0,정상,True
2020 10 30 15:27:14,0.0,정상,4.858949951644667e-05,0.0,정상,True
2020 10 30 15:27:19,0.0,정상,4.858949951644667e-05,0.0,정상,True
2020 10 30 15:27:24,0.0,정상,4.858949951644667e-05,0.0,정상,True
2020 10 30 15:27:29,0.0,정상,4.858949951644667e-05,0.0,정상,True
2020 10 30 15:27:34,0.0,정상,0.0,0.0,정상,True
2020 10 30 15:27:39,0.0,정상,0.0,0.0,정상,True
2020 10 30 15:27:44,0.0,정상,0.0,0.0,정상,True
2020 10 30 15:27:49,0.0,정상,0.0,0.0,정상,True
2020 10 30 15:27:54,0.0,정상,0.0,0.0,정상,True
2020 10 30 15:27:59,0.0,정상,0.0,0.0,정상,True
2020 10 30 15:28:04,0.0,정상,0.0,0.0,정상,True
2020 10 30 15:28:09,0.0,정상,4.858949951644667e-05,0.0,정상,True
2020 10 30 15:28:14,0.0,정상,0.0,0.0,정상,True
2020 10 30 15:28:19,0.0,정상,4.858949951644667e-05,0.0,정상,True
2020 10 30 15:28:24,0.0,정상,4.4799551795431405e-05,0.0,정상,True
2020 10 30 15:28:29,0.0,정상,4.4799551795431405e-05,0.0,정상,True
2020 10 30 15:28:34,0.0,정상,4.4799551795431405e-05,0.0,정상,True
2020 10 30 15:28:39,0.0,정상,4.4799551795431405e-05,0.0,정상,True
2020 10 30 15:28:44,0.0,정상,4.4799551795431405e-05,0.0,정상,True
2020 10 30 15:28:49,0.0,정상,4.4799551795431405e-05,0.0,정상,True
2020 10 30 15:28:54,0.0,정상,4.4799551795431405e-05,0.0,정상,True
2020 10 30 15:28:59,0.0,정상,4.4799551795431405e-05,0.0,정상,True
2020 10 30 15:29:04,0.0,정상,0.0,0.0,정상,True
2020 10 30 15:29:09,0.0,정상,4.858949951644667e-05,0.0,정상,True
2020 10 30 15:29:14,0.0,정상,0.0,0.0,정상,True
2020 10 30 15:29:19,0.0,정상,0.0,0.0,정상,True
2020 10 30 15:29:24,0.0,정상,1.3253810470510272e-05,0.0,정상,True
2020 10 30 15:29:29,0.0,정상,1.3253810470510272e-05,0.0,정상,True
2020 10 30 15:29:34,0.0,정상,0.0,0.0,정상,True
2020 10 30 15:29:39,0.0,정상,4.858949951644667e-05,0.0,정상,True
2020 10 30 15:29:44,0.0,정상,0.0,0.0,정상,True
2020 10 30 15:29:49,0.0,정상,0.0,0.0,정상,True
2020 10 30 15:29:54,0.0,정상,0.0,0.0,정상,True
2020 10 30 15:29:59,0.0,정상,0.0,0.0,정상,True
2020 10 30 15:30:04,0.0,정상,0.0,0.0,정상,True
2020 10 30 15:30:09,0.0,정상,0.0,0.0,정상,True
2020 10 30 15:30:14,0.0,정상,0.0,0.0,정상,True
2020 10 30 15:30:19,0.0,정상,0.0,0.0,정상,True
2020 10 30 15:30:24,0.0,정상,0.0,0.0,정상,True
2020 10 30 15:30:29,0.0,정상,0.0,0.0,정상,True
2020 10 30 15:30:34,0.0,정상,0.0,0.0,정상,True
2020 10 30 15:30:39,0.0,정상,0.0,0.0,정상,True
2020 10 30 15:30:44,0.0,정상,0.0001098901098901099,0.0,정상,True
2020 10 30 15:30:49,0.0,정상,0.0001098901098901099,0.0,정상,True
2020 10 30 15:30:54,0.0,정상,0.0001098901098901099,0.0,정상,True
2020 10 30 15:30:59,0.0,정상,0.0001098901098901099,0.0,정상,True
2020 10 30 15:31:04,0.0,정상,0.0001098901098901099,0.0,정상,True
2020 10 30 15:31:09,0.0,정상,0.0001098901098901099,0.0,정상,True
2020 10 30 15:31:14,0.0,정상,0.0001098901098901099,0.0,정상,True
2020 10 30 15:31:19,0.0,정상,0.0001098901098901099,0.0,정상,True
2020 10 30 15:31:24,0.0,정상,0.0,0.0,정상,True
2020 10 30 15:31:29,0.0,정상,0.0,0.0,정상,True
2020 10 30 15:31:34,0.0,정상,0.0,0.0,정상,True
2020 10 30 15:31:39,0.0,정상,0.0,0.0,정상,True
2020 10 30 15:31:44,0.0,정상,0.0,0.0,정상,True
2020 10 30 15:31:49,0.0,정상,0.0,0.0,정상,True
2020 10 30 15:31:54,0.0,정상,0.0,0.0,정상,True
2020 10 30 15:31:59,0.0,정상,0.0,0.0,정상,True
2020 10 30 15:32:04,0.0,정상,0.0,0.0,정상,True
2020 10 30 15:32:09,0.0,정상,0.0,0.0,정상,True
2020 10 30 15:32:14,0.0,정상,0.0,0.0,정상,True
2020 10 30 15:32:19,0.0,정상,0.0,0.0,정상,True
2020 10 30 15:32:24,0.0,정상,0.0,0.0,정상,True
2020 10 30 15:32:29,0.0,정상,0.0,0.0,정상,True
2020 10 30 15:32:34,0.0,정상,0.0,0.0,정상,True
2020 10 30 15:32:39,0.0,정상,0.0,0.0,정상,True
2020 10 30 15:32:44,0.0,정상,0.0,0.0,정상,True
2020 10 30 15:32:49,0.0,정상,0.0,0.0,정상,True
2020 10 30 15:32:54,0.0,정상,0.0,0.0,정상,True
2020 10 30 15:32:59,0.0,정상,0.0,0.0,정상,True
2020 10 30 15:33:04,0.0,정상,0.0,0.0,정상,True
2020 10 30 15:33:09,0.0,정상,0.0,0.0,정상,True
2020 10 30 15:33:14,0.0,정상,0.0,0.0,정상,True
2020 10 30 15:33:19,0.0,정상,0.0,0.0,정상,True
2020 10 30 15:33:24,0.0,정상,0.0,0.0,정상,True
2020 10 30 15:33:29,0.0,정상,0.0,0.0,정상,True
2020 10 30 15:33:34,0.0,정상,8.71012968804767e-05,0.0,정상,True
2020 10 30 15:33:39,0.0,정상,8.71012968804767e-05,0.0,정상,True
2020 10 30 15:33:44,0.0,정상,8.71012968804767e-05,0.0,정상,True
2020 10 30 15:33:49,0.0,정상,8.71012968804767e-05,0.0,정상,True
2020 10 30 15:33:54,0.0,정상,8.71012968804767e-05,0.0,정상,True
2020 10 30 15:33:59,0.0,정상,3.154574132492114e-05,0.0,정상,True
2020 10 30 15:34:04,0.0,정상,0.0,0.0,정상,True
2020 10 30 15:34:09,0.0,정상,5.555555555555556e-05,0.0,정상,True
2020 10 30 15:34:14,0.0,정상,8.71012968804767e-05,0.0,정상,True
2020 10 30 15:34:19,0.0,정상,8.008943064530948e-05,0.0,정상,True
2020 10 30 15:34:24,0.0,정상,8.008943064530948e-05,0.0,정상,True
2020 10 30 15:34:29,0.0,정상,5.555555555555556e-05,0.0,정상,True
2020 10 30 15:34:34,0.0,정상,0.00013564498620086504,0.0,정상,True
2020 10 30 15:34:39,0.0,정상,5.555555555555556e-05,0.0,정상,True
2020 10 30 15:34:44,0.0,정상,0.00013564498620086504,0.0,정상,True
2020 10 30 15:34:49,0.0,정상,8.008943064530948e-05,0.0,정상,True
2020 10 30 15:34:54,0.0,정상,0.00013564498620086504,0.0,정상,True
2020 10 30 15:34:59,0.0,정상,0.00013564498620086504,0.0,정상,True
2020 10 30 15:35:04,0.0,정상,0.00013564498620086504,0.0,정상,True
2020 10 30 15:35:09,0.0,정상,0.00013564498620086504,0.0,정상,True
2020 10 30 15:35:14,0.0,정상,0.00013564498620086504,0.0,정상,True
2020 10 30 15:35:19,0.0,정상,0.00013564498620086504,0.0,정상,True
2020 10 30 15:35:24,0.0,정상,0.00013564498620086504,0.0,정상,True
2020 10 30 15:35:29,0.0,정상,0.00013564498620086504,0.0,정상,True
2020 10 30 15:35:34,0.0,정상,0.00013564498620086504,0.0,정상,True
2020 10 30 15:35:39,0.0,정상,0.00013564498620086504,0.0,정상,True
2020 10 30 15:35:44,0.0,정상,0.00013564498620086504,0.0,정상,True
2020 10 30 15:35:49,0.0,정상,0.00013564498620086504,0.0,정상,True
2020 10 30 15:35:54,0.0,정상,0.00013564498620086504,0.0,정상,True
2020 10 30 15:35:59,0.0,정상,0.00013564498620086504,0.0,정상,True
2020 10 30 15:36:04,0.0,정상,0.00013564498620086504,0.0,정상,True
2020 10 30 15:36:09,0.0,정상,0.00013564498620086504,0.0,정상,True
2020 10 30 15:36:14,0.0,정상,5.555555555555556e-05,0.0,정상,True
2020 10 30 15:36:19,0.0,정상,5.555555555555556e-05,0.0,정상,True
2020 10 30 15:36:24,0.0,정상,5.555555555555556e-05,0.0,정상,True
2020 10 30 15:36:29,0.0,정상,5.555555555555556e-05,0.0,정상,True
2020 10 30 15:36:34,0.0,정상,8.845029239766083e-05,0.0,정상,True
2020 10 30 15:36:39,0.0,정상,5.555555555555556e-05,0.0,정상,True
2020 10 30 15:36:44,0.0,정상,5.555555555555556e-05,0.0,정상,True
2020 10 30 15:36:49,0.0,정상,8.845029239766083e-05,0.0,정상,True
2020 10 30 15:36:54,0.0,정상,8.845029239766083e-05,0.0,정상,True
2020 10 30 15:36:59,0.0,정상,9.089124460149196e-05,0.0,정상,True
2020 10 30 15:37:04,0.0,정상,9.089124460149196e-05,0.0,정상,True
2020 10 30 15:37:09,0.0,정상,9.089124460149196e-05,0.0,정상,True
2020 10 30 15:37:14,0.0,정상,9.089124460149196e-05,0.0,정상,True
2020 10 30 15:37:19,0.0,정상,8.845029239766083e-05,0.0,정상,True
2020 10 30 15:37:24,0.0,정상,8.845029239766083e-05,0.0,정상,True
2020 10 30 15:37:29,0.0,정상,8.845029239766083e-05,0.0,정상,True
2020 10 30 15:37:34,0.0,정상,8.845029239766083e-05,0.0,정상,True
2020 10 30 15:37:39,0.0,정상,8.845029239766083e-05,0.0,정상,True
2020 10 30 15:37:44,0.0,정상,0.0008431672735297363,0.0,정상,True
2020 10 30 15:37:49,0.0,정상,0.0008431672735297363,0.0,정상,True
2020 10 30 15:37:54,0.0,정상,0.0008431672735297363,0.0,정상,True
2020 10 30 15:37:59,0.0,정상,0.0008431672735297363,0.0,정상,True
2020 10 30 15:38:04,0.0,정상,0.0007876117179741807,0.0,정상,True
2020 10 30 15:38:09,0.0,정상,0.0010155810666331844,0.0,정상,True
2020 10 30 15:38:14,0.0,정상,0.0008431672735297363,0.0,정상,True
2020 10 30 15:38:19,0.0,정상,0.0007876117179741807,0.0,정상,True
2020 10 30 15:38:24,0.0,정상,0.0007876117179741807,0.0,정상,True
2020 10 30 15:38:29,0.0,정상,0.0007876117179741807,0.0,정상,True
2020 10 30 15:38:34,0.0,정상,0.0007876117179741807,0.0,정상,True
2020 10 30 15:38:39,0.0,정상,0.0007876117179741807,0.0,정상,True
2020 10 30 15:38:44,0.0,정상,0.0007876117179741807,0.0,정상,True
2020 10 30 15:38:49,0.0,정상,0.0007876117179741807,0.0,정상,True
2020 10 30 15:38:54,0.0,정상,0.0007876117179741807,0.0,정상,True
2020 10 30 15:38:59,0.0,정상,0.0007876117179741807,0.0,정상,True
2020 10 30 15:39:04,0.0,정상,0.0007876117179741807,0.0,정상,True
2020 10 30 15:39:09,0.0,정상,0.0007876117179741807,0.0,정상,True
2020 10 30 15:39:14,0.0,정상,0.0007876117179741807,0.0,정상,True
2020 10 30 15:39:19,0.0,정상,0.0007876117179741807,0.0,정상,True
2020 10 30 15:39:24,0.0,정상,3.289473684210526e-05,0.0,정상,True
2020 10 30 15:39:29,0.0,정상,3.289473684210526e-05,0.0,정상,True
2020 10 30 15:39:34,0.0,정상,3.289473684210526e-05,0.0,정상,True
2020 10 30 15:39:39,0.0,정상,0.00015054179566563466,0.0,정상,True
2020 10 30 15:39:44,0.0,정상,3.289473684210526e-05,0.0,정상,True
2020 10 30 15:39:49,0.0,정상,3.289473684210526e-05,0.0,정상,True
2020 10 30 15:39:54,0.0,정상,3.289473684210526e-05,0.0,정상,True
2020 10 30 15:39:59,0.0,정상,0.010032894736842107,0.0,정상,True
2020 10 30 15:40:04,0.0,정상,4.614854731261553e-05,0.0,정상,True
2020 10 30 15:40:09,0.0,정상,3.289473684210526e-05,0.0,정상,True
2020 10 30 15:40:14,0.0,정상,8.148423635855193e-05,0.0,정상,True
2020 10 30 15:40:19,0.0,정상,0.00021008297354212373,0.0,정상,True
2020 10 30 15:40:24,0.0,정상,4.614854731261553e-05,0.0,정상,True
2020 10 30 15:40:29,0.0,정상,3.289473684210526e-05,0.0,정상,True
2020 10 30 15:40:34,0.0,정상,4.614854731261553e-05,0.0,정상,True
2020 10 30 15:40:39,0.0,정상,4.614854731261553e-05,0.0,정상,True
2020 10 30 15:40:44,0.0,정상,4.614854731261553e-05,0.0,정상,True
2020 10 30 15:40:49,0.0,정상,1.3253810470510272e-05,0.0,정상,True
2020 10 30 15:40:54,0.0,정상,1.3253810470510272e-05,0.0,정상,True
2020 10 30 15:40:59,0.0,정상,1.3253810470510272e-05,0.0,정상,True
2020 10 30 15:41:04,0.0,정상,1.3253810470510272e-05,0.0,정상,True
2020 10 30 15:41:09,0.0,정상,1.3253810470510272e-05,0.0,정상,True
2020 10 30 15:41:14,0.0,정상,1.3253810470510272e-05,0.0,정상,True
2020 10 30 15:41:19,0.0,정상,1.3253810470510272e-05,0.0,정상,True
2020 10 30 15:41:24,0.0,정상,1.3253810470510272e-05,0.0,정상,True
2020 10 30 15:41:29,0.0,정상,1.3253810470510272e-05,0.0,정상,True
2020 10 30 15:41:34,0.0,정상,1.3253810470510272e-05,0.0,정상,True
2020 10 30 15:41:39,0.0,정상,1.3253810470510272e-05,0.0,정상,True
2020 10 30 15:41:44,0.0,정상,4.858949951644667e-05,0.0,정상,True
2020 10 30 15:41:49,0.0,정상,1.3253810470510272e-05,0.0,정상,True
2020 10 30 15:41:54,0.0,정상,1.3253810470510272e-05,0.0,정상,True
2020 10 30 15:41:59,0.0,정상,1.3253810470510272e-05,0.0,정상,True
2020 10 30 15:42:04,0.0,정상,1.3253810470510272e-05,0.0,정상,True
2020 10 30 15:42:09,0.0,정상,1.3253810470510272e-05,0.0,정상,True
2020 10 30 15:42:14,0.0,정상,1.3253810470510272e-05,0.0,정상,True
2020 10 30 15:42:19,0.0,정상,1.3253810470510272e-05,0.0,정상,True
2020 10 30 15:42:24,0.0,정상,1.3253810470510272e-05,0.0,정상,True
2020 10 30 15:42:29,0.0,정상,1.3253810470510272e-05,0.0,정상,True
2020 10 30 15:42:34,0.0,정상,1.3253810470510272e-05,0.0,정상,True
2020 10 30 15:42:39,0.0,정상,1.3253810470510272e-05,0.0,정상,True
2020 10 30 15:42:44,0.0,정상,0.0,0.0,정상,True
2020 10 30 15:42:49,0.0,정상,1.3253810470510272e-05,0.0,정상,True
2020 10 30 15:42:54,0.0,정상,0.0,0.0,정상,True
2020 10 30 15:42:59,0.0,정상,0.0,0.0,정상,True
2020 10 30 15:43:04,0.0,정상,3.154574132492114e-05,0.0,정상,True
2020 10 30 15:43:09,0.0,정상,0.0,0.0,정상,True
2020 10 30 15:43:14,0.0,정상,3.154574132492114e-05,0.0,정상,True
2020 10 30 15:43:19,0.0,정상,3.154574132492114e-05,0.0,정상,True
2020 10 30 15:43:24,0.0,정상,3.154574132492114e-05,0.0,정상,True
2020 10 30 15:43:29,0.0,정상,3.154574132492114e-05,0.0,정상,True
2020 10 30 15:43:34,0.0,정상,3.154574132492114e-05,0.0,정상,True
2020 10 30 15:43:39,0.0,정상,3.154574132492114e-05,0.0,정상,True
2020 10 30 15:43:44,0.0,정상,3.154574132492114e-05,0.0,정상,True
2020 10 30 15:43:49,0.0,정상,3.154574132492114e-05,0.0,정상,True
2020 10 30 15:43:54,0.0,정상,3.154574132492114e-05,0.0,정상,True
2020 10 30 15:43:59,0.0,정상,3.154574132492114e-05,0.0,정상,True
2020 10 30 15:44:04,0.0,정상,3.154574132492114e-05,0.0,정상,True
2020 10 30 15:44:09,0.0,정상,3.154574132492114e-05,0.0,정상,True
2020 10 30 15:44:14,0.0,정상,3.154574132492114e-05,0.0,정상,True
2020 10 30 15:44:19,0.0,정상,3.154574132492114e-05,0.0,정상,True
2020 10 30 15:44:24,0.0,정상,4.4799551795431405e-05,0.0,정상,True
2020 10 30 15:44:29,0.0,정상,3.154574132492114e-05,0.0,정상,True
2020 10 30 15:44:34,0.0,정상,3.154574132492114e-05,0.0,정상,True
2020 10 30 15:44:39,0.0,정상,3.154574132492114e-05,0.0,정상,True
2020 10 30 15:44:44,0.0,정상,3.154574132492114e-05,0.0,정상,True
2020 10 30 15:44:49,0.0,정상,3.154574132492114e-05,0.0,정상,True
2020 10 30 15:44:54,0.0,정상,3.154574132492114e-05,0.0,정상,True
2020 10 30 15:44:59,0.0,정상,3.154574132492114e-05,0.0,정상,True
2020 10 30 15:45:04,0.0,정상,3.154574132492114e-05,0.0,정상,True
2020 10 30 15:45:09,0.0,정상,0.0,0.0,정상,True
2020 10 30 15:45:14,0.0,정상,0.0,0.0,정상,True
2020 10 30 15:45:19,0.0,정상,3.154574132492114e-05,0.0,정상,True
2020 10 30 15:45:24,0.0,정상,3.154574132492114e-05,0.0,정상,True
2020 10 30 15:45:29,0.0,정상,3.154574132492114e-05,0.0,정상,True
2020 10 30 15:45:34,0.0,정상,3.154574132492114e-05,0.0,정상,True
2020 10 30 15:45:39,0.0,정상,3.154574132492114e-05,0.0,정상,True
2020 10 30 15:45:44,0.0,정상,0.010112984167487415,0.0,정상,True
2020 10 30 15:45:49,0.0,정상,8.008943064530948e-05,0.0,정상,True
2020 10 30 15:45:54,0.0,정상,0.01008008943064531,0.0,정상,True
2020 10 30 15:45:59,0.0,정상,8.008943064530948e-05,0.0,정상,True
2020 10 30 15:46:04,0.0,정상,8.008943064530948e-05,0.0,정상,True
2020 10 30 15:46:09,0.0,정상,9.334324111581974e-05,0.0,정상,True
2020 10 30 15:46:14,0.0,정상,0.0035773571902081506,0.0,정상,True
2020 10 30 15:46:19,0.0,정상,0.000126237977957925,0.0,정상,True
2020 10 30 15:46:24,0.0,정상,0.003623505737520766,0.0,정상,True
2020 10 30 15:46:29,0.0,정상,9.334324111581974e-05,0.0,정상,True
2020 10 30 15:46:34,0.0,정상,0.0035773571902081506,0.0,정상,True
2020 10 30 15:46:39,0.0,정상,9.334324111581974e-05,0.0,정상,True
2020 10 30 15:46:44,0.0,정상,9.334324111581974e-05,0.0,정상,True
2020 10 30 15:46:49,0.0,정상,9.334324111581974e-05,0.0,정상,True
2020 10 30 15:46:54,0.0,정상,0.00011298416748741474,0.0,정상,True
2020 10 30 15:46:59,0.0,정상,0.000126237977957925,0.0,정상,True
2020 10 30 15:47:04,0.0,정상,9.334324111581974e-05,0.0,정상,True
2020 10 30 15:47:09,0.0,정상,9.334324111581974e-05,0.0,정상,True
2020 10 30 15:47:14,0.0,정상,9.334324111581974e-05,0.0,정상,True
2020 10 30 15:47:19,0.0,정상,0.0033648790746582543,0.0,정상,True
2020 10 30 15:47:24,0.0,정상,9.334324111581974e-05,0.0,정상,True
2020 10 30 15:47:29,0.0,정상,0.01008008943064531,0.0,정상,True
2020 10 30 15:47:34,0.0,정상,0.010112984167487415,0.0,정상,True
2020 10 30 15:47:39,0.0,정상,0.010112984167487415,0.0,정상,True
2020 10 30 15:47:44,0.0,정상,6.444047816702639e-05,0.0,정상,True
2020 10 30 15:47:49,0.0,정상,6.444047816702639e-05,0.0,정상,True
2020 10 30 15:47:54,0.0,정상,6.444047816702639e-05,0.0,정상,True
2020 10 30 15:47:59,0.0,정상,6.444047816702639e-05,0.0,정상,True
2020 10 30 15:48:04,0.0,정상,6.444047816702639e-05,0.0,정상,True
2020 10 30 15:48:09,0.0,정상,6.444047816702639e-05,0.0,정상,True
2020 10 30 15:48:14,0.0,정상,0.00011298416748741474,0.0,정상,True
2020 10 30 15:48:19,0.0,정상,6.444047816702639e-05,0.0,정상,True
2020 10 30 15:48:24,0.0,정상,0.012564440478167026,0.0,정상,True
2020 10 30 15:48:29,0.0,정상,0.04003289473684211,0.0,정상,True
2020 10 30 15:48:34,0.0,정상,0.020032894736842107,0.0,정상,True
2020 10 30 15:48:39,0.0,정상,0.004068230425888042,0.0,정상,True
2020 10 30 15:48:44,0.0,정상,0.004032894736842105,0.0,정상,True
2020 10 30 15:48:49,0.0,정상,8.148423635855193e-05,0.0,정상,True
2020 10 30 15:48:54,0.0,정상,3.289473684210526e-05,0.0,정상,True
2020 10 30 15:48:59,0.0,정상,0.002268370769534838,0.0,정상,True
2020 10 30 15:49:04,0.0,정상,0.004032894736842105,0.0,정상,True
2020 10 30 15:49:09,0.0,정상,4.614854731261553e-05,0.0,정상,True
2020 10 30 15:49:14,0.0,정상,8.148423635855193e-05,0.0,정상,True
2020 10 30 15:49:19,0.0,정상,0.004032894736842105,0.0,정상,True
2020 10 30 15:49:24,0.0,정상,0.004032894736842105,0.0,정상,True
2020 10 30 15:49:29,0.0,정상,0.004032894736842105,0.0,정상,True
2020 10 30 15:49:34,0.0,정상,4.614854731261553e-05,0.0,정상,True
2020 10 30 15:49:39,0.0,정상,4.614854731261553e-05,0.0,정상,True
2020 10 30 15:49:44,0.0,정상,0.00021008297354212373,0.0,정상,True
2020 10 30 15:49:49,0.0,정상,0.004032894736842105,0.0,정상,True
2020 10 30 15:49:54,0.0,정상,4.614854731261553e-05,0.0,정상,True
2020 10 30 15:49:59,0.0,정상,4.614854731261553e-05,0.0,정상,True
2020 10 30 15:50:04,0.0,정상,0.00021008297354212373,0.0,정상,True
2020 10 30 15:50:09,0.0,정상,4.614854731261553e-05,0.0,정상,True
2020 10 30 15:50:14,0.0,정상,3.289473684210526e-05,0.0,정상,True
2020 10 30 15:50:19,0.0,정상,4.614854731261553e-05,0.0,정상,True
2020 10 30 15:50:24,0.0,정상,3.289473684210526e-05,0.0,정상,True
2020 10 30 15:50:29,0.0,정상,4.614854731261553e-05,0.0,정상,True
2020 10 30 15:50:34,0.0,정상,4.614854731261553e-05,0.0,정상,True
2020 10 30 15:50:39,0.0,정상,3.289473684210526e-05,0.0,정상,True
2020 10 30 15:50:44,0.0,정상,4.614854731261553e-05,0.0,정상,True
2020 10 30 15:50:49,0.0,정상,3.289473684210526e-05,0.0,정상,True
2020 10 30 15:50:54,0.0,정상,3.289473684210526e-05,0.0,정상,True
2020 10 30 15:50:59,0.0,정상,4.614854731261553e-05,0.0,정상,True
2020 10 30 15:51:04,0.0,정상,0.0,0.0,정상,True
2020 10 30 15:51:09,0.0,정상,1.3253810470510272e-05,0.0,정상,True
2020 10 30 15:51:14,0.0,정상,1.3253810470510272e-05,0.0,정상,True
2020 10 30 15:51:19,0.0,정상,4.614854731261553e-05,0.0,정상,True
2020 10 30 15:51:24,0.0,정상,4.614854731261553e-05,0.0,정상,True
2020 10 30 15:51:29,0.0,정상,4.614854731261553e-05,0.0,정상,True
2020 10 30 15:51:34,0.0,정상,0.00021008297354212373,0.0,정상,True
2020 10 30 15:51:39,0.0,정상,0.00021008297354212373,0.0,정상,True
2020 10 30 15:51:44,0.0,정상,0.00021008297354212373,0.0,정상,True
2020 10 30 15:51:49,0.0,정상,4.614854731261553e-05,0.0,정상,True
2020 10 30 15:51:54,0.0,정상,4.614854731261553e-05,0.0,정상,True
2020 10 30 15:51:59,0.0,정상,4.614854731261553e-05,0.0,정상,True
2020 10 30 15:52:04,0.0,정상,4.614854731261553e-05,0.0,정상,True
2020 10 30 15:52:09,0.0,정상,0.00021008297354212373,0.0,정상,True
2020 10 30 15:52:14,0.0,정상,4.614854731261553e-05,0.0,정상,True
2020 10 30 15:52:19,0.0,정상,4.614854731261553e-05,0.0,정상,True
2020 10 30 15:52:24,0.0,정상,4.614854731261553e-05,0.0,정상,True
2020 10 30 15:52:29,0.0,정상,4.614854731261553e-05,0.0,정상,True
2020 10 30 15:52:34,0.0,정상,4.614854731261553e-05,0.0,정상,True
2020 10 30 15:52:39,0.0,정상,4.614854731261553e-05,0.0,정상,True
2020 10 30 15:52:44,0.0,정상,4.614854731261553e-05,0.0,정상,True
2020 10 30 15:52:49,0.0,정상,4.614854731261553e-05,0.0,정상,True
2020 10 30 15:52:54,0.0,정상,4.614854731261553e-05,0.0,정상,True
2020 10 30 15:52:59,0.0,정상,4.614854731261553e-05,0.0,정상,True
2020 10 30 15:53:04,0.0,정상,4.614854731261553e-05,0.0,정상,True
2020 10 30 15:53:09,0.0,정상,4.614854731261553e-05,0.0,정상,True
2020 10 30 15:53:14,0.0,정상,4.614854731261553e-05,0.0,정상,True
2020 10 30 15:53:19,0.0,정상,4.614854731261553e-05,0.0,정상,True
2020 10 30 15:53:24,0.0,정상,4.614854731261553e-05,0.0,정상,True
2020 10 30 15:53:29,0.0,정상,4.614854731261553e-05,0.0,정상,True
2020 10 30 15:53:34,0.0,정상,1.3253810470510272e-05,0.0,정상,True
2020 10 30 15:53:39,0.0,정상,1.3253810470510272e-05,0.0,정상,True
2020 10 30 15:53:44,0.0,정상,1.3253810470510272e-05,0.0,정상,True
2020 10 30 15:53:49,0.0,정상,1.3253810470510272e-05,0.0,정상,True
2020 10 30 15:53:54,0.0,정상,1.3253810470510272e-05,0.0,정상,True
2020 10 30 15:53:59,0.0,정상,1.3253810470510272e-05,0.0,정상,True
2020 10 30 15:54:04,0.0,정상,1.3253810470510272e-05,0.0,정상,True
2020 10 30 15:54:09,0.0,정상,1.3253810470510272e-05,0.0,정상,True
2020 10 30 15:54:14,0.0,정상,1.3253810470510272e-05,0.0,정상,True
2020 10 30 15:54:19,0.0,정상,1.3253810470510272e-05,0.0,정상,True
2020 10 30 15:54:24,0.0,정상,1.3253810470510272e-05,0.0,정상,True
2020 10 30 15:54:29,0.0,정상,1.3253810470510272e-05,0.0,정상,True
2020 10 30 15:54:34,0.0,정상,1.3253810470510272e-05,0.0,정상,True
2020 10 30 15:54:39,0.0,정상,1.3253810470510272e-05,0.0,정상,True
2020 10 30 15:54:44,0.0,정상,1.3253810470510272e-05,0.0,정상,True
2020 10 30 15:54:49,0.0,정상,1.3253810470510272e-05,0.0,정상,True
2020 10 30 15:54:54,0.0,정상,1.3253810470510272e-05,0.0,정상,True
2020 10 30 15:54:59,0.0,정상,1.3253810470510272e-05,0.0,정상,True
2020 10 30 15:55:04,0.0,정상,1.3253810470510272e-05,0.0,정상,True
2020 10 30 15:55:09,0.0,정상,1.3253810470510272e-05,0.0,정상,True
2020 10 30 15:55:14,0.0,정상,1.3253810470510272e-05,0.0,정상,True
2020 10 30 15:55:19,0.0,정상,1.3253810470510272e-05,0.0,정상,True
2020 10 30 15:55:24,0.0,정상,1.3253810470510272e-05,0.0,정상,True
2020 10 30 15:55:29,0.0,정상,1.3253810470510272e-05,0.0,정상,True
2020 10 30 15:55:34,0.0,정상,1.3253810470510272e-05,0.0,정상,True
2020 10 30 15:55:39,0.0,정상,1.3253810470510272e-05,0.0,정상,True
2020 10 30 15:55:44,0.0,정상,1.3253810470510272e-05,0.0,정상,True
2020 10 30 15:55:49,0.0,정상,1.3253810470510272e-05,0.0,정상,True
2020 10 30 15:55:54,0.0,정상,1.3253810470510272e-05,0.0,정상,True
2020 10 30 15:55:59,0.0,정상,1.3253810470510272e-05,0.0,정상,True
2020 10 30 15:56:04,0.0,정상,1.3253810470510272e-05,0.0,정상,True
2020 10 30 15:56:09,0.0,정상,1.3253810470510272e-05,0.0,정상,True
2020 10 30 15:56:14,0.0,정상,1.3253810470510272e-05,0.0,정상,True
2020 10 30 15:56:19,0.0,정상,1.3253810470510272e-05,0.0,정상,True
2020 10 30 15:56:24,0.0,정상,1.3253810470510272e-05,0.0,정상,True
2020 10 30 15:56:29,0.0,정상,1.3253810470510272e-05,0.0,정상,True
2020 10 30 15:56:34,0.0,정상,1.3253810470510272e-05,0.0,정상,True
2020 10 30 15:56:39,0.0,정상,1.3253810470510272e-05,0.0,정상,True
2020 10 30 15:56:44,0.0,정상,1.3253810470510272e-05,0.0,정상,True
2020 10 30 15:56:49,0.0,정상,1.3253810470510272e-05,0.0,정상,True
2020 10 30 15:56:54,0.0,정상,1.3253810470510272e-05,0.0,정상,True
2020 10 30 15:56:59,0.0,정상,1.3253810470510272e-05,0.0,정상,True
2020 10 30 15:57:04,0.0,정상,0.0,0.0,정상,True
2020 10 30 15:57:09,0.0,정상,1.3253810470510272e-05,0.0,정상,True
2020 10 30 15:57:14,0.0,정상,1.3253810470510272e-05,0.0,정상,True
2020 10 30 15:57:19,0.0,정상,0.0,0.0,정상,True
2020 10 30 15:57:24,0.0,정상,1.3253810470510272e-05,0.0,정상,True
2020 10 30 15:57:29,0.0,정상,0.0,0.0,정상,True
2020 10 30 15:57:34,0.0,정상,0.0,0.0,정상,True
2020 10 30 15:57:39,0.0,정상,1.3253810470510272e-05,0.0,정상,True
2020 10 30 15:57:44,0.0,정상,1.3253810470510272e-05,0.0,정상,True
2020 10 30 15:57:49,0.0,정상,1.3253810470510272e-05,0.0,정상,True
2020 10 30 15:57:54,0.0,정상,1.3253810470510272e-05,0.0,정상,True
2020 10 30 15:57:59,0.0,정상,1.3253810470510272e-05,0.0,정상,True
2020 10 30 15:58:04,0.0,정상,1.3253810470510272e-05,0.0,정상,True
2020 10 30 15:58:09,0.0,정상,1.3253810470510272e-05,0.0,정상,True
2020 10 30 15:58:14,0.0,정상,1.3253810470510272e-05,0.0,정상,True
2020 10 30 15:58:19,0.0,정상,1.3253810470510272e-05,0.0,정상,True
2020 10 30 15:58:24,0.0,정상,1.3253810470510272e-05,0.0,정상,True
2020 10 30 15:58:29,0.0,정상,1.3253810470510272e-05,0.0,정상,True
2020 10 30 15:58:34,0.0,정상,4.858949951644667e-05,0.0,정상,True
2020 10 30 15:58:39,0.0,정상,1.3253810470510272e-05,0.0,정상,True
2020 10 30 15:58:44,0.0,정상,1.3253810470510272e-05,0.0,정상,True
2020 10 30 15:58:49,0.0,정상,8.01352408413678e-05,0.0,정상,True
2020 10 30 15:58:54,0.0,정상,8.01352408413678e-05,0.0,정상,True
2020 10 30 15:58:59,0.0,정상,3.154574132492114e-05,0.0,정상,True
2020 10 30 15:59:04,0.0,정상,8.01352408413678e-05,0.0,정상,True
2020 10 30 15:59:09,0.0,정상,0.0,0.0,정상,True
2020 10 30 15:59:14,0.0,정상,0.0,0.0,정상,True
2020 10 30 15:59:19,0.0,정상,0.0,0.0,정상,True
2020 10 30 15:59:24,0.0,정상,0.0,0.0,정상,True
2020 10 30 15:59:29,0.0,정상,0.0,0.0,정상,True
2020 10 30 15:59:34,0.0,정상,0.0,0.0,정상,True
2020 10 30 15:59:39,0.0,정상,0.0,0.0,정상,True
2020 10 30 15:59:44,0.0,정상,0.0,0.0,정상,True
2020 10 30 15:59:49,0.0,정상,0.0,0.0,정상,True
2020 10 30 15:59:54,0.0,정상,0.0,0.0,정상,True
2020 10 30 15:59:59,0.0,정상,0.0,0.0,정상,True
2020 10 30 16:00:04,0.0,정상,0.0,0.0,정상,True
2020 10 30 16:00:09,0.0,정상,0.0,0.0,정상,True
2020 10 30 16:00:14,0.0,정상,3.154574132492114e-05,0.0,정상,True
2020 10 30 16:00:19,0.0,정상,3.154574132492114e-05,0.0,정상,True
2020 10 30 16:00:24,0.0,정상,3.154574132492114e-05,0.0,정상,True
2020 10 30 16:00:29,0.0,정상,8.71012968804767e-05,0.0,정상,True
2020 10 30 16:00:34,0.0,정상,8.71012968804767e-05,0.0,정상,True
2020 10 30 16:00:39,0.0,정상,3.154574132492114e-05,0.0,정상,True
2020 10 30 16:00:44,0.0,정상,3.154574132492114e-05,0.0,정상,True
2020 10 30 16:00:49,0.0,정상,3.154574132492114e-05,0.0,정상,True
2020 10 30 16:00:54,0.0,정상,0.0001224369859264131,0.0,정상,True
2020 10 30 16:00:59,0.0,정상,3.154574132492114e-05,0.0,정상,True
2020 10 30 16:01:04,0.0,정상,8.01352408413678e-05,0.0,정상,True
2020 10 30 16:01:09,0.0,정상,3.154574132492114e-05,0.0,정상,True
2020 10 30 16:01:14,0.0,정상,8.01352408413678e-05,0.0,정상,True
2020 10 30 16:01:19,0.0,정상,3.154574132492114e-05,0.0,정상,True
2020 10 30 16:01:24,0.0,정상,3.154574132492114e-05,0.0,정상,True
2020 10 30 16:01:29,0.0,정상,3.154574132492114e-05,0.0,정상,True
2020 10 30 16:01:34,0.0,정상,3.154574132492114e-05,0.0,정상,True
2020 10 30 16:01:39,0.0,정상,3.154574132492114e-05,0.0,정상,True
2020 10 30 16:01:44,0.0,정상,3.154574132492114e-05,0.0,정상,True
2020 10 30 16:01:49,0.0,정상,3.154574132492114e-05,0.0,정상,True
2020 10 30 16:01:54,0.0,정상,3.154574132492114e-05,0.0,정상,True
2020 10 30 16:01:59,0.0,정상,3.154574132492114e-05,0.0,정상,True
2020 10 30 16:02:04,0.0,정상,3.154574132492114e-05,0.0,정상,True
2020 10 30 16:02:09,0.0,정상,3.154574132492114e-05,0.0,정상,True
2020 10 30 16:02:14,0.0,정상,3.154574132492114e-05,0.0,정상,True
2020 10 30 16:02:19,0.0,정상,3.154574132492114e-05,0.0,정상,True
2020 10 30 16:02:24,0.0,정상,3.154574132492114e-05,0.0,정상,True
2020 10 30 16:02:29,0.0,정상,3.154574132492114e-05,0.0,정상,True
2020 10 30 16:02:34,0.0,정상,3.154574132492114e-05,0.0,정상,True
2020 10 30 16:02:39,0.0,정상,3.154574132492114e-05,0.0,정상,True
2020 10 30 16:02:44,0.0,정상,8.008943064530948e-05,0.0,정상,True
2020 10 30 16:02:49,0.0,정상,8.008943064530948e-05,0.0,정상,True
2020 10 30 16:02:54,0.0,정상,0.0002440238568748177,0.0,정상,True
2020 10 30 16:02:59,0.0,정상,8.008943064530948e-05,0.0,정상,True
2020 10 30 16:03:04,0.0,정상,8.008943064530948e-05,0.0,정상,True
2020 10 30 16:03:09,0.0,정상,8.008943064530948e-05,0.0,정상,True
2020 10 30 16:03:14,0.0,정상,8.008943064530948e-05,0.0,정상,True
2020 10 30 16:03:19,0.0,정상,0.00013564498620086504,0.0,정상,True
2020 10 30 16:03:24,0.0,정상,0.00013564498620086504,0.0,정상,True
2020 10 30 16:03:29,0.0,정상,0.00013564498620086504,0.0,정상,True
2020 10 30 16:03:34,0.0,정상,0.00017098067524680145,0.0,정상,True
2020 10 30 16:03:39,0.0,정상,0.0001685397230429703,0.0,정상,True
2020 10 30 16:03:44,0.0,정상,0.0001685397230429703,0.0,정상,True
2020 10 30 16:03:49,0.0,정상,0.00017098067524680145,0.0,정상,True
2020 10 30 16:03:54,0.0,정상,0.00013564498620086504,0.0,정상,True
2020 10 30 16:03:59,0.0,정상,0.00017098067524680145,0.0,정상,True
2020 10 30 16:04:04,0.0,정상,9.089124460149196e-05,0.0,정상,True
2020 10 30 16:04:09,0.0,정상,0.00017098067524680145,0.0,정상,True
2020 10 30 16:04:14,0.0,정상,9.089124460149196e-05,0.0,정상,True
2020 10 30 16:04:19,0.0,정상,0.0002038754120889067,0.0,정상,True
2020 10 30 16:04:24,0.0,정상,0.0002038754120889067,0.0,정상,True
2020 10 30 16:04:29,0.0,정상,0.00012378598144359722,0.0,정상,True
2020 10 30 16:04:34,0.0,정상,3.289473684210526e-05,0.0,정상,True
2020 10 30 16:04:39,0.0,정상,8.845029239766083e-05,0.0,정상,True
2020 10 30 16:04:44,0.0,정상,8.845029239766083e-05,0.0,정상,True
2020 10 30 16:04:49,0.0,정상,8.845029239766083e-05,0.0,정상,True
2020 10 30 16:04:54,0.0,정상,3.289473684210526e-05,0.0,정상,True
2020 10 30 16:04:59,0.0,정상,8.845029239766083e-05,0.0,정상,True
2020 10 30 16:05:04,0.0,정상,8.845029239766083e-05,0.0,정상,True
2020 10 30 16:05:09,0.0,정상,8.845029239766083e-05,0.0,정상,True
2020 10 30 16:05:14,0.0,정상,3.289473684210526e-05,0.0,정상,True
2020 10 30 16:05:19,0.0,정상,0.0007876117179741807,0.0,정상,True
2020 10 30 16:05:24,0.0,정상,0.0008431672735297363,0.0,정상,True
2020 10 30 16:05:29,0.0,정상,0.0010155810666331844,0.0,정상,True
2020 10 30 16:05:34,0.0,정상,0.0007876117179741807,0.0,정상,True
2020 10 30 16:05:39,0.0,정상,0.0007876117179741807,0.0,정상,True
2020 10 30 16:05:44,0.0,정상,0.00020530852994555353,0.0,정상,True
2020 10 30 16:05:49,0.0,정상,3.289473684210526e-05,0.0,정상,True
2020 10 30 16:05:54,0.0,정상,3.289473684210526e-05,0.0,정상,True
2020 10 30 16:05:59,0.0,정상,3.289473684210526e-05,0.0,정상,True
2020 10 30 16:06:04,0.0,정상,0.0008431672735297363,0.0,정상,True
2020 10 30 16:06:09,0.0,정상,0.0007876117179741807,0.0,정상,True
2020 10 30 16:06:14,0.0,정상,3.289473684210526e-05,0.0,정상,True
2020 10 30 16:06:19,0.0,정상,3.289473684210526e-05,0.0,정상,True
2020 10 30 16:06:24,0.0,정상,3.289473684210526e-05,0.0,정상,True
2020 10 30 16:06:29,0.0,정상,3.289473684210526e-05,0.0,정상,True
2020 10 30 16:06:34,0.0,정상,8.876065862981477e-05,0.0,정상,True
2020 10 30 16:06:39,0.0,정상,8.876065862981477e-05,0.0,정상,True
2020 10 30 16:06:44,0.0,정상,0.00010201446910032503,0.0,정상,True
2020 10 30 16:06:49,0.0,정상,0.00010201446910032503,0.0,정상,True
2020 10 30 16:06:54,0.0,정상,8.876065862981477e-05,0.0,정상,True
2020 10 30 16:06:59,0.0,정상,8.876065862981477e-05,0.0,정상,True
2020 10 30 16:07:04,0.0,정상,8.876065862981477e-05,0.0,정상,True
2020 10 30 16:07:09,0.0,정상,0.00010201446910032503,0.0,정상,True
2020 10 30 16:07:14,0.0,정상,0.00010201446910032503,0.0,정상,True
2020 10 30 16:07:19,0.0,정상,0.00026594889532983323,0.0,정상,True
2020 10 30 16:07:24,0.0,정상,8.876065862981477e-05,0.0,정상,True
2020 10 30 16:07:29,0.0,정상,0.00016885008927512425,0.0,정상,True
2020 10 30 16:07:34,0.0,정상,0.00016885008927512425,0.0,정상,True
2020 10 30 16:07:39,0.0,정상,0.00026594889532983323,0.0,정상,True
2020 10 30 16:07:44,0.0,정상,0.00016885008927512425,0.0,정상,True
2020 10 30 16:07:49,0.0,정상,3.289473684210526e-05,0.0,정상,True
2020 10 30 16:07:54,0.0,정상,4.614854731261553e-05,0.0,정상,True
2020 10 30 16:07:59,0.0,정상,3.289473684210526e-05,0.0,정상,True
2020 10 30 16:08:04,0.0,정상,3.289473684210526e-05,0.0,정상,True
2020 10 30 16:08:09,0.0,정상,3.289473684210526e-05,0.0,정상,True
2020 10 30 16:08:14,0.0,정상,4.614854731261553e-05,0.0,정상,True
2020 10 30 16:08:19,0.0,정상,4.614854731261553e-05,0.0,정상,True
2020 10 30 16:08:24,0.0,정상,0.00021008297354212373,0.0,정상,True
2020 10 30 16:08:29,0.0,정상,3.289473684210526e-05,0.0,정상,True
2020 10 30 16:08:34,0.0,정상,3.289473684210526e-05,0.0,정상,True
2020 10 30 16:08:39,0.0,정상,3.289473684210526e-05,0.0,정상,True
2020 10 30 16:08:44,0.0,정상,4.614854731261553e-05,0.0,정상,True
2020 10 30 16:08:49,0.0,정상,4.614854731261553e-05,0.0,정상,True
2020 10 30 16:08:54,0.0,정상,1.3253810470510272e-05,0.0,정상,True
2020 10 30 16:08:59,0.0,정상,1.3253810470510272e-05,0.0,정상,True
2020 10 30 16:09:04,0.0,정상,1.3253810470510272e-05,0.0,정상,True
2020 10 30 16:09:09,0.0,정상,0.0,0.0,정상,True
2020 10 30 16:09:14,0.0,정상,1.3253810470510272e-05,0.0,정상,True
2020 10 30 16:09:19,0.0,정상,0.0,0.0,정상,True
2020 10 30 16:09:24,0.0,정상,0.0,0.0,정상,True
2020 10 30 16:09:29,0.0,정상,1.3253810470510272e-05,0.0,정상,True
2020 10 30 16:09:34,0.0,정상,0.0008333333333333333,0.0,정상,True
2020 10 30 16:09:39,0.0,정상,1.3253810470510272e-05,0.0,정상,True
2020 10 30 16:09:44,0.0,정상,1.3253810470510272e-05,0.0,정상,True
2020 10 30 16:09:49,0.0,정상,0.0,0.0,정상,True
2020 10 30 16:09:54,0.0,정상,0.0,0.0,정상,True
2020 10 30 16:09:59,0.0,정상,1.3253810470510272e-05,0.0,정상,True
2020 10 30 16:10:04,0.0,정상,1.3253810470510272e-05,0.0,정상,True
2020 10 30 16:10:09,0.0,정상,1.3253810470510272e-05,0.0,정상,True
2020 10 30 16:10:14,0.0,정상,1.3253810470510272e-05,0.0,정상,True
2020 10 30 16:10:19,0.0,정상,1.3253810470510272e-05,0.0,정상,True
2020 10 30 16:10:24,0.0,정상,1.3253810470510272e-05,0.0,정상,True
2020 10 30 16:10:29,0.0,정상,1.3253810470510272e-05,0.0,정상,True
2020 10 30 16:10:34,0.0,정상,1.3253810470510272e-05,0.0,정상,True
2020 10 30 16:10:39,0.0,정상,1.3253810470510272e-05,0.0,정상,True
2020 10 30 16:10:44,0.0,정상,0.0,0.0,정상,True
2020 10 30 16:10:49,0.0,정상,1.3253810470510272e-05,0.0,정상,True
2020 10 30 16:10:54,0.0,정상,4.614854731261553e-05,0.0,정상,True
2020 10 30 16:10:59,0.0,정상,4.614854731261553e-05,0.0,정상,True
2020 10 30 16:11:04,0.0,정상,4.614854731261553e-05,0.0,정상,True
2020 10 30 16:11:09,0.0,정상,1.3253810470510272e-05,0.0,정상,True
2020 10 30 16:11:14,0.0,정상,0.002268370769534838,0.0,정상,True
2020 10 30 16:11:19,0.0,정상,0.013088450292397661,0.0,정상,True
2020 10 30 16:11:24,0.0,정상,0.0,0.0,정상,True
2020 10 30 16:11:29,0.0,정상,0.002268370769534838,0.0,정상,True
2020 10 30 16:11:34,0.0,정상,0.0,0.0,정상,True
2020 10 30 16:11:39,0.0,정상,1.3253810470510272e-05,0.0,정상,True
2020 10 30 16:11:44,0.0,정상,1.3253810470510272e-05,0.0,정상,True
2020 10 30 16:11:49,0.0,정상,1.3253810470510272e-05,0.0,정상,True
2020 10 30 16:11:54,0.0,정상,1.3253810470510272e-05,0.0,정상,True
2020 10 30 16:11:59,0.0,정상,1.3253810470510272e-05,0.0,정상,True
2020 10 30 16:12:04,0.0,정상,1.3253810470510272e-05,0.0,정상,True
2020 10 30 16:12:09,0.0,정상,0.017333333333333333,0.0,정상,True
2020 10 30 16:12:14,0.0,정상,1.3253810470510272e-05,0.0,정상,True
2020 10 30 16:12:19,0.0,정상,1.3253810470510272e-05,0.0,정상,True
2020 10 30 16:12:24,0.0,정상,4.614854731261553e-05,0.0,정상,True
2020 10 30 16:12:29,0.0,정상,3.289473684210526e-05,0.0,정상,True
2020 10 30 16:12:34,0.0,정상,3.289473684210526e-05,0.0,정상,True
2020 10 30 16:12:39,0.0,정상,0.0,0.0,정상,True
2020 10 30 16:12:44,0.0,정상,0.0,0.0,정상,True
2020 10 30 16:12:49,0.0,정상,0.00017718823670001847,0.0,정상,True
2020 10 30 16:12:54,0.0,정상,0.0,0.0,정상,True
2020 10 30 16:12:59,0.0,정상,3.289473684210526e-05,0.0,정상,True
2020 10 30 16:13:04,0.0,정상,3.289473684210526e-05,0.0,정상,True
2020 10 30 16:13:09,0.0,정상,3.289473684210526e-05,0.0,정상,True
2020 10 30 16:13:14,0.0,정상,3.289473684210526e-05,0.0,정상,True
2020 10 30 16:13:19,0.0,정상,3.289473684210526e-05,0.0,정상,True
2020 10 30 16:13:24,0.0,정상,3.289473684210526e-05,0.0,정상,True
2020 10 30 16:13:29,0.0,정상,3.289473684210526e-05,0.0,정상,True
2020 10 30 16:13:34,0.0,정상,0.0,0.0,정상,True
2020 10 30 16:13:39,0.0,정상,0.0,0.0,정상,True
2020 10 30 16:13:44,0.0,정상,0.0,0.0,정상,True
2020 10 30 16:13:49,0.0,정상,0.0,0.0,정상,True
2020 10 30 16:13:54,0.0,정상,3.289473684210526e-05,0.0,정상,True
2020 10 30 16:13:59,0.0,정상,3.289473684210526e-05,0.0,정상,True
2020 10 30 16:14:04,0.0,정상,3.289473684210526e-05,0.0,정상,True
2020 10 30 16:14:09,0.0,정상,3.289473684210526e-05,0.0,정상,True
2020 10 30 16:14:14,0.0,정상,3.289473684210526e-05,0.0,정상,True
2020 10 30 16:14:19,0.0,정상,3.289473684210526e-05,0.0,정상,True
2020 10 30 16:14:24,0.0,정상,0.0,0.0,정상,True
2020 10 30 16:14:29,0.0,정상,3.289473684210526e-05,0.0,정상,True
2020 10 30 16:14:34,0.0,정상,3.289473684210526e-05,0.0,정상,True
2020 10 30 16:14:39,0.0,정상,0.0,0.0,정상,True
2020 10 30 16:14:44,0.0,정상,3.289473684210526e-05,0.0,정상,True
2020 10 30 16:14:49,0.0,정상,0.0,0.0,정상,True
2020 10 30 16:14:54,0.0,정상,0.0,0.0,정상,True
2020 10 30 16:14:59,0.0,정상,3.154574132492114e-05,0.0,정상,True
2020 10 30 16:15:04,0.0,정상,3.154574132492114e-05,0.0,정상,True
2020 10 30 16:15:09,0.0,정상,3.154574132492114e-05,0.0,정상,True
2020 10 30 16:15:14,0.0,정상,4.4799551795431405e-05,0.0,정상,True
2020 10 30 16:15:19,0.0,정상,3.154574132492114e-05,0.0,정상,True
2020 10 30 16:15:24,0.0,정상,3.154574132492114e-05,0.0,정상,True
2020 10 30 16:15:29,0.0,정상,3.154574132492114e-05,0.0,정상,True
2020 10 30 16:15:34,0.0,정상,3.154574132492114e-05,0.0,정상,True
2020 10 30 16:15:39,0.0,정상,3.154574132492114e-05,0.0,정상,True
2020 10 30 16:15:44,0.0,정상,3.154574132492114e-05,0.0,정상,True
2020 10 30 16:15:49,0.0,정상,4.4799551795431405e-05,0.0,정상,True
2020 10 30 16:15:54,0.0,정상,3.154574132492114e-05,0.0,정상,True
2020 10 30 16:15:59,0.0,정상,3.154574132492114e-05,0.0,정상,True
2020 10 30 16:16:04,0.0,정상,3.154574132492114e-05,0.0,정상,True
2020 10 30 16:16:09,0.0,정상,3.154574132492114e-05,0.0,정상,True
2020 10 30 16:16:14,0.0,정상,3.154574132492114e-05,0.0,정상,True
2020 10 30 16:16:19,0.0,정상,3.154574132492114e-05,0.0,정상,True
2020 10 30 16:16:24,0.0,정상,3.154574132492114e-05,0.0,정상,True
2020 10 30 16:16:29,0.0,정상,3.154574132492114e-05,0.0,정상,True
2020 10 30 16:16:34,0.0,정상,3.154574132492114e-05,0.0,정상,True
2020 10 30 16:16:39,0.0,정상,3.154574132492114e-05,0.0,정상,True
2020 10 30 16:16:44,0.0,정상,3.154574132492114e-05,0.0,정상,True
2020 10 30 16:16:49,0.0,정상,3.154574132492114e-05,0.0,정상,True
2020 10 30 16:16:54,0.0,정상,3.154574132492114e-05,0.0,정상,True
2020 10 30 16:16:59,0.0,정상,3.154574132492114e-05,0.0,정상,True
2020 10 30 16:17:04,0.0,정상,3.154574132492114e-05,0.0,정상,True
2020 10 30 16:17:09,0.0,정상,3.154574132492114e-05,0.0,정상,True
2020 10 30 16:17:14,0.0,정상,0.0,0.0,정상,True
2020 10 30 16:17:19,0.0,정상,0.0,0.0,정상,True
2020 10 30 16:17:24,0.0,정상,0.0,0.0,정상,True
2020 10 30 16:17:29,0.0,정상,0.0,0.0,정상,True
2020 10 30 16:17:34,0.0,정상,0.00015843379921049824,0.0,정상,True
2020 10 30 16:17:39,0.0,정상,0.0011997950823321442,0.0,정상,True
2020 10 30 16:17:44,0.0,정상,0.0011997950823321442,0.0,정상,True
2020 10 30 16:17:49,0.0,정상,0.0011997950823321442,0.0,정상,True
2020 10 30 16:17:54,0.0,정상,0.0011997950823321442,0.0,정상,True
2020 10 30 16:17:59,0.0,정상,0.001031727855441388,0.0,정상,True
2020 10 30 16:18:04,0.0,정상,0.001031727855441388,0.0,정상,True
2020 10 30 16:18:09,0.0,정상,0.00015843379921049824,0.0,정상,True
2020 10 30 16:18:14,0.0,정상,0.00015843379921049824,0.0,정상,True
2020 10 30 16:18:19,0.0,정상,0.00015843379921049824,0.0,정상,True
2020 10 30 16:18:24,0.0,정상,1.3253810470510272e-05,0.0,정상,True
2020 10 30 16:18:29,0.0,정상,0.0001098901098901099,0.0,정상,True
2020 10 30 16:18:34,0.0,정상,0.0001098901098901099,0.0,정상,True
2020 10 30 16:18:39,0.0,정상,0.0001098901098901099,0.0,정상,True
2020 10 30 16:18:44,0.0,정상,0.0001098901098901099,0.0,정상,True
2020 10 30 16:18:49,0.0,정상,1.3253810470510272e-05,0.0,정상,True
2020 10 30 16:18:54,0.0,정상,0.00010201446910032503,0.0,정상,True
2020 10 30 16:18:59,0.0,정상,0.00010201446910032503,0.0,정상,True
2020 10 30 16:19:04,0.0,정상,0.00010201446910032503,0.0,정상,True
2020 10 30 16:19:09,0.0,정상,0.00010201446910032503,0.0,정상,True
2020 10 30 16:19:14,0.0,정상,0.00010201446910032503,0.0,정상,True
2020 10 30 16:19:19,0.0,정상,0.00010201446910032503,0.0,정상,True
2020 10 30 16:19:24,0.0,정상,0.00010201446910032503,0.0,정상,True
2020 10 30 16:19:29,0.0,정상,0.00010201446910032503,0.0,정상,True
2020 10 30 16:19:34,0.0,정상,4.614854731261553e-05,0.0,정상,True
2020 10 30 16:19:39,0.0,정상,0.00021008297354212373,0.0,정상,True
2020 10 30 16:19:44,0.0,정상,4.614854731261553e-05,0.0,정상,True
2020 10 30 16:19:49,0.0,정상,4.614854731261553e-05,0.0,정상,True
2020 10 30 16:19:54,0.0,정상,1.3253810470510272e-05,0.0,정상,True
2020 10 30 16:19:59,0.0,정상,4.614854731261553e-05,0.0,정상,True
2020 10 30 16:20:04,0.0,정상,1.3253810470510272e-05,0.0,정상,True
2020 10 30 16:20:09,0.0,정상,1.3253810470510272e-05,0.0,정상,True
2020 10 30 16:20:14,0.0,정상,1.3253810470510272e-05,0.0,정상,True
2020 10 30 16:20:19,0.0,정상,4.4799551795431405e-05,0.0,정상,True
2020 10 30 16:20:24,0.0,정상,1.3253810470510272e-05,0.0,정상,True
2020 10 30 16:20:29,0.0,정상,1.3253810470510272e-05,0.0,정상,True
2020 10 30 16:20:34,0.0,정상,1.3253810470510272e-05,0.0,정상,True
2020 10 30 16:20:39,0.0,정상,1.3253810470510272e-05,0.0,정상,True
2020 10 30 16:20:44,0.0,정상,1.3253810470510272e-05,0.0,정상,True
2020 10 30 16:20:49,0.0,정상,0.0,0.0,정상,True
2020 10 30 16:20:54,0.0,정상,0.0,0.0,정상,True
2020 10 30 16:20:59,0.0,정상,0.0,0.0,정상,True
2020 10 30 16:21:04,0.0,정상,0.0,0.0,정상,True
2020 10 30 16:21:09,0.0,정상,0.0,0.0,정상,True
2020 10 30 16:21:14,0.0,정상,0.0,0.0,정상,True
2020 10 30 16:21:19,0.0,정상,0.0,0.0,정상,True
2020 10 30 16:21:24,0.0,정상,0.0,0.0,정상,True
2020 10 30 16:21:29,0.0,정상,0.0,0.0,정상,True
2020 10 30 16:21:34,0.0,정상,1.3253810470510272e-05,0.0,정상,True
2020 10 30 16:21:39,0.0,정상,1.3253810470510272e-05,0.0,정상,True
2020 10 30 16:21:44,0.0,정상,1.3253810470510272e-05,0.0,정상,True
2020 10 30 16:21:49,0.0,정상,1.3253810470510272e-05,0.0,정상,True
2020 10 30 16:21:54,0.0,정상,1.3253810470510272e-05,0.0,정상,True
2020 10 30 16:21:59,0.0,정상,1.3253810470510272e-05,0.0,정상,True
2020 10 30 16:22:04,0.0,정상,1.3253810470510272e-05,0.0,정상,True
2020 10 30 16:22:09,0.0,정상,1.3253810470510272e-05,0.0,정상,True
2020 10 30 16:22:14,0.0,정상,1.3253810470510272e-05,0.0,정상,True
2020 10 30 16:22:19,0.0,정상,4.858949951644667e-05,0.0,정상,True
2020 10 30 16:22:24,0.0,정상,1.3253810470510272e-05,0.0,정상,True
2020 10 30 16:22:29,0.0,정상,1.3253810470510272e-05,0.0,정상,True
2020 10 30 16:22:34,0.0,정상,1.3253810470510272e-05,0.0,정상,True
2020 10 30 16:22:39,0.0,정상,1.3253810470510272e-05,0.0,정상,True
2020 10 30 16:22:44,0.0,정상,1.3253810470510272e-05,0.0,정상,True
2020 10 30 16:22:49,0.0,정상,1.3253810470510272e-05,0.0,정상,True
2020 10 30 16:22:54,0.0,정상,1.3253810470510272e-05,0.0,정상,True
2020 10 30 16:22:59,0.0,정상,1.3253810470510272e-05,0.0,정상,True
2020 10 30 16:23:04,0.0,정상,1.3253810470510272e-05,0.0,정상,True
2020 10 30 16:23:09,0.0,정상,1.3253810470510272e-05,0.0,정상,True
2020 10 30 16:23:14,0.0,정상,1.3253810470510272e-05,0.0,정상,True
2020 10 30 16:23:19,0.0,정상,1.3253810470510272e-05,0.0,정상,True
2020 10 30 16:23:24,0.0,정상,1.3253810470510272e-05,0.0,정상,True
2020 10 30 16:23:29,0.0,정상,1.3253810470510272e-05,0.0,정상,True
2020 10 30 16:23:34,0.0,정상,1.3253810470510272e-05,0.0,정상,True
2020 10 30 16:23:39,0.0,정상,1.3253810470510272e-05,0.0,정상,True
2020 10 30 16:23:44,0.0,정상,4.858949951644667e-05,0.0,정상,True
2020 10 30 16:23:49,0.0,정상,4.858949951644667e-05,0.0,정상,True
2020 10 30 16:23:54,0.0,정상,4.858949951644667e-05,0.0,정상,True
2020 10 30 16:23:59,0.0,정상,4.858949951644667e-05,0.0,정상,True
2020 10 30 16:24:04,0.0,정상,4.858949951644667e-05,0.0,정상,True
2020 10 30 16:24:09,0.0,정상,4.858949951644667e-05,0.0,정상,True
2020 10 30 16:24:14,0.0,정상,8.01352408413678e-05,0.0,정상,True
2020 10 30 16:24:19,0.0,정상,4.858949951644667e-05,0.0,정상,True
2020 10 30 16:24:24,0.0,정상,8.01352408413678e-05,0.0,정상,True
2020 10 30 16:24:29,0.0,정상,8.01352408413678e-05,0.0,정상,True
2020 10 30 16:24:34,0.0,정상,0.00013090086929403968,0.0,정상,True
2020 10 30 16:24:39,0.0,정상,0.00013090086929403968,0.0,정상,True
2020 10 30 16:24:44,0.0,정상,1.3253810470510272e-05,0.0,정상,True
2020 10 30 16:24:49,0.0,정상,0.0,0.0,정상,True
2020 10 30 16:24:54,0.0,정상,0.0,0.0,정상,True
2020 10 30 16:24:59,0.0,정상,0.0,0.0,정상,True
2020 10 30 16:25:04,0.0,정상,0.00011764705882352942,0.0,정상,True
2020 10 30 16:25:09,0.0,정상,0.00011764705882352942,0.0,정상,True
2020 10 30 16:25:14,0.0,정상,0.0005603311221972479,0.0,정상,True
2020 10 30 16:25:19,0.0,정상,0.0,0.0,정상,True
2020 10 30 16:25:24,0.0,정상,0.00011764705882352942,0.0,정상,True
2020 10 30 16:25:29,0.0,정상,0.0006417695483597416,0.0,정상,True
2020 10 30 16:25:34,0.0,정상,0.0006417695483597416,0.0,정상,True
2020 10 30 16:25:39,0.0,정상,0.0005603311221972479,0.0,정상,True
2020 10 30 16:25:44,0.0,정상,0.0,0.0,정상,True
2020 10 30 16:25:49,0.0,정상,8.14384261624936e-05,0.0,정상,True
2020 10 30 16:25:54,0.0,정상,8.14384261624936e-05,0.0,정상,True
2020 10 30 16:25:59,0.0,정상,8.14384261624936e-05,0.0,정상,True
2020 10 30 16:26:04,0.0,정상,4.614854731261553e-05,0.0,정상,True
2020 10 30 16:26:09,0.0,정상,4.614854731261553e-05,0.0,정상,True
2020 10 30 16:26:14,0.0,정상,0.00043406587640641524,0.0,정상,True
2020 10 30 16:26:19,0.0,정상,4.614854731261553e-05,0.0,정상,True
2020 10 30 16:26:24,0.0,정상,4.614854731261553e-05,0.0,정상,True
2020 10 30 16:26:29,0.0,정상,0.00021008297354212373,0.0,정상,True
2020 10 30 16:26:34,0.0,정상,0.0002454186625880601,0.0,정상,True
2020 10 30 16:26:39,0.0,정상,8.148423635855193e-05,0.0,정상,True
2020 10 30 16:26:44,0.0,정상,8.148423635855193e-05,0.0,정상,True
2020 10 30 16:26:49,0.0,정상,8.148423635855193e-05,0.0,정상,True
2020 10 30 16:26:54,0.0,정상,8.148423635855193e-05,0.0,정상,True
2020 10 30 16:26:59,0.0,정상,8.148423635855193e-05,0.0,정상,True
2020 10 30 16:27:04,0.0,정상,0.0002454186625880601,0.0,정상,True
2020 10 30 16:27:09,0.0,정상,4.614854731261553e-05,0.0,정상,True
2020 10 30 16:27:14,0.0,정상,4.614854731261553e-05,0.0,정상,True
2020 10 30 16:27:19,0.0,정상,8.148423635855193e-05,0.0,정상,True
2020 10 30 16:27:24,0.0,정상,4.614854731261553e-05,0.0,정상,True
2020 10 30 16:27:29,0.0,정상,4.614854731261553e-05,0.0,정상,True
2020 10 30 16:27:34,0.0,정상,4.614854731261553e-05,0.0,정상,True
2020 10 30 16:27:39,0.0,정상,4.614854731261553e-05,0.0,정상,True
2020 10 30 16:27:44,0.0,정상,0.00018210389974563453,0.0,정상,True
2020 10 30 16:27:49,0.0,정상,0.00018210389974563453,0.0,정상,True
2020 10 30 16:27:54,0.0,정상,0.0003460383259751428,0.0,정상,True
2020 10 30 16:27:59,0.0,정상,0.0002174395887915709,0.0,정상,True
2020 10 30 16:28:04,0.0,정상,0.00038137401502107913,0.0,정상,True
2020 10 30 16:28:09,0.0,정상,0.0002174395887915709,0.0,정상,True
2020 10 30 16:28:14,0.0,정상,0.0002174395887915709,0.0,정상,True
2020 10 30 16:28:19,0.0,정상,0.00018210389974563453,0.0,정상,True
2020 10 30 16:28:24,0.0,정상,0.0002174395887915709,0.0,정상,True
2020 10 30 16:28:29,0.0,정상,0.0002174395887915709,0.0,정상,True
2020 10 30 16:28:34,0.0,정상,0.00018210389974563453,0.0,정상,True
2020 10 30 16:28:39,0.0,정상,4.614854731261553e-05,0.0,정상,True
2020 10 30 16:28:44,0.0,정상,4.614854731261553e-05,0.0,정상,True
2020 10 30 16:28:49,0.0,정상,0.00021008297354212373,0.0,정상,True
2020 10 30 16:28:54,0.0,정상,0.00021008297354212373,0.0,정상,True
2020 10 30 16:28:59,0.0,정상,8.148423635855193e-05,0.0,정상,True
2020 10 30 16:29:04,0.0,정상,8.148423635855193e-05,0.0,정상,True
2020 10 30 16:29:09,0.0,정상,4.614854731261553e-05,0.0,정상,True
2020 10 30 16:29:14,0.0,정상,0.00021008297354212373,0.0,정상,True
2020 10 30 16:29:19,0.0,정상,4.614854731261553e-05,0.0,정상,True
2020 10 30 16:29:24,0.0,정상,4.614854731261553e-05,0.0,정상,True
2020 10 30 16:29:29,0.0,정상,4.614854731261553e-05,0.0,정상,True
2020 10 30 16:29:34,0.0,정상,0.00021008297354212373,0.0,정상,True
2020 10 30 16:29:39,0.0,정상,4.614854731261553e-05,0.0,정상,True
2020 10 30 16:29:44,0.0,정상,4.614854731261553e-05,0.0,정상,True
2020 10 30 16:29:49,0.0,정상,1.3253810470510272e-05,0.0,정상,True
2020 10 30 16:29:54,0.0,정상,1.3253810470510272e-05,0.0,정상,True
2020 10 30 16:29:59,0.0,정상,1.3253810470510272e-05,0.0,정상,True
2020 10 30 16:30:04,0.0,정상,1.3253810470510272e-05,0.0,정상,True
2020 10 30 16:30:09,0.0,정상,0.0,0.0,정상,True
2020 10 30 16:30:14,0.0,정상,0.0,0.0,정상,True
2020 10 30 16:30:19,0.0,정상,0.0001680672268907563,0.0,정상,True
2020 10 30 16:30:24,0.0,정상,0.0002866443019895705,0.0,정상,True
2020 10 30 16:30:29,0.0,정상,0.0002866443019895705,0.0,정상,True
2020 10 30 16:30:34,0.0,정상,0.00011857707509881423,0.0,정상,True
2020 10 30 16:30:39,0.0,정상,0.00011857707509881423,0.0,정상,True
2020 10 30 16:30:44,0.0,정상,0.0002866443019895705,0.0,정상,True
2020 10 30 16:30:49,0.0,정상,0.0002866443019895705,0.0,정상,True
2020 10 30 16:30:54,0.0,정상,0.0002866443019895705,0.0,정상,True
2020 10 30 16:30:59,0.0,정상,0.00011857707509881423,0.0,정상,True
2020 10 30 16:31:04,0.0,정상,0.0003888473453690845,0.0,정상,True
2020 10 30 16:31:09,0.0,정상,0.0003888473453690845,0.0,정상,True
2020 10 30 16:31:14,0.0,정상,0.000506494404192614,0.0,정상,True
2020 10 30 16:31:19,0.0,정상,0.00011857707509881423,0.0,정상,True
2020 10 30 16:31:24,0.0,정상,0.0,0.0,정상,True
2020 10 30 16:31:29,0.0,정상,0.0,0.0,정상,True
2020 10 30 16:31:34,0.0,정상,0.00011764705882352942,0.0,정상,True
2020 10 30 16:31:39,0.0,정상,0.0,0.0,정상,True
2020 10 30 16:31:44,0.0,정상,0.0002702702702702703,0.0,정상,True
2020 10 30 16:31:49,0.0,정상,0.0,0.0,정상,True
2020 10 30 16:31:54,0.0,정상,0.0,0.0,정상,True
2020 10 30 16:31:59,0.0,정상,0.0,0.0,정상,True
2020 10 30 16:32:04,0.0,정상,0.0,0.0,정상,True
2020 10 30 16:32:09,0.0,정상,4.858949951644667e-05,0.0,정상,True
2020 10 30 16:32:14,0.0,정상,4.858949951644667e-05,0.0,정상,True
2020 10 30 16:32:19,0.0,정상,4.858949951644667e-05,0.0,정상,True
2020 10 30 16:32:24,0.0,정상,4.858949951644667e-05,0.0,정상,True
2020 10 30 16:32:29,0.0,정상,4.858949951644667e-05,0.0,정상,True
2020 10 30 16:32:34,0.0,정상,8.01352408413678e-05,0.0,정상,True
2020 10 30 16:32:39,0.0,정상,8.01352408413678e-05,0.0,정상,True
2020 10 30 16:32:44,0.0,정상,8.01352408413678e-05,0.0,정상,True
2020 10 30 16:32:49,0.0,정상,8.01352408413678e-05,0.0,정상,True
2020 10 30 16:32:54,0.0,정상,8.01352408413678e-05,0.0,정상,True
2020 10 30 16:32:59,0.0,정상,8.01352408413678e-05,0.0,정상,True
2020 10 30 16:33:04,0.0,정상,0.0001615736670038614,0.0,정상,True
2020 10 30 16:33:09,0.0,정상,0.0001615736670038614,0.0,정상,True
2020 10 30 16:33:14,0.0,정상,0.0001615736670038614,0.0,정상,True
2020 10 30 16:33:19,0.0,정상,0.0001615736670038614,0.0,정상,True
2020 10 30 16:33:24,0.0,정상,0.0001615736670038614,0.0,정상,True
2020 10 30 16:33:29,0.0,정상,0.0001615736670038614,0.0,정상,True
2020 10 30 16:33:34,0.0,정상,0.0001615736670038614,0.0,정상,True
2020 10 30 16:33:39,0.0,정상,0.0003255080932333696,0.0,정상,True
2020 10 30 16:33:44,0.0,정상,0.0001615736670038614,0.0,정상,True
2020 10 30 16:33:49,0.0,정상,0.0001615736670038614,0.0,정상,True
2020 10 30 16:33:54,0.0,정상,0.0001615736670038614,0.0,정상,True
2020 10 30 16:33:59,0.0,정상,0.0001615736670038614,0.0,정상,True
2020 10 30 16:34:04,0.0,정상,0.0001615736670038614,0.0,정상,True
2020 10 30 16:34:09,0.0,정상,0.0003255080932333696,0.0,정상,True
2020 10 30 16:34:14,0.0,정상,0.000126237977957925,0.0,정상,True
2020 10 30 16:34:19,0.0,정상,0.000126237977957925,0.0,정상,True
2020 10 30 16:34:24,0.0,정상,0.000126237977957925,0.0,정상,True
2020 10 30 16:34:29,0.0,정상,0.0001615736670038614,0.0,정상,True
2020 10 30 16:34:34,0.0,정상,0.0001615736670038614,0.0,정상,True
2020 10 30 16:34:39,0.0,정상,0.0001615736670038614,0.0,정상,True
2020 10 30 16:34:44,0.0,정상,0.0003255080932333696,0.0,정상,True
2020 10 30 16:34:49,0.0,정상,0.0001615736670038614,0.0,정상,True
2020 10 30 16:34:54,0.0,정상,0.000126237977957925,0.0,정상,True
2020 10 30 16:34:59,0.0,정상,8.148423635855193e-05,0.0,정상,True
2020 10 30 16:35:04,0.0,정상,8.148423635855193e-05,0.0,정상,True
2020 10 30 16:35:09,0.0,정상,0.0001615736670038614,0.0,정상,True
2020 10 30 16:35:14,0.0,정상,0.0002454186625880601,0.0,정상,True
2020 10 30 16:35:19,0.0,정상,8.148423635855193e-05,0.0,정상,True
2020 10 30 16:35:24,0.0,정상,8.148423635855193e-05,0.0,정상,True
2020 10 30 16:35:29,0.0,정상,8.148423635855193e-05,0.0,정상,True
2020 10 30 16:35:34,0.0,정상,8.148423635855193e-05,0.0,정상,True
2020 10 30 16:35:39,0.0,정상,8.148423635855193e-05,0.0,정상,True
2020 10 30 16:35:44,0.0,정상,0.0001615736670038614,0.0,정상,True
2020 10 30 16:35:49,0.0,정상,0.0001615736670038614,0.0,정상,True
2020 10 30 16:35:54,0.0,정상,0.0001615736670038614,0.0,정상,True
2020 10 30 16:35:59,0.0,정상,0.0001615736670038614,0.0,정상,True
2020 10 30 16:36:04,0.0,정상,0.0001615736670038614,0.0,정상,True
2020 10 30 16:36:09,0.0,정상,0.0001615736670038614,0.0,정상,True
2020 10 30 16:36:14,0.0,정상,0.0001615736670038614,0.0,정상,True
2020 10 30 16:36:19,0.0,정상,8.148423635855193e-05,0.0,정상,True
2020 10 30 16:36:24,0.0,정상,0.0002454186625880601,0.0,정상,True
2020 10 30 16:36:29,0.0,정상,8.148423635855193e-05,0.0,정상,True
2020 10 30 16:36:34,0.0,정상,8.148423635855193e-05,0.0,정상,True
2020 10 30 16:36:39,0.0,정상,8.148423635855193e-05,0.0,정상,True
2020 10 30 16:36:44,0.0,정상,8.148423635855193e-05,0.0,정상,True
2020 10 30 16:36:49,0.0,정상,8.148423635855193e-05,0.0,정상,True
2020 10 30 16:36:54,0.0,정상,4.858949951644667e-05,0.0,정상,True
2020 10 30 16:36:59,0.0,정상,4.858949951644667e-05,0.0,정상,True
2020 10 30 16:37:04,0.0,정상,4.858949951644667e-05,0.0,정상,True
2020 10 30 16:37:09,0.0,정상,4.858949951644667e-05,0.0,정상,True
2020 10 30 16:37:14,0.0,정상,4.858949951644667e-05,0.0,정상,True
2020 10 30 16:37:19,0.0,정상,0.0,0.0,정상,True
2020 10 30 16:37:24,0.0,정상,0.0,0.0,정상,True
2020 10 30 16:37:29,0.0,정상,0.0,0.0,정상,True
2020 10 30 16:37:34,0.0,정상,0.0,0.0,정상,True
2020 10 30 16:37:39,0.0,정상,0.0,0.0,정상,True
2020 10 30 16:37:44,0.0,정상,0.0,0.0,정상,True
2020 10 30 16:37:49,0.0,정상,0.0,0.0,정상,True
2020 10 30 16:37:54,0.0,정상,0.0,0.0,정상,True
2020 10 30 16:37:59,0.0,정상,0.0,0.0,정상,True
2020 10 30 16:38:04,0.0,정상,0.0,0.0,정상,True
2020 10 30 16:38:09,0.0,정상,4.858949951644667e-05,0.0,정상,True
2020 10 30 16:38:14,0.0,정상,0.0,0.0,정상,True
2020 10 30 16:38:19,0.0,정상,4.858949951644667e-05,0.0,정상,True
2020 10 30 16:38:24,0.0,정상,3.154574132492114e-05,0.0,정상,True
2020 10 30 16:38:29,0.0,정상,4.4799551795431405e-05,0.0,정상,True
2020 10 30 16:38:34,0.0,정상,3.154574132492114e-05,0.0,정상,True
2020 10 30 16:38:39,0.0,정상,8.01352408413678e-05,0.0,정상,True
2020 10 30 16:38:44,0.0,정상,3.154574132492114e-05,0.0,정상,True
2020 10 30 16:38:49,0.0,정상,3.154574132492114e-05,0.0,정상,True
2020 10 30 16:38:54,0.0,정상,4.4799551795431405e-05,0.0,정상,True
2020 10 30 16:38:59,0.0,정상,3.154574132492114e-05,0.0,정상,True
2020 10 30 16:39:04,0.0,정상,4.4799551795431405e-05,0.0,정상,True
2020 10 30 16:39:09,0.0,정상,4.4799551795431405e-05,0.0,정상,True
2020 10 30 16:39:14,0.0,정상,4.4799551795431405e-05,0.0,정상,True
2020 10 30 16:39:19,0.0,정상,4.4799551795431405e-05,0.0,정상,True
2020 10 30 16:39:24,0.0,정상,4.4799551795431405e-05,0.0,정상,True
2020 10 30 16:39:29,0.0,정상,4.4799551795431405e-05,0.0,정상,True
2020 10 30 16:39:34,0.0,정상,4.4799551795431405e-05,0.0,정상,True
2020 10 30 16:39:39,0.0,정상,4.4799551795431405e-05,0.0,정상,True
2020 10 30 16:39:44,0.0,정상,4.4799551795431405e-05,0.0,정상,True
2020 10 30 16:39:49,0.0,정상,3.154574132492114e-05,0.0,정상,True
2020 10 30 16:39:54,0.0,정상,4.4799551795431405e-05,0.0,정상,True
2020 10 30 16:39:59,0.0,정상,3.154574132492114e-05,0.0,정상,True
2020 10 30 16:40:04,0.0,정상,3.154574132492114e-05,0.0,정상,True
2020 10 30 16:40:09,0.0,정상,4.4799551795431405e-05,0.0,정상,True
2020 10 30 16:40:14,0.0,정상,3.154574132492114e-05,0.0,정상,True
2020 10 30 16:40:19,0.0,정상,3.154574132492114e-05,0.0,정상,True
2020 10 30 16:40:24,0.0,정상,0.0,0.0,정상,True
2020 10 30 16:40:29,0.0,정상,1.3253810470510272e-05,0.0,정상,True
2020 10 30 16:40:34,0.0,정상,1.3253810470510272e-05,0.0,정상,True
2020 10 30 16:40:39,0.0,정상,3.154574132492114e-05,0.0,정상,True
2020 10 30 16:40:44,0.0,정상,4.4799551795431405e-05,0.0,정상,True
2020 10 30 16:40:49,0.0,정상,0.0,0.0,정상,True
2020 10 30 16:40:54,0.0,정상,4.858949951644667e-05,0.0,정상,True
2020 10 30 16:40:59,0.0,정상,0.0,0.0,정상,True
2020 10 30 16:41:04,0.0,정상,0.0,0.0,정상,True
2020 10 30 16:41:09,0.0,정상,0.0,0.0,정상,True
2020 10 30 16:41:14,0.0,정상,0.0,0.0,정상,True
2020 10 30 16:41:19,0.0,정상,0.0,0.0,정상,True
2020 10 30 16:41:24,0.0,정상,0.0,0.0,정상,True
2020 10 30 16:41:29,0.0,정상,0.0,0.0,정상,True
2020 10 30 16:41:34,0.0,정상,0.0,0.0,정상,True
2020 10 30 16:41:39,0.0,정상,0.0,0.0,정상,True
2020 10 30 16:41:44,0.0,정상,3.154574132492114e-05,0.0,정상,True
2020 10 30 16:41:49,0.0,정상,0.0,0.0,정상,True
2020 10 30 16:41:54,0.0,정상,3.154574132492114e-05,0.0,정상,True
2020 10 30 16:41:59,0.0,정상,0.0,0.0,정상,True
2020 10 30 16:42:04,0.0,정상,3.154574132492114e-05,0.0,정상,True
2020 10 30 16:42:09,0.0,정상,0.0,0.0,정상,True
2020 10 30 16:42:14,0.0,정상,3.154574132492114e-05,0.0,정상,True
2020 10 30 16:42:19,0.0,정상,3.154574132492114e-05,0.0,정상,True
2020 10 30 16:42:24,0.0,정상,3.154574132492114e-05,0.0,정상,True
2020 10 30 16:42:29,0.0,정상,3.154574132492114e-05,0.0,정상,True
2020 10 30 16:42:34,0.0,정상,0.0,0.0,정상,True
2020 10 30 16:42:39,0.0,정상,0.0,0.0,정상,True
2020 10 30 16:42:44,0.0,정상,0.0,0.0,정상,True
2020 10 30 16:42:49,0.0,정상,3.154574132492114e-05,0.0,정상,True
2020 10 30 16:42:54,0.0,정상,0.0,0.0,정상,True
2020 10 30 16:42:59,0.0,정상,0.01,0.0,정상,True
2020 10 30 16:43:04,0.0,정상,0.0,0.0,정상,True
2020 10 30 16:43:09,0.0,정상,0.0,0.0,정상,True
2020 10 30 16:43:14,0.0,정상,0.0,0.0,정상,True
2020 10 30 16:43:19,0.0,정상,0.020118577075098815,0.0,정상,True
2020 10 30 16:43:24,0.0,정상,0.0002909908682022625,0.0,정상,True
2020 10 30 16:43:29,0.0,정상,0.010346546423757819,0.0,정상,True
2020 10 30 16:43:34,0.0,정상,0.010290990868202263,0.0,정상,True
2020 10 30 16:43:39,0.0,정상,0.00011857707509881423,0.0,정상,True
2020 10 30 16:43:44,0.0,정상,0.003624324201535596,0.0,정상,True
2020 10 30 16:43:49,0.0,정상,0.0002909908682022625,0.0,정상,True
2020 10 30 16:43:54,0.0,정상,0.0003395345575226508,0.0,정상,True
2020 10 30 16:43:59,0.0,정상,0.00017241379310344826,0.0,정상,True
2020 10 30 16:44:04,0.0,정상,0.00017241379310344826,0.0,정상,True
2020 10 30 16:44:09,0.0,정상,0.00017241379310344826,0.0,정상,True
2020 10 30 16:44:14,0.0,정상,0.00017241379310344826,0.0,정상,True
2020 10 30 16:44:19,0.0,정상,0.00011857707509881423,0.0,정상,True
2020 10 30 16:44:24,0.0,정상,0.0002909908682022625,0.0,정상,True
2020 10 30 16:44:29,0.0,정상,0.00011857707509881423,0.0,정상,True
2020 10 30 16:44:34,0.0,정상,3.112033195020747e-05,0.0,정상,True
2020 10 30 16:44:39,0.0,정상,0.0008205940161607338,0.0,정상,True
2020 10 30 16:44:44,0.0,정상,0.0,0.0,정상,True
2020 10 30 16:44:49,0.0,정상,0.0,0.0,정상,True
2020 10 30 16:44:54,0.0,정상,0.0,0.0,정상,True
2020 10 30 16:44:59,0.0,정상,0.0010311203319502075,0.0,정상,True
2020 10 30 16:45:04,0.0,정상,0.0,0.0,정상,True
2020 10 30 16:45:09,0.0,정상,0.0,0.0,정상,True
2020 10 30 16:45:14,0.0,정상,0.0,0.0,정상,True
2020 10 30 16:45:19,0.0,정상,3.112033195020747e-05,0.0,정상,True
2020 10 30 16:45:24,0.0,정상,4.4374142420717735e-05,0.0,정상,True
2020 10 30 16:45:29,0.0,정상,0.0,0.0,정상,True
2020 10 30 16:45:34,0.0,정상,1.3253810470510272e-05,0.0,정상,True
2020 10 30 16:45:39,0.0,정상,4.4374142420717735e-05,0.0,정상,True
2020 10 30 16:45:44,0.0,정상,3.112033195020747e-05,0.0,정상,True
2020 10 30 16:45:49,0.0,정상,3.112033195020747e-05,0.0,정상,True
2020 10 30 16:45:54,0.0,정상,0.0008205940161607338,0.0,정상,True
2020 10 30 16:45:59,0.0,정상,0.0008313931522298483,0.0,정상,True
2020 10 30 16:46:04,0.0,정상,0.000901815687441116,0.0,정상,True
2020 10 30 16:46:09,0.0,정상,0.0,0.0,정상,True
2020 10 30 16:46:14,0.0,정상,0.009706163513528071,0.0,정상,True
2020 10 30 16:46:19,0.0,정상,0.009706163513528071,0.0,정상,True
2020 10 30 16:46:24,0.0,정상,0.000901815687441116,0.0,정상,True
2020 10 30 16:46:29,0.0,정상,4.1919468019321936e-05,0.0,정상,True
2020 10 30 16:46:34,0.0,정상,4.1919468019321936e-05,0.0,정상,True
2020 10 30 16:46:39,0.0,정상,0.0008313931522298483,0.0,정상,True
2020 10 30 16:46:44,0.0,정상,0.0008446469627003586,0.0,정상,True
2020 10 30 16:46:49,0.0,정상,0.0008446469627003586,0.0,정상,True
2020 10 30 16:46:54,0.0,정상,4.1919468019321936e-05,0.0,정상,True
2020 10 30 16:46:59,0.0,정상,4.1919468019321936e-05,0.0,정상,True
2020 10 30 16:47:04,0.0,정상,4.1919468019321936e-05,0.0,정상,True
2020 10 30 16:47:09,0.0,정상,4.1919468019321936e-05,0.0,정상,True
2020 10 30 16:47:14,0.0,정상,5.517327848983221e-05,0.0,정상,True
2020 10 30 16:47:19,0.0,정상,5.517327848983221e-05,0.0,정상,True
2020 10 30 16:47:24,0.0,정상,4.1919468019321936e-05,0.0,정상,True
2020 10 30 16:47:29,0.0,정상,4.1919468019321936e-05,0.0,정상,True
2020 10 30 16:47:34,0.0,정상,5.517327848983221e-05,0.0,정상,True
2020 10 30 16:47:39,0.0,정상,0.00011234200323058955,0.0,정상,True
2020 10 30 16:47:44,0.0,정상,5.517327848983221e-05,0.0,정상,True
2020 10 30 16:47:49,0.0,정상,5.517327848983221e-05,0.0,정상,True
2020 10 30 16:47:54,0.0,정상,5.517327848983221e-05,0.0,정상,True
2020 10 30 16:47:59,0.0,정상,5.517327848983221e-05,0.0,정상,True
2020 10 30 16:48:04,0.0,정상,5.517327848983221e-05,0.0,정상,True
2020 10 30 16:48:09,0.0,정상,5.517327848983221e-05,0.0,정상,True
2020 10 30 16:48:14,0.0,정상,5.517327848983221e-05,0.0,정상,True
2020 10 30 16:48:19,0.0,정상,5.517327848983221e-05,0.0,정상,True
2020 10 30 16:48:24,0.0,정상,5.517327848983221e-05,0.0,정상,True
2020 10 30 16:48:29,0.0,정상,5.517327848983221e-05,0.0,정상,True
2020 10 30 16:48:34,0.0,정상,5.517327848983221e-05,0.0,정상,True
2020 10 30 16:48:39,0.0,정상,0.0008446469627003586,0.0,정상,True
2020 10 30 16:48:44,0.0,정상,0.0003254435487601025,0.0,정상,True
2020 10 30 16:48:49,0.0,정상,5.517327848983221e-05,0.0,정상,True
2020 10 30 16:48:54,0.0,정상,5.517327848983221e-05,0.0,정상,True
2020 10 30 16:48:59,0.0,정상,5.517327848983221e-05,0.0,정상,True
2020 10 30 16:49:04,0.0,정상,5.517327848983221e-05,0.0,정상,True
2020 10 30 16:49:09,0.0,정상,2.4052946539624742e-05,0.0,정상,True
2020 10 30 16:49:14,0.0,정상,1.0799136069114471e-05,0.0,정상,True
2020 10 30 16:49:19,0.0,정상,1.3253810470510272e-05,0.0,정상,True
2020 10 30 16:49:24,0.0,정상,0.0,0.0,정상,True
2020 10 30 16:49:29,0.0,정상,1.3253810470510272e-05,0.0,정상,True
2020 10 30 16:49:34,0.0,정상,2.4052946539624742e-05,0.0,정상,True
2020 10 30 16:49:39,0.0,정상,2.4052946539624742e-05,0.0,정상,True
2020 10 30 16:49:44,0.0,정상,1.0799136069114471e-05,0.0,정상,True
2020 10 30 16:49:49,0.0,정상,2.4052946539624742e-05,0.0,정상,True
2020 10 30 16:49:54,0.0,정상,1.0799136069114471e-05,0.0,정상,True
2020 10 30 16:49:59,0.0,정상,2.4052946539624742e-05,0.0,정상,True
2020 10 30 16:50:04,0.0,정상,8.122167128038208e-05,0.0,정상,True
2020 10 30 16:50:09,0.0,정상,1.0799136069114471e-05,0.0,정상,True
2020 10 30 16:50:14,0.0,정상,1.0799136069114471e-05,0.0,정상,True
2020 10 30 16:50:19,0.0,정상,1.0799136069114471e-05,0.0,정상,True
2020 10 30 16:50:24,0.0,정상,1.0799136069114471e-05,0.0,정상,True
2020 10 30 16:50:29,0.0,정상,1.0799136069114471e-05,0.0,정상,True
2020 10 30 16:50:34,0.0,정상,1.0799136069114471e-05,0.0,정상,True
2020 10 30 16:50:39,0.0,정상,9.447548175089234e-05,0.0,정상,True
2020 10 30 16:50:44,0.0,정상,1.0799136069114471e-05,0.0,정상,True
2020 10 30 16:50:49,0.0,정상,2.4052946539624742e-05,0.0,정상,True
2020 10 30 16:50:54,0.0,정상,9.447548175089234e-05,0.0,정상,True
2020 10 30 16:50:59,0.0,정상,0.0011853397681818964,0.0,정상,True
2020 10 30 16:51:04,0.0,정상,4.4374142420717735e-05,0.0,정상,True
2020 10 30 16:51:09,0.0,정상,0.00031464441269098804,0.0,정상,True
2020 10 30 16:51:14,0.0,정상,0.0008338478266312441,0.0,정상,True
2020 10 30 16:51:19,0.0,정상,4.4374142420717735e-05,0.0,정상,True
2020 10 30 16:51:24,0.0,정상,4.4374142420717735e-05,0.0,정상,True
2020 10 30 16:51:29,0.0,정상,0.0008338478266312441,0.0,정상,True
2020 10 30 16:51:34,0.0,정상,4.4374142420717735e-05,0.0,정상,True
2020 10 30 16:51:39,0.0,정상,0.0011041180969015144,0.0,정상,True
2020 10 30 16:51:44,0.0,정상,0.0008446469627003586,0.0,정상,True
2020 10 30 16:51:49,0.0,정상,0.0008338478266312441,0.0,정상,True
2020 10 30 16:51:54,0.0,정상,0.0008446469627003586,0.0,정상,True
2020 10 30 16:51:59,0.0,정상,0.0008205940161607338,0.0,정상,True
2020 10 30 16:52:04,0.0,정상,3.112033195020747e-05,0.0,정상,True
2020 10 30 16:52:09,0.0,정상,4.1919468019321936e-05,0.0,정상,True
2020 10 30 16:52:14,0.0,정상,3.112033195020747e-05,0.0,정상,True
2020 10 30 16:52:19,0.0,정상,3.112033195020747e-05,0.0,정상,True
2020 10 30 16:52:24,0.0,정상,4.4374142420717735e-05,0.0,정상,True
2020 10 30 16:52:29,0.0,정상,5.517327848983221e-05,0.0,정상,True
2020 10 30 16:52:34,0.0,정상,3.112033195020747e-05,0.0,정상,True
2020 10 30 16:52:39,0.0,정상,3.112033195020747e-05,0.0,정상,True
2020 10 30 16:52:44,0.0,정상,3.112033195020747e-05,0.0,정상,True
2020 10 30 16:52:49,0.0,정상,6.401506879231272e-05,0.0,정상,True
2020 10 30 16:52:54,0.0,정상,6.401506879231272e-05,0.0,정상,True
2020 10 30 16:52:59,0.0,정상,7.7268879262823e-05,0.0,정상,True
2020 10 30 16:53:04,0.0,정상,4.4374142420717735e-05,0.0,정상,True
2020 10 30 16:53:09,0.0,정상,3.112033195020747e-05,0.0,정상,True
2020 10 30 16:53:14,0.0,정상,6.401506879231272e-05,0.0,정상,True
2020 10 30 16:53:19,0.0,정상,6.401506879231272e-05,0.0,정상,True
2020 10 30 16:53:24,0.0,정상,3.112033195020747e-05,0.0,정상,True
2020 10 30 16:53:29,0.0,정상,0.010031120331950208,0.0,정상,True
2020 10 30 16:53:34,0.0,정상,0.011031120331950209,0.0,정상,True
2020 10 30 16:53:39,0.0,정상,0.0010311203319502075,0.0,정상,True
2020 10 30 16:53:44,0.0,정상,0.0019044143881810972,0.0,정상,True
2020 10 30 16:53:49,0.0,정상,0.0009044143881810972,0.0,정상,True
2020 10 30 16:53:54,0.0,정상,0.0008732940562308897,0.0,정상,True
2020 10 30 16:53:59,0.0,정상,0.0009044143881810972,0.0,정상,True
2020 10 30 16:54:04,0.0,정상,0.0008732940562308897,0.0,정상,True
2020 10 30 16:54:09,0.0,정상,0.0019044143881810972,0.0,정상,True
2020 10 30 16:54:14,0.0,정상,0.0009044143881810972,0.0,정상,True
2020 10 30 16:54:19,0.0,정상,0.0009044143881810972,0.0,정상,True
2020 10 30 16:54:24,0.0,정상,0.00014969740704902167,0.0,정상,True
2020 10 30 16:54:29,0.0,정상,0.0008732940562308897,0.0,정상,True
2020 10 30 16:54:34,0.0,정상,0.0,0.0,정상,True
2020 10 30 16:54:39,0.0,정상,0.0008732940562308897,0.0,정상,True
2020 10 30 16:54:44,0.0,정상,3.289473684210526e-05,0.0,정상,True
2020 10 30 16:54:49,0.0,정상,0.0,0.0,정상,True
2020 10 30 16:54:54,0.0,정상,4.614854731261553e-05,0.0,정상,True
2020 10 30 16:54:59,0.0,정상,3.289473684210526e-05,0.0,정상,True
2020 10 30 16:55:04,0.0,정상,3.289473684210526e-05,0.0,정상,True
2020 10 30 16:55:09,0.0,정상,3.289473684210526e-05,0.0,정상,True
2020 10 30 16:55:14,0.0,정상,3.289473684210526e-05,0.0,정상,True
2020 10 30 16:55:19,0.0,정상,3.289473684210526e-05,0.0,정상,True
2020 10 30 16:55:24,0.0,정상,3.289473684210526e-05,0.0,정상,True
2020 10 30 16:55:29,0.0,정상,3.289473684210526e-05,0.0,정상,True
2020 10 30 16:55:34,0.0,정상,3.289473684210526e-05,0.0,정상,True
2020 10 30 16:55:39,0.0,정상,3.289473684210526e-05,0.0,정상,True
2020 10 30 16:55:44,0.0,정상,3.289473684210526e-05,0.0,정상,True
2020 10 30 16:55:49,0.0,정상,3.289473684210526e-05,0.0,정상,True
2020 10 30 16:55:54,0.0,정상,3.289473684210526e-05,0.0,정상,True
2020 10 30 16:55:59,0.0,정상,3.289473684210526e-05,0.0,정상,True
2020 10 30 16:56:04,0.0,정상,3.289473684210526e-05,0.0,정상,True
2020 10 30 16:56:09,0.0,정상,3.289473684210526e-05,0.0,정상,True
2020 10 30 16:56:14,0.0,정상,3.289473684210526e-05,0.0,정상,True
2020 10 30 16:56:19,0.0,정상,3.289473684210526e-05,0.0,정상,True
2020 10 30 16:56:24,0.0,정상,3.289473684210526e-05,0.0,정상,True
2020 10 30 16:56:29,0.0,정상,3.289473684210526e-05,0.0,정상,True
2020 10 30 16:56:34,0.0,정상,3.289473684210526e-05,0.0,정상,True
2020 10 30 16:56:39,0.0,정상,3.289473684210526e-05,0.0,정상,True
2020 10 30 16:56:44,0.0,정상,3.289473684210526e-05,0.0,정상,True
2020 10 30 16:56:49,0.0,정상,3.289473684210526e-05,0.0,정상,True
2020 10 30 16:56:54,0.0,정상,3.289473684210526e-05,0.0,정상,True
2020 10 30 16:56:59,0.0,정상,3.289473684210526e-05,0.0,정상,True
2020 10 30 16:57:04,0.0,정상,3.289473684210526e-05,0.0,정상,True
2020 10 30 16:57:09,0.0,정상,0.0,0.0,정상,True
2020 10 30 16:57:14,0.0,정상,4.614854731261553e-05,0.0,정상,True
2020 10 30 16:57:19,0.0,정상,4.614854731261553e-05,0.0,정상,True
2020 10 30 16:57:24,0.0,정상,1.3253810470510272e-05,0.0,정상,True
2020 10 30 16:57:29,0.0,정상,0.0,0.0,정상,True
2020 10 30 16:57:34,0.0,정상,0.0,0.0,정상,True
2020 10 30 16:57:39,0.0,정상,1.3253810470510272e-05,0.0,정상,True
2020 10 30 16:57:44,0.0,정상,1.3253810470510272e-05,0.0,정상,True
2020 10 30 16:57:49,0.0,정상,3.289473684210526e-05,0.0,정상,True
2020 10 30 16:57:54,0.0,정상,1.3253810470510272e-05,0.0,정상,True
2020 10 30 16:57:59,0.0,정상,4.614854731261553e-05,0.0,정상,True
2020 10 30 16:58:04,0.0,정상,0.0,0.0,정상,True
2020 10 30 16:58:09,0.0,정상,0.0,0.0,정상,True
2020 10 30 16:58:14,0.0,정상,1.3253810470510272e-05,0.0,정상,True
2020 10 30 16:58:19,0.0,정상,0.0,0.0,정상,True
2020 10 30 16:58:24,0.0,정상,0.0,0.0,정상,True
2020 10 30 16:58:29,0.0,정상,1.3253810470510272e-05,0.0,정상,True
2020 10 30 16:58:34,0.0,정상,1.3253810470510272e-05,0.0,정상,True
2020 10 30 16:58:39,0.0,정상,1.3253810470510272e-05,0.0,정상,True
2020 10 30 16:58:44,0.0,정상,0.0,0.0,정상,True
2020 10 30 16:58:49,0.0,정상,0.0,0.0,정상,True
2020 10 30 16:58:54,0.0,정상,0.0,0.0,정상,True
2020 10 30 16:58:59,0.0,정상,1.3253810470510272e-05,0.0,정상,True
2020 10 30 16:59:04,0.0,정상,1.3253810470510272e-05,0.0,정상,True
2020 10 30 16:59:09,0.0,정상,0.0,0.0,정상,True
2020 10 30 16:59:14,0.0,정상,0.0,0.0,정상,True
2020 10 30 16:59:19,0.0,정상,1.3253810470510272e-05,0.0,정상,True
2020 10 30 16:59:24,0.0,정상,1.3253810470510272e-05,0.0,정상,True
2020 10 30 16:59:29,0.0,정상,1.3253810470510272e-05,0.0,정상,True
2020 10 30 16:59:34,0.0,정상,1.3253810470510272e-05,0.0,정상,True
2020 10 30 16:59:39,0.0,정상,1.3253810470510272e-05,0.0,정상,True
2020 10 30 16:59:44,0.0,정상,1.3253810470510272e-05,0.0,정상,True
2020 10 30 16:59:49,0.0,정상,1.3253810470510272e-05,0.0,정상,True
2020 10 30 16:59:54,0.0,정상,1.3253810470510272e-05,0.0,정상,True
2020 10 30 16:59:59,0.0,정상,1.3253810470510272e-05,0.0,정상,True
2020 10 30 17:00:04,0.0,정상,1.3253810470510272e-05,0.0,정상,True
2020 10 30 17:00:09,0.0,정상,4.4799551795431405e-05,0.0,정상,True
2020 10 30 17:00:14,0.0,정상,4.4799551795431405e-05,0.0,정상,True
2020 10 30 17:00:19,0.0,정상,4.4799551795431405e-05,0.0,정상,True
2020 10 30 17:00:24,0.0,정상,4.4799551795431405e-05,0.0,정상,True
2020 10 30 17:00:29,0.0,정상,4.4799551795431405e-05,0.0,정상,True
2020 10 30 17:00:34,0.0,정상,4.4799551795431405e-05,0.0,정상,True
2020 10 30 17:00:39,0.0,정상,4.4799551795431405e-05,0.0,정상,True
2020 10 30 17:00:44,0.0,정상,4.4799551795431405e-05,0.0,정상,True
2020 10 30 17:00:49,0.0,정상,4.4799551795431405e-05,0.0,정상,True
2020 10 30 17:00:54,0.0,정상,0.01001325381047051,0.0,정상,True
2020 10 30 17:00:59,0.0,정상,1.3253810470510272e-05,0.0,정상,True
2020 10 30 17:01:04,0.0,정상,1.3253810470510272e-05,0.0,정상,True
2020 10 30 17:01:09,0.0,정상,1.3253810470510272e-05,0.0,정상,True
2020 10 30 17:01:14,0.0,정상,1.3253810470510272e-05,0.0,정상,True
2020 10 30 17:01:19,0.0,정상,1.3253810470510272e-05,0.0,정상,True
2020 10 30 17:01:24,0.0,정상,1.3253810470510272e-05,0.0,정상,True
2020 10 30 17:01:29,0.0,정상,1.3253810470510272e-05,0.0,정상,True
2020 10 30 17:01:34,0.0,정상,1.3253810470510272e-05,0.0,정상,True
2020 10 30 17:01:39,0.0,정상,1.3253810470510272e-05,0.0,정상,True
2020 10 30 17:01:44,0.0,정상,1.3253810470510272e-05,0.0,정상,True
2020 10 30 17:01:49,0.0,정상,1.3253810470510272e-05,0.0,정상,True
2020 10 30 17:01:54,0.0,정상,1.3253810470510272e-05,0.0,정상,True
2020 10 30 17:01:59,0.0,정상,1.3253810470510272e-05,0.0,정상,True
2020 10 30 17:02:04,0.0,정상,1.3253810470510272e-05,0.0,정상,True
2020 10 30 17:02:09,0.0,정상,1.3253810470510272e-05,0.0,정상,True
2020 10 30 17:02:14,0.0,정상,1.3253810470510272e-05,0.0,정상,True
2020 10 30 17:02:19,0.0,정상,1.3253810470510272e-05,0.0,정상,True
2020 10 30 17:02:24,0.0,정상,1.3253810470510272e-05,0.0,정상,True
2020 10 30 17:02:29,0.0,정상,1.3253810470510272e-05,0.0,정상,True
2020 10 30 17:02:34,0.0,정상,1.3253810470510272e-05,0.0,정상,True
2020 10 30 17:02:39,0.0,정상,1.3253810470510272e-05,0.0,정상,True
2020 10 30 17:02:44,0.0,정상,1.3253810470510272e-05,0.0,정상,True
2020 10 30 17:02:49,0.0,정상,1.3253810470510272e-05,0.0,정상,True
2020 10 30 17:02:54,0.0,정상,1.3253810470510272e-05,0.0,정상,True
2020 10 30 17:02:59,0.0,정상,1.3253810470510272e-05,0.0,정상,True
2020 10 30 17:03:04,0.0,정상,0.0025132538104705106,0.0,정상,True
2020 10 30 17:03:09,0.0,정상,1.3253810470510272e-05,0.0,정상,True
2020 10 30 17:03:14,0.0,정상,1.3253810470510272e-05,0.0,정상,True
2020 10 30 17:03:19,0.0,정상,0.0025461485473126156,0.0,정상,True
2020 10 30 17:03:24,0.0,정상,1.3253810470510272e-05,0.0,정상,True
2020 10 30 17:03:29,0.0,정상,1.3253810470510272e-05,0.0,정상,True
2020 10 30 17:03:34,0.0,정상,1.3253810470510272e-05,0.0,정상,True
2020 10 30 17:03:39,0.0,정상,1.3253810470510272e-05,0.0,정상,True
2020 10 30 17:03:44,0.0,정상,1.3253810470510272e-05,0.0,정상,True
2020 10 30 17:03:49,0.0,정상,1.3253810470510272e-05,0.0,정상,True
2020 10 30 17:03:54,0.0,정상,0.01251325381047051,0.0,정상,True
2020 10 30 17:03:59,0.0,정상,1.3253810470510272e-05,0.0,정상,True
2020 10 30 17:04:04,0.0,정상,1.3253810470510272e-05,0.0,정상,True
2020 10 30 17:04:09,0.0,정상,1.3253810470510272e-05,0.0,정상,True
2020 10 30 17:04:14,0.0,정상,1.3253810470510272e-05,0.0,정상,True
2020 10 30 17:04:19,0.0,정상,1.3253810470510272e-05,0.0,정상,True
2020 10 30 17:04:24,0.0,정상,1.3253810470510272e-05,0.0,정상,True
2020 10 30 17:04:29,0.0,정상,1.3253810470510272e-05,0.0,정상,True
2020 10 30 17:04:34,0.0,정상,1.3253810470510272e-05,0.0,정상,True
2020 10 30 17:04:39,0.0,정상,1.3253810470510272e-05,0.0,정상,True
2020 10 30 17:04:44,0.0,정상,1.3253810470510272e-05,0.0,정상,True
2020 10 30 17:04:49,0.0,정상,1.3253810470510272e-05,0.0,정상,True
2020 10 30 17:04:54,0.0,정상,1.3253810470510272e-05,0.0,정상,True
2020 10 30 17:04:59,0.0,정상,1.3253810470510272e-05,0.0,정상,True
2020 10 30 17:05:04,0.0,정상,1.3253810470510272e-05,0.0,정상,True
2020 10 30 17:05:09,0.0,정상,1.3253810470510272e-05,0.0,정상,True
2020 10 30 17:05:14,0.0,정상,1.3253810470510272e-05,0.0,정상,True
2020 10 30 17:05:19,0.0,정상,1.3253810470510272e-05,0.0,정상,True
2020 10 30 17:05:24,0.0,정상,1.3253810470510272e-05,0.0,정상,True
2020 10 30 17:05:29,0.0,정상,1.3253810470510272e-05,0.0,정상,True
2020 10 30 17:05:34,0.0,정상,1.3253810470510272e-05,0.0,정상,True
2020 10 30 17:05:39,0.0,정상,1.3253810470510272e-05,0.0,정상,True
2020 10 30 17:05:44,0.0,정상,1.3253810470510272e-05,0.0,정상,True
2020 10 30 17:05:49,0.0,정상,1.3253810470510272e-05,0.0,정상,True
2020 10 30 17:05:54,0.0,정상,1.3253810470510272e-05,0.0,정상,True
2020 10 30 17:05:59,0.0,정상,1.3253810470510272e-05,0.0,정상,True
2020 10 30 17:06:04,0.0,정상,1.3253810470510272e-05,0.0,정상,True
2020 10 30 17:06:09,0.0,정상,1.3253810470510272e-05,0.0,정상,True
2020 10 30 17:06:14,0.0,정상,1.3253810470510272e-05,0.0,정상,True
2020 10 30 17:06:19,0.0,정상,1.3253810470510272e-05,0.0,정상,True
2020 10 30 17:06:24,0.0,정상,1.3253810470510272e-05,0.0,정상,True
2020 10 30 17:06:29,0.0,정상,1.3253810470510272e-05,0.0,정상,True
2020 10 30 17:06:34,0.0,정상,1.3253810470510272e-05,0.0,정상,True
2020 10 30 17:06:39,0.0,정상,1.3253810470510272e-05,0.0,정상,True
2020 10 30 17:06:44,0.0,정상,1.3253810470510272e-05,0.0,정상,True
2020 10 30 17:06:49,0.0,정상,1.3253810470510272e-05,0.0,정상,True
2020 10 30 17:06:54,0.0,정상,1.3253810470510272e-05,0.0,정상,True
2020 10 30 17:06:59,0.0,정상,1.3253810470510272e-05,0.0,정상,True
2020 10 30 17:07:04,0.0,정상,1.3253810470510272e-05,0.0,정상,True
2020 10 30 17:07:09,0.0,정상,1.3253810470510272e-05,0.0,정상,True
2020 10 30 17:07:14,0.0,정상,1.3253810470510272e-05,0.0,정상,True
2020 10 30 17:07:19,0.0,정상,1.3253810470510272e-05,0.0,정상,True
2020 10 30 17:07:24,0.0,정상,1.3253810470510272e-05,0.0,정상,True
2020 10 30 17:07:29,0.0,정상,1.3253810470510272e-05,0.0,정상,True
2020 10 30 17:07:34,0.0,정상,1.3253810470510272e-05,0.0,정상,True
2020 10 30 17:07:39,0.0,정상,1.3253810470510272e-05,0.0,정상,True
2020 10 30 17:07:44,0.0,정상,1.3253810470510272e-05,0.0,정상,True
2020 10 30 17:07:49,0.0,정상,1.3253810470510272e-05,0.0,정상,True
2020 10 30 17:07:54,0.0,정상,1.3253810470510272e-05,0.0,정상,True
2020 10 30 17:07:59,0.0,정상,1.3253810470510272e-05,0.0,정상,True
2020 10 30 17:08:04,0.0,정상,1.3253810470510272e-05,0.0,정상,True
2020 10 30 17:08:09,0.0,정상,1.3253810470510272e-05,0.0,정상,True
2020 10 30 17:08:14,0.0,정상,1.3253810470510272e-05,0.0,정상,True
2020 10 30 17:08:19,0.0,정상,1.3253810470510272e-05,0.0,정상,True
2020 10 30 17:08:24,0.0,정상,1.3253810470510272e-05,0.0,정상,True
2020 10 30 17:08:29,0.0,정상,1.3253810470510272e-05,0.0,정상,True
2020 10 30 17:08:34,0.0,정상,1.3253810470510272e-05,0.0,정상,True
2020 10 30 17:08:39,0.0,정상,0.00021008297354212373,0.0,정상,True
2020 10 30 17:08:44,0.0,정상,4.614854731261553e-05,0.0,정상,True
2020 10 30 17:08:49,0.0,정상,0.000126237977957925,0.0,정상,True
2020 10 30 17:08:54,0.0,정상,0.000126237977957925,0.0,정상,True
2020 10 30 17:08:59,0.0,정상,0.000126237977957925,0.0,정상,True
2020 10 30 17:09:04,0.0,정상,0.000126237977957925,0.0,정상,True
2020 10 30 17:09:09,0.0,정상,0.000126237977957925,0.0,정상,True
2020 10 30 17:09:14,0.0,정상,0.000126237977957925,0.0,정상,True
2020 10 30 17:09:19,0.0,정상,0.000126237977957925,0.0,정상,True
2020 10 30 17:09:24,0.0,정상,0.000126237977957925,0.0,정상,True
2020 10 30 17:09:29,0.0,정상,4.614854731261553e-05,0.0,정상,True
2020 10 30 17:09:34,0.0,정상,0.00018210389974563453,0.0,정상,True
2020 10 30 17:09:39,0.0,정상,1.3253810470510272e-05,0.0,정상,True
2020 10 30 17:09:44,0.0,정상,4.614854731261553e-05,0.0,정상,True
2020 10 30 17:09:49,0.0,정상,0.00018210389974563453,0.0,정상,True
2020 10 30 17:09:54,0.0,정상,0.00027874019916523414,0.0,정상,True
2020 10 30 17:09:59,0.0,정상,0.00016885008927512425,0.0,정상,True
2020 10 30 17:10:04,0.0,정상,0.00027874019916523414,0.0,정상,True
2020 10 30 17:10:09,0.0,정상,0.00018210389974563453,0.0,정상,True
2020 10 30 17:10:14,0.0,정상,0.00016885008927512425,0.0,정상,True
2020 10 30 17:10:19,0.0,정상,0.00018210389974563453,0.0,정상,True
2020 10 30 17:10:24,0.0,정상,0.0028131435891330376,0.0,정상,True
2020 10 30 17:10:29,0.0,정상,0.01024584546232313,0.0,정상,True
2020 10 30 17:10:34,0.0,정상,0.013776007958728076,0.0,정상,True
2020 10 30 17:10:39,0.0,정상,0.0026688500892751237,0.0,정상,True
2020 10 30 17:10:44,0.0,정상,0.0026821038997456343,0.0,정상,True
2020 10 30 17:10:49,0.0,정상,0.0026821038997456343,0.0,정상,True
2020 10 30 17:10:54,0.0,정상,0.0026359553524330187,0.0,정상,True
2020 10 30 17:10:59,0.0,정상,0.03255586592178771,0.0,정상,True
2020 10 30 17:11:04,0.0,정상,6.911973225821977e-05,0.0,정상,True
2020 10 30 17:11:09,0.0,정상,6.911973225821977e-05,0.0,정상,True
2020 10 30 17:11:14,0.0,정상,6.911973225821977e-05,0.0,정상,True
2020 10 30 17:11:19,0.0,정상,6.911973225821977e-05,0.0,정상,True
2020 10 30 17:11:24,0.0,정상,6.911973225821977e-05,0.0,정상,True
2020 10 30 17:11:29,0.0,정상,1.3253810470510272e-05,0.0,정상,True
2020 10 30 17:11:34,0.0,정상,1.3253810470510272e-05,0.0,정상,True
2020 10 30 17:11:39,0.0,정상,1.3253810470510272e-05,0.0,정상,True
2020 10 30 17:11:44,0.0,정상,1.3253810470510272e-05,0.0,정상,True
2020 10 30 17:11:49,0.0,정상,1.3253810470510272e-05,0.0,정상,True
2020 10 30 17:11:54,0.0,정상,1.3253810470510272e-05,0.0,정상,True
2020 10 30 17:11:59,0.0,정상,1.3253810470510272e-05,0.0,정상,True
2020 10 30 17:12:04,0.0,정상,1.3253810470510272e-05,0.0,정상,True
2020 10 30 17:12:09,0.0,정상,1.3253810470510272e-05,0.0,정상,True
2020 10 30 17:12:14,0.0,정상,1.3253810470510272e-05,0.0,정상,True
2020 10 30 17:12:19,0.0,정상,6.911973225821977e-05,0.0,정상,True
2020 10 30 17:12:24,0.0,정상,6.911973225821977e-05,0.0,정상,True
2020 10 30 17:12:29,0.0,정상,6.911973225821977e-05,0.0,정상,True
2020 10 30 17:12:34,0.0,정상,1.3253810470510272e-05,0.0,정상,True
2020 10 30 17:12:39,0.0,정상,6.911973225821977e-05,0.0,정상,True
2020 10 30 17:12:44,0.0,정상,5.58659217877095e-05,0.0,정상,True
2020 10 30 17:12:49,0.0,정상,6.911973225821977e-05,0.0,정상,True
2020 10 30 17:12:54,0.0,정상,5.58659217877095e-05,0.0,정상,True
2020 10 30 17:12:59,0.0,정상,5.58659217877095e-05,0.0,정상,True
2020 10 30 17:13:04,0.0,정상,5.58659217877095e-05,0.0,정상,True
2020 10 30 17:13:09,0.0,정상,5.58659217877095e-05,0.0,정상,True
2020 10 30 17:13:14,0.0,정상,5.58659217877095e-05,0.0,정상,True
2020 10 30 17:13:19,0.0,정상,0.0001657560316778194,0.0,정상,True
2020 10 30 17:13:24,0.0,정상,8.01352408413678e-05,0.0,정상,True
2020 10 30 17:13:29,0.0,정상,4.858949951644667e-05,0.0,정상,True
2020 10 30 17:13:34,0.0,정상,0.0,0.0,정상,True
2020 10 30 17:13:39,0.0,정상,0.0,0.0,정상,True
2020 10 30 17:13:44,0.0,정상,0.0,0.0,정상,True
2020 10 30 17:13:49,0.0,정상,0.0,0.0,정상,True
2020 10 30 17:13:54,0.0,정상,4.858949951644667e-05,0.0,정상,True
2020 10 30 17:13:59,0.0,정상,0.0,0.0,정상,True
2020 10 30 17:14:04,0.0,정상,4.858949951644667e-05,0.0,정상,True
2020 10 30 17:14:09,0.0,정상,0.0,0.0,정상,True
2020 10 30 17:14:14,0.0,정상,4.858949951644667e-05,0.0,정상,True
2020 10 30 17:14:19,0.0,정상,4.858949951644667e-05,0.0,정상,True
2020 10 30 17:14:24,0.0,정상,4.858949951644667e-05,0.0,정상,True
2020 10 30 17:14:29,0.0,정상,4.858949951644667e-05,0.0,정상,True
2020 10 30 17:14:34,0.0,정상,4.858949951644667e-05,0.0,정상,True
2020 10 30 17:14:39,0.0,정상,4.858949951644667e-05,0.0,정상,True
2020 10 30 17:14:44,0.0,정상,4.858949951644667e-05,0.0,정상,True
2020 10 30 17:14:49,0.0,정상,4.858949951644667e-05,0.0,정상,True
2020 10 30 17:14:54,0.0,정상,4.858949951644667e-05,0.0,정상,True
2020 10 30 17:14:59,0.0,정상,8.01352408413678e-05,0.0,정상,True
2020 10 30 17:15:04,0.0,정상,3.154574132492114e-05,0.0,정상,True
2020 10 30 17:15:09,0.0,정상,4.858949951644667e-05,0.0,정상,True
2020 10 30 17:15:14,0.0,정상,0.0,0.0,정상,True
2020 10 30 17:15:19,0.0,정상,8.01352408413678e-05,0.0,정상,True
2020 10 30 17:15:24,0.0,정상,3.154574132492114e-05,0.0,정상,True
2020 10 30 17:15:29,0.0,정상,3.53356890459364e-05,0.0,정상,True
2020 10 30 17:15:34,0.0,정상,0.0,0.0,정상,True
2020 10 30 17:15:39,0.0,정상,0.0,0.0,정상,True
2020 10 30 17:15:44,0.0,정상,0.0,0.0,정상,True
2020 10 30 17:15:49,0.0,정상,3.53356890459364e-05,0.0,정상,True
2020 10 30 17:15:54,0.0,정상,3.53356890459364e-05,0.0,정상,True
2020 10 30 17:15:59,0.0,정상,3.53356890459364e-05,0.0,정상,True
2020 10 30 17:16:04,0.0,정상,0.0,0.0,정상,True
2020 10 30 17:16:09,0.0,정상,3.53356890459364e-05,0.0,정상,True
2020 10 30 17:16:14,0.0,정상,3.53356890459364e-05,0.0,정상,True
2020 10 30 17:16:19,0.0,정상,0.0,0.0,정상,True
2020 10 30 17:16:24,0.0,정상,3.53356890459364e-05,0.0,정상,True
2020 10 30 17:16:29,0.0,정상,0.0001098901098901099,0.0,정상,True
2020 10 30 17:16:34,0.0,정상,0.0,0.0,정상,True
2020 10 30 17:16:39,0.0,정상,0.0,0.0,정상,True
2020 10 30 17:16:44,0.0,정상,0.0,0.0,정상,True
2020 10 30 17:16:49,0.0,정상,0.0001657560316778194,0.0,정상,True
2020 10 30 17:16:54,0.0,정상,0.00013595535243301896,0.0,정상,True
2020 10 30 17:16:59,0.0,정상,0.00030140101787868445,0.0,정상,True
2020 10 30 17:17:04,0.0,정상,0.0001712910414789554,0.0,정상,True
2020 10 30 17:17:09,0.0,정상,0.0001098901098901099,0.0,정상,True
2020 10 30 17:17:14,0.0,정상,3.53356890459364e-05,0.0,정상,True
2020 10 30 17:17:19,0.0,정상,0.00027874019916523414,0.0,정상,True
2020 10 30 17:17:24,0.0,정상,0.00027874019916523414,0.0,정상,True
2020 10 30 17:17:29,0.0,정상,0.0002597413338766162,0.0,정상,True
2020 10 30 17:17:34,0.0,정상,0.0004426746253947424,0.0,정상,True
2020 10 30 17:17:39,0.0,정상,0.00040977988855263716,0.0,정상,True
2020 10 30 17:17:44,0.0,정상,0.00022684659703451094,0.0,정상,True
2020 10 30 17:17:49,0.0,정상,0.00027874019916523414,0.0,정상,True
2020 10 30 17:17:54,0.0,정상,0.0002174395887915709,0.0,정상,True
2020 10 30 17:17:59,0.0,정상,0.0002174395887915709,0.0,정상,True
2020 10 30 17:18:04,0.0,정상,0.0003342957547207897,0.0,정상,True
2020 10 30 17:18:09,0.0,정상,0.0002174395887915709,0.0,정상,True
2020 10 30 17:18:14,0.0,정상,0.0002458454623231289,0.0,정상,True
2020 10 30 17:18:19,0.0,정상,0.00018454485194946565,0.0,정상,True
2020 10 30 17:18:24,0.0,정상,0.0002458454623231289,0.0,정상,True
2020 10 30 17:18:29,0.0,정상,0.0002458454623231289,0.0,정상,True
2020 10 30 17:18:34,0.0,정상,0.0002597413338766162,0.0,정상,True
2020 10 30 17:18:39,0.0,정상,0.00038680870360703287,0.0,정상,True
2020 10 30 17:18:44,0.0,정상,0.00013735015814626144,0.0,정상,True
2020 10 30 17:18:49,0.0,정상,8.148423635855193e-05,0.0,정상,True
2020 10 30 17:18:54,0.0,정상,0.00012378598144359722,0.0,정상,True
2020 10 30 17:18:59,0.0,정상,8.148423635855193e-05,0.0,정상,True
2020 10 30 17:19:04,0.0,정상,0.0002738245361196181,0.0,정상,True
2020 10 30 17:19:09,0.0,정상,4.858949951644667e-05,0.0,정상,True
2020 10 30 17:19:14,0.0,정상,8.148423635855193e-05,0.0,정상,True
2020 10 30 17:19:19,0.0,정상,0.00014278484673221515,0.0,정상,True
2020 10 30 17:19:24,0.0,정상,8.148423635855193e-05,0.0,정상,True
2020 10 30 17:19:29,0.0,정상,8.148423635855193e-05,0.0,정상,True
2020 10 30 17:19:34,0.0,정상,8.148423635855193e-05,0.0,정상,True
2020 10 30 17:19:39,0.0,정상,0.0002454186625880601,0.0,정상,True
2020 10 30 17:19:44,0.0,정상,0.0002454186625880601,0.0,정상,True
2020 10 30 17:19:49,0.0,정상,0.0002454186625880601,0.0,정상,True
2020 10 30 17:19:54,0.0,정상,8.148423635855193e-05,0.0,정상,True
2020 10 30 17:19:59,0.0,정상,8.148423635855193e-05,0.0,정상,True
2020 10 30 17:20:04,0.0,정상,8.148423635855193e-05,0.0,정상,True
2020 10 30 17:20:09,0.0,정상,8.148423635855193e-05,0.0,정상,True
2020 10 30 17:20:14,0.0,정상,8.148423635855193e-05,0.0,정상,True
2020 10 30 17:20:19,0.0,정상,8.148423635855193e-05,0.0,정상,True
2020 10 30 17:20:24,0.0,정상,8.148423635855193e-05,0.0,정상,True
2020 10 30 17:20:29,0.0,정상,8.148423635855193e-05,0.0,정상,True
2020 10 30 17:20:34,0.0,정상,4.858949951644667e-05,0.0,정상,True
2020 10 30 17:20:39,0.0,정상,4.858949951644667e-05,0.0,정상,True
2020 10 30 17:20:44,0.0,정상,8.148423635855193e-05,0.0,정상,True
2020 10 30 17:20:49,0.0,정상,8.148423635855193e-05,0.0,정상,True
2020 10 30 17:20:54,0.0,정상,8.148423635855193e-05,0.0,정상,True
2020 10 30 17:20:59,0.0,정상,8.148423635855193e-05,0.0,정상,True
2020 10 30 17:21:04,0.0,정상,8.148423635855193e-05,0.0,정상,True
2020 10 30 17:21:09,0.0,정상,8.148423635855193e-05,0.0,정상,True
2020 10 30 17:21:14,0.0,정상,8.148423635855193e-05,0.0,정상,True
2020 10 30 17:21:19,0.0,정상,4.858949951644667e-05,0.0,정상,True
2020 10 30 17:21:24,0.0,정상,4.858949951644667e-05,0.0,정상,True
2020 10 30 17:21:29,0.0,정상,8.148423635855193e-05,0.0,정상,True
2020 10 30 17:21:34,0.0,정상,4.858949951644667e-05,0.0,정상,True
2020 10 30 17:21:39,0.0,정상,4.858949951644667e-05,0.0,정상,True
2020 10 30 17:21:44,0.0,정상,4.858949951644667e-05,0.0,정상,True
2020 10 30 17:21:49,0.0,정상,4.858949951644667e-05,0.0,정상,True
2020 10 30 17:21:54,0.0,정상,4.858949951644667e-05,0.0,정상,True
2020 10 30 17:21:59,0.0,정상,4.858949951644667e-05,0.0,정상,True
2020 10 30 17:22:04,0.0,정상,4.858949951644667e-05,0.0,정상,True
2020 10 30 17:22:09,0.0,정상,4.858949951644667e-05,0.0,정상,True
2020 10 30 17:22:14,0.0,정상,0.0,0.0,정상,True
2020 10 30 17:22:19,0.0,정상,3.53356890459364e-05,0.0,정상,True
2020 10 30 17:22:24,0.0,정상,0.0,0.0,정상,True
2020 10 30 17:22:29,0.0,정상,4.858949951644667e-05,0.0,정상,True
2020 10 30 17:22:34,0.0,정상,4.858949951644667e-05,0.0,정상,True
2020 10 30 17:22:39,0.0,정상,3.53356890459364e-05,0.0,정상,True
2020 10 30 17:22:44,0.0,정상,3.53356890459364e-05,0.0,정상,True
2020 10 30 17:22:49,0.0,정상,0.0,0.0,정상,True
2020 10 30 17:22:54,0.0,정상,1.3253810470510272e-05,0.0,정상,True
2020 10 30 17:22:59,0.0,정상,0.0,0.0,정상,True
2020 10 30 17:23:04,0.0,정상,0.0,0.0,정상,True
2020 10 30 17:23:09,0.0,정상,3.53356890459364e-05,0.0,정상,True
2020 10 30 17:23:14,0.0,정상,0.0,0.0,정상,True
2020 10 30 17:23:19,0.0,정상,0.0,0.0,정상,True
2020 10 30 17:23:24,0.0,정상,0.0,0.0,정상,True
2020 10 30 17:23:29,0.0,정상,0.0,0.0,정상,True
2020 10 30 17:23:34,0.0,정상,0.0,0.0,정상,True
2020 10 30 17:23:39,0.0,정상,0.0,0.0,정상,True
2020 10 30 17:23:44,0.0,정상,0.0,0.0,정상,True
2020 10 30 17:23:49,0.0,정상,0.0,0.0,정상,True
2020 10 30 17:23:54,0.0,정상,0.0,0.0,정상,True
2020 10 30 17:23:59,0.0,정상,0.0,0.0,정상,True
2020 10 30 17:24:04,0.0,정상,0.0,0.0,정상,True
2020 10 30 17:24:09,0.0,정상,0.0,0.0,정상,True
2020 10 30 17:24:14,0.0,정상,0.0,0.0,정상,True
2020 10 30 17:24:19,0.0,정상,0.0,0.0,정상,True
2020 10 30 17:24:24,0.0,정상,0.0,0.0,정상,True
2020 10 30 17:24:29,0.0,정상,0.0,0.0,정상,True
2020 10 30 17:24:34,0.0,정상,0.0,0.0,정상,True
2020 10 30 17:24:39,0.0,정상,0.0,0.0,정상,True
2020 10 30 17:24:44,0.0,정상,0.0,0.0,정상,True
2020 10 30 17:24:49,0.0,정상,0.0,0.0,정상,True
2020 10 30 17:24:54,0.0,정상,0.0,0.0,정상,True
2020 10 30 17:24:59,0.0,정상,0.0,0.0,정상,True
2020 10 30 17:25:04,0.0,정상,0.0,0.0,정상,True
2020 10 30 17:25:09,0.0,정상,0.0,0.0,정상,True
2020 10 30 17:25:14,0.0,정상,0.0,0.0,정상,True
2020 10 30 17:25:19,0.0,정상,3.289473684210526e-05,0.0,정상,True
2020 10 30 17:25:24,0.0,정상,3.289473684210526e-05,0.0,정상,True
2020 10 30 17:25:29,0.0,정상,3.289473684210526e-05,0.0,정상,True
2020 10 30 17:25:34,0.0,정상,3.289473684210526e-05,0.0,정상,True
2020 10 30 17:25:39,0.0,정상,0.0,0.0,정상,True
2020 10 30 17:25:44,0.0,정상,0.0001098901098901099,0.0,정상,True
2020 10 30 17:25:49,0.0,정상,3.289473684210526e-05,0.0,정상,True
2020 10 30 17:25:54,0.0,정상,0.00014278484673221515,0.0,정상,True
2020 10 30 17:25:59,0.0,정상,4.614854731261553e-05,0.0,정상,True
2020 10 30 17:26:04,0.0,정상,4.614854731261553e-05,0.0,정상,True
2020 10 30 17:26:09,0.0,정상,4.614854731261553e-05,0.0,정상,True
2020 10 30 17:26:14,0.0,정상,4.614854731261553e-05,0.0,정상,True
2020 10 30 17:26:19,0.0,정상,0.0001098901098901099,0.0,정상,True
2020 10 30 17:26:24,0.0,정상,0.0003067192729617234,0.0,정상,True
2020 10 30 17:26:29,0.0,정상,4.614854731261553e-05,0.0,정상,True
2020 10 30 17:26:34,0.0,정상,4.614854731261553e-05,0.0,정상,True
2020 10 30 17:26:39,0.0,정상,0.00010201446910032503,0.0,정상,True
2020 10 30 17:26:44,0.0,정상,4.614854731261553e-05,0.0,정상,True
2020 10 30 17:26:49,0.0,정상,0.00014278484673221515,0.0,정상,True
2020 10 30 17:26:54,0.0,정상,4.614854731261553e-05,0.0,정상,True
2020 10 30 17:26:59,0.0,정상,0.0002738245361196181,0.0,정상,True
2020 10 30 17:27:04,0.0,정상,0.0001098901098901099,0.0,정상,True
2020 10 30 17:27:09,0.0,정상,1.3253810470510272e-05,0.0,정상,True
2020 10 30 17:27:14,0.0,정상,1.3253810470510272e-05,0.0,정상,True
2020 10 30 17:27:19,0.0,정상,1.3253810470510272e-05,0.0,정상,True
2020 10 30 17:27:24,0.0,정상,1.3253810470510272e-05,0.0,정상,True
2020 10 30 17:27:29,0.0,정상,0.0,0.0,정상,True
2020 10 30 17:27:34,0.0,정상,0.0,0.0,정상,True
2020 10 30 17:27:39,0.0,정상,0.0,0.0,정상,True
2020 10 30 17:27:44,0.0,정상,0.0,0.0,정상,True
2020 10 30 17:27:49,0.0,정상,1.3253810470510272e-05,0.0,정상,True
2020 10 30 17:27:54,0.0,정상,0.0,0.0,정상,True
2020 10 30 17:27:59,0.0,정상,0.0,0.0,정상,True
2020 10 30 17:28:04,0.0,정상,0.0,0.0,정상,True
2020 10 30 17:28:09,0.0,정상,0.0,0.0,정상,True
2020 10 30 17:28:14,0.0,정상,0.0,0.0,정상,True
2020 10 30 17:28:19,0.0,정상,0.00011857707509881423,0.0,정상,True
2020 10 30 17:28:24,0.0,정상,0.0002866443019895705,0.0,정상,True
2020 10 30 17:28:29,0.0,정상,0.00011857707509881423,0.0,정상,True
2020 10 30 17:28:34,0.0,정상,0.00011857707509881423,0.0,정상,True
2020 10 30 17:28:39,0.0,정상,0.0001680672268907563,0.0,정상,True
2020 10 30 17:28:44,0.0,정상,0.0,0.0,정상,True
2020 10 30 17:28:49,0.0,정상,0.0,0.0,정상,True
2020 10 30 17:28:54,0.0,정상,0.0001680672268907563,0.0,정상,True
2020 10 30 17:28:59,0.0,정상,0.0,0.0,정상,True
2020 10 30 17:29:04,0.0,정상,0.0001680672268907563,0.0,정상,True
2020 10 30 17:29:09,0.0,정상,0.0002866443019895705,0.0,정상,True
2020 10 30 17:29:14,0.0,정상,0.0002866443019895705,0.0,정상,True
2020 10 30 17:29:19,0.0,정상,0.0002866443019895705,0.0,정상,True
2020 10 30 17:29:24,0.0,정상,0.0002866443019895705,0.0,정상,True
2020 10 30 17:29:29,0.0,정상,0.0002866443019895705,0.0,정상,True
2020 10 30 17:29:34,0.0,정상,0.0,0.0,정상,True
2020 10 30 17:29:39,0.0,정상,0.0,0.0,정상,True
2020 10 30 17:29:44,0.0,정상,0.0,0.0,정상,True
2020 10 30 17:29:49,0.0,정상,0.0,0.0,정상,True
2020 10 30 17:29:54,0.0,정상,0.0,0.0,정상,True
2020 10 30 17:29:59,0.0,정상,0.0,0.0,정상,True
2020 10 30 17:30:04,0.0,정상,0.0,0.0,정상,True
2020 10 30 17:30:09,0.0,정상,0.0,0.0,정상,True
2020 10 30 17:30:14,0.0,정상,0.0,0.0,정상,True
2020 10 30 17:30:19,0.0,정상,0.0,0.0,정상,True
2020 10 30 17:30:24,0.0,정상,0.0,0.0,정상,True
2020 10 30 17:30:29,0.0,정상,0.0,0.0,정상,True
2020 10 30 17:30:34,0.0,정상,0.0,0.0,정상,True
2020 10 30 17:30:39,0.0,정상,0.0,0.0,정상,True
2020 10 30 17:30:44,0.0,정상,0.0,0.0,정상,True
2020 10 30 17:30:49,0.0,정상,0.0,0.0,정상,True
2020 10 30 17:30:54,0.0,정상,0.0,0.0,정상,True
2020 10 30 17:30:59,0.0,정상,0.0,0.0,정상,True
2020 10 30 17:31:04,0.0,정상,0.0,0.0,정상,True
2020 10 30 17:31:09,0.0,정상,0.0,0.0,정상,True
2020 10 30 17:31:14,0.0,정상,1.3253810470510272e-05,0.0,정상,True
2020 10 30 17:31:19,0.0,정상,1.3253810470510272e-05,0.0,정상,True
2020 10 30 17:31:24,0.0,정상,0.0,0.0,정상,True
2020 10 30 17:31:29,0.0,정상,0.0,0.0,정상,True
2020 10 30 17:31:34,0.0,정상,0.0,0.0,정상,True
2020 10 30 17:31:39,0.0,정상,0.0,0.0,정상,True
2020 10 30 17:31:44,0.0,정상,0.0,0.0,정상,True
2020 10 30 17:31:49,0.0,정상,0.0,0.0,정상,True
2020 10 30 17:31:54,0.0,정상,0.0,0.0,정상,True
2020 10 30 17:31:59,0.0,정상,0.0,0.0,정상,True
2020 10 30 17:32:04,0.0,정상,0.0,0.0,정상,True
2020 10 30 17:32:09,0.0,정상,1.3253810470510272e-05,0.0,정상,True
2020 10 30 17:32:14,0.0,정상,1.3253810470510272e-05,0.0,정상,True
2020 10 30 17:32:19,0.0,정상,0.0,0.0,정상,True
2020 10 30 17:32:24,0.0,정상,1.3253810470510272e-05,0.0,정상,True
2020 10 30 17:32:29,0.0,정상,0.0,0.0,정상,True
2020 10 30 17:32:34,0.0,정상,1.3253810470510272e-05,0.0,정상,True
2020 10 30 17:32:39,0.0,정상,0.0,0.0,정상,True
2020 10 30 17:32:44,0.0,정상,0.0,0.0,정상,True
2020 10 30 17:32:49,0.0,정상,1.3253810470510272e-05,0.0,정상,True
2020 10 30 17:32:54,0.0,정상,0.0,0.0,정상,True
2020 10 30 17:32:59,0.0,정상,0.0,0.0,정상,True
2020 10 30 17:33:04,0.0,정상,1.3253810470510272e-05,0.0,정상,True
2020 10 30 17:33:09,0.0,정상,0.0,0.0,정상,True
2020 10 30 17:33:14,0.0,정상,1.3253810470510272e-05,0.0,정상,True
2020 10 30 17:33:19,0.0,정상,1.3253810470510272e-05,0.0,정상,True
2020 10 30 17:33:24,0.0,정상,0.0,0.0,정상,True
2020 10 30 17:33:29,0.0,정상,1.3253810470510272e-05,0.0,정상,True
2020 10 30 17:33:34,0.0,정상,1.3253810470510272e-05,0.0,정상,True
2020 10 30 17:33:39,0.0,정상,1.3253810470510272e-05,0.0,정상,True
2020 10 30 17:33:44,0.0,정상,0.0,0.0,정상,True
2020 10 30 17:33:49,0.0,정상,0.0,0.0,정상,True
2020 10 30 17:33:54,0.0,정상,1.3253810470510272e-05,0.0,정상,True
2020 10 30 17:33:59,0.0,정상,1.3253810470510272e-05,0.0,정상,True
2020 10 30 17:34:04,0.0,정상,0.0,0.0,정상,True
2020 10 30 17:34:09,0.0,정상,1.3253810470510272e-05,0.0,정상,True
2020 10 30 17:34:14,0.0,정상,0.0,0.0,정상,True
2020 10 30 17:34:19,0.0,정상,1.3253810470510272e-05,0.0,정상,True
2020 10 30 17:34:24,0.0,정상,0.0,0.0,정상,True
2020 10 30 17:34:29,0.0,정상,0.0,0.0,정상,True
2020 10 30 17:34:34,0.0,정상,0.0,0.0,정상,True
2020 10 30 17:34:39,0.0,정상,0.0,0.0,정상,True
2020 10 30 17:34:44,0.0,정상,0.0,0.0,정상,True
2020 10 30 17:34:49,0.0,정상,0.0,0.0,정상,True
2020 10 30 17:34:54,0.0,정상,0.0,0.0,정상,True
2020 10 30 17:34:59,0.0,정상,0.0,0.0,정상,True
2020 10 30 17:35:04,0.0,정상,0.0,0.0,정상,True
2020 10 30 17:35:09,0.0,정상,0.0,0.0,정상,True
2020 10 30 17:35:14,0.0,정상,0.0,0.0,정상,True
2020 10 30 17:35:19,0.0,정상,0.0,0.0,정상,True
2020 10 30 17:35:24,0.0,정상,0.0,0.0,정상,True
2020 10 30 17:35:29,0.0,정상,1.3253810470510272e-05,0.0,정상,True
2020 10 30 17:35:34,0.0,정상,0.0,0.0,정상,True
2020 10 30 17:35:39,0.0,정상,0.0,0.0,정상,True
2020 10 30 17:35:44,0.0,정상,1.3253810470510272e-05,0.0,정상,True
2020 10 30 17:35:49,0.0,정상,0.0,0.0,정상,True
2020 10 30 17:35:54,0.0,정상,0.0,0.0,정상,True
2020 10 30 17:35:59,0.0,정상,1.3253810470510272e-05,0.0,정상,True
2020 10 30 17:36:04,0.0,정상,0.0,0.0,정상,True
2020 10 30 17:36:09,0.0,정상,1.3253810470510272e-05,0.0,정상,True
2020 10 30 17:36:14,0.0,정상,1.3253810470510272e-05,0.0,정상,True
2020 10 30 17:36:19,0.0,정상,1.3253810470510272e-05,0.0,정상,True
2020 10 30 17:36:24,0.0,정상,1.3253810470510272e-05,0.0,정상,True
2020 10 30 17:36:29,0.0,정상,1.3253810470510272e-05,0.0,정상,True
2020 10 30 17:36:34,0.0,정상,1.3253810470510272e-05,0.0,정상,True
2020 10 30 17:36:39,0.0,정상,1.3253810470510272e-05,0.0,정상,True
2020 10 30 17:36:44,0.0,정상,1.3253810470510272e-05,0.0,정상,True
2020 10 30 17:36:49,0.0,정상,1.3253810470510272e-05,0.0,정상,True
2020 10 30 17:36:54,0.0,정상,1.3253810470510272e-05,0.0,정상,True
2020 10 30 17:36:59,0.0,정상,1.3253810470510272e-05,0.0,정상,True
2020 10 30 17:37:04,0.0,정상,1.3253810470510272e-05,0.0,정상,True
2020 10 30 17:37:09,0.0,정상,1.3253810470510272e-05,0.0,정상,True
2020 10 30 17:37:14,0.0,정상,1.3253810470510272e-05,0.0,정상,True
2020 10 30 17:37:19,0.0,정상,1.3253810470510272e-05,0.0,정상,True
2020 10 30 17:37:24,0.0,정상,1.3253810470510272e-05,0.0,정상,True
2020 10 30 17:37:29,0.0,정상,1.3253810470510272e-05,0.0,정상,True
2020 10 30 17:37:34,0.0,정상,1.3253810470510272e-05,0.0,정상,True
2020 10 30 17:37:39,0.0,정상,1.3253810470510272e-05,0.0,정상,True
2020 10 30 17:37:44,0.0,정상,1.3253810470510272e-05,0.0,정상,True
2020 10 30 17:37:49,0.0,정상,1.3253810470510272e-05,0.0,정상,True
2020 10 30 17:37:54,0.0,정상,1.3253810470510272e-05,0.0,정상,True
2020 10 30 17:37:59,0.0,정상,0.0,0.0,정상,True
2020 10 30 17:38:04,0.0,정상,0.0,0.0,정상,True
2020 10 30 17:38:09,0.0,정상,1.3253810470510272e-05,0.0,정상,True
2020 10 30 17:38:14,0.0,정상,0.0,0.0,정상,True
2020 10 30 17:38:19,0.0,정상,1.3253810470510272e-05,0.0,정상,True
2020 10 30 17:38:24,0.0,정상,1.3253810470510272e-05,0.0,정상,True
2020 10 30 17:38:29,0.0,정상,1.3253810470510272e-05,0.0,정상,True
2020 10 30 17:38:34,0.0,정상,1.3253810470510272e-05,0.0,정상,True
2020 10 30 17:38:39,0.0,정상,0.0,0.0,정상,True
2020 10 30 17:38:44,0.0,정상,1.3253810470510272e-05,0.0,정상,True
2020 10 30 17:38:49,0.0,정상,1.3253810470510272e-05,0.0,정상,True
2020 10 30 17:38:54,0.0,정상,1.3253810470510272e-05,0.0,정상,True
2020 10 30 17:38:59,0.0,정상,1.3253810470510272e-05,0.0,정상,True
2020 10 30 17:39:04,0.0,정상,1.3253810470510272e-05,0.0,정상,True
2020 10 30 17:39:09,0.0,정상,0.0,0.0,정상,True
2020 10 30 17:39:14,0.0,정상,1.3253810470510272e-05,0.0,정상,True
2020 10 30 17:39:19,0.0,정상,0.0,0.0,정상,True
2020 10 30 17:39:24,0.0,정상,1.3253810470510272e-05,0.0,정상,True
2020 10 30 17:39:29,0.0,정상,1.3253810470510272e-05,0.0,정상,True
2020 10 30 17:39:34,0.0,정상,1.3253810470510272e-05,0.0,정상,True
2020 10 30 17:39:39,0.0,정상,1.3253810470510272e-05,0.0,정상,True
2020 10 30 17:39:44,0.0,정상,1.3253810470510272e-05,0.0,정상,True
2020 10 30 17:39:49,0.0,정상,1.3253810470510272e-05,0.0,정상,True
2020 10 30 17:39:54,0.0,정상,1.3253810470510272e-05,0.0,정상,True
2020 10 30 17:39:59,0.0,정상,1.3253810470510272e-05,0.0,정상,True
2020 10 30 17:40:04,0.0,정상,1.3253810470510272e-05,0.0,정상,True
2020 10 30 17:40:09,0.0,정상,1.3253810470510272e-05,0.0,정상,True
2020 10 30 17:40:14,0.0,정상,1.3253810470510272e-05,0.0,정상,True
2020 10 30 17:40:19,0.0,정상,1.3253810470510272e-05,0.0,정상,True
2020 10 30 17:40:24,0.0,정상,1.3253810470510272e-05,0.0,정상,True
2020 10 30 17:40:29,0.0,정상,1.3253810470510272e-05,0.0,정상,True
2020 10 30 17:40:34,0.0,정상,1.3253810470510272e-05,0.0,정상,True
2020 10 30 17:40:39,0.0,정상,1.3253810470510272e-05,0.0,정상,True
2020 10 30 17:40:44,0.0,정상,0.0,0.0,정상,True
2020 10 30 17:40:49,0.0,정상,1.3253810470510272e-05,0.0,정상,True
2020 10 30 17:40:54,0.0,정상,1.3253810470510272e-05,0.0,정상,True
2020 10 30 17:40:59,0.0,정상,1.3253810470510272e-05,0.0,정상,True
2020 10 30 17:41:04,0.0,정상,1.3253810470510272e-05,0.0,정상,True
2020 10 30 17:41:09,0.0,정상,1.3253810470510272e-05,0.0,정상,True
2020 10 30 17:41:14,0.0,정상,1.3253810470510272e-05,0.0,정상,True
2020 10 30 17:41:19,0.0,정상,0.0,0.0,정상,True
2020 10 30 17:41:24,0.0,정상,1.3253810470510272e-05,0.0,정상,True
2020 10 30 17:41:29,0.0,정상,1.3253810470510272e-05,0.0,정상,True
2020 10 30 17:41:34,0.0,정상,1.3253810470510272e-05,0.0,정상,True
2020 10 30 17:41:39,0.0,정상,0.0,0.0,정상,True
2020 10 30 17:41:44,0.0,정상,1.3253810470510272e-05,0.0,정상,True
2020 10 30 17:41:49,0.0,정상,0.0,0.0,정상,True
2020 10 30 17:41:54,0.0,정상,1.3253810470510272e-05,0.0,정상,True
2020 10 30 17:41:59,0.0,정상,1.3253810470510272e-05,0.0,정상,True
2020 10 30 17:42:04,0.0,정상,1.3253810470510272e-05,0.0,정상,True
2020 10 30 17:42:09,0.0,정상,1.3253810470510272e-05,0.0,정상,True
2020 10 30 17:42:14,0.0,정상,0.0,0.0,정상,True
2020 10 30 17:42:19,0.0,정상,1.3253810470510272e-05,0.0,정상,True
2020 10 30 17:42:24,0.0,정상,0.0,0.0,정상,True
2020 10 30 17:42:29,0.0,정상,1.3253810470510272e-05,0.0,정상,True
2020 10 30 17:42:34,0.0,정상,1.3253810470510272e-05,0.0,정상,True
2020 10 30 17:42:39,0.0,정상,0.0,0.0,정상,True
2020 10 30 17:42:44,0.0,정상,1.3253810470510272e-05,0.0,정상,True
2020 10 30 17:42:49,0.0,정상,1.3253810470510272e-05,0.0,정상,True
2020 10 30 17:42:54,0.0,정상,0.0,0.0,정상,True
2020 10 30 17:42:59,0.0,정상,1.3253810470510272e-05,0.0,정상,True
2020 10 30 17:43:04,0.0,정상,0.0,0.0,정상,True
2020 10 30 17:43:09,0.0,정상,1.3253810470510272e-05,0.0,정상,True
2020 10 30 17:43:14,0.0,정상,0.0,0.0,정상,True
2020 10 30 17:43:19,0.0,정상,1.3253810470510272e-05,0.0,정상,True
2020 10 30 17:43:24,0.0,정상,1.3253810470510272e-05,0.0,정상,True
2020 10 30 17:43:29,0.0,정상,1.3253810470510272e-05,0.0,정상,True
2020 10 30 17:43:34,0.0,정상,0.0,0.0,정상,True
2020 10 30 17:43:39,0.0,정상,1.3253810470510272e-05,0.0,정상,True
2020 10 30 17:43:44,0.0,정상,0.0,0.0,정상,True
2020 10 30 17:43:49,0.0,정상,0.0,0.0,정상,True
2020 10 30 17:43:54,0.0,정상,0.0,0.0,정상,True
2020 10 30 17:43:59,0.0,정상,0.0,0.0,정상,True
2020 10 30 17:44:04,0.0,정상,0.0,0.0,정상,True
2020 10 30 17:44:09,0.0,정상,0.0,0.0,정상,True
2020 10 30 17:44:14,0.0,정상,0.0,0.0,정상,True
2020 10 30 17:44:19,0.0,정상,0.0,0.0,정상,True
2020 10 30 17:44:24,0.0,정상,1.3253810470510272e-05,0.0,정상,True
2020 10 30 17:44:29,0.0,정상,0.0,0.0,정상,True
2020 10 30 17:44:34,0.0,정상,1.0799136069114471e-05,0.0,정상,True
2020 10 30 17:44:39,0.0,정상,0.0,0.0,정상,True
2020 10 30 17:44:44,0.0,정상,1.0799136069114471e-05,0.0,정상,True
2020 10 30 17:44:49,0.0,정상,0.0,0.0,정상,True
2020 10 30 17:44:54,0.0,정상,8.122167128038208e-05,0.0,정상,True
2020 10 30 17:44:59,0.0,정상,9.447548175089234e-05,0.0,정상,True
2020 10 30 17:45:04,0.0,정상,0.0,0.0,정상,True
2020 10 30 17:45:09,0.0,정상,0.0,0.0,정상,True
2020 10 30 17:45:14,0.0,정상,1.0799136069114471e-05,0.0,정상,True
2020 10 30 17:45:19,0.0,정상,0.0,0.0,정상,True
2020 10 30 17:45:24,0.0,정상,0.0,0.0,정상,True
2020 10 30 17:45:29,0.0,정상,0.00014170000536315415,0.0,정상,True
2020 10 30 17:45:34,0.0,정상,0.0002810694063393848,0.0,정상,True
2020 10 30 17:45:39,0.0,정상,0.00012844619489264388,0.0,정상,True
2020 10 30 17:45:44,0.0,정상,1.0799136069114471e-05,0.0,정상,True
2020 10 30 17:45:49,0.0,정상,1.0799136069114471e-05,0.0,정상,True
2020 10 30 17:45:54,0.0,정상,1.0799136069114471e-05,0.0,정상,True
2020 10 30 17:45:59,0.0,정상,1.0799136069114471e-05,0.0,정상,True
2020 10 30 17:46:04,0.0,정상,0.00018321292917256274,0.0,정상,True
2020 10 30 17:46:09,0.0,정상,0.00018321292917256274,0.0,정상,True
2020 10 30 17:46:14,0.0,정상,0.000955074001863511,0.0,정상,True
2020 10 30 17:46:19,0.0,정상,0.000955074001863511,0.0,정상,True
2020 10 30 17:46:24,0.0,정상,0.000955074001863511,0.0,정상,True
2020 10 30 17:46:29,0.0,정상,0.000955074001863511,0.0,정상,True
2020 10 30 17:46:34,0.0,정상,0.000955074001863511,0.0,정상,True
2020 10 30 17:46:39,0.0,정상,0.000955074001863511,0.0,정상,True
2020 10 30 17:46:44,0.0,정상,0.000955074001863511,0.0,정상,True
2020 10 30 17:46:49,0.0,정상,0.01122534427213378,0.0,정상,True
2020 10 30 17:46:54,0.0,정상,0.000955074001863511,0.0,정상,True
2020 10 30 17:46:59,0.0,정상,0.01122534427213378,0.0,정상,True
2020 10 30 17:47:04,0.0,정상,0.000955074001863511,0.0,정상,True
2020 10 30 17:47:09,0.0,정상,0.003063716266002345,0.0,정상,True
2020 10 30 17:47:14,0.0,정상,0.002163815542628666,0.0,정상,True
2020 10 30 17:47:19,0.0,정상,0.014526124814291844,0.0,정상,True
2020 10 30 17:47:24,0.0,정상,0.002163815542628666,0.0,정상,True
2020 10 30 17:47:29,0.0,정상,0.002163815542628666,0.0,정상,True
2020 10 30 17:47:34,0.0,정상,0.002163815542628666,0.0,정상,True
2020 10 30 17:47:39,0.0,정상,0.002163815542628666,0.0,정상,True
2020 10 30 17:47:44,0.0,정상,0.00178372824227252,0.0,정상,True
2020 10 30 17:47:49,0.0,정상,0.0025878398301423804,0.0,정상,True
2020 10 30 17:47:54,0.0,정상,0.00178372824227252,0.0,정상,True
2020 10 30 17:47:59,0.0,정상,0.0025878398301423804,0.0,정상,True
2020 10 30 17:48:04,0.0,정상,0.0034806680510598843,0.0,정상,True
2020 10 30 17:48:09,0.0,정상,0.0023011195082107906,0.0,정상,True
2020 10 30 17:48:14,0.0,정상,0.0014970079203409307,0.0,정상,True
2020 10 30 17:48:19,0.0,정상,0.003589046921733837,0.0,정상,True
2020 10 30 17:48:24,0.0,정상,0.0018392837978280757,0.0,정상,True
2020 10 30 17:48:29,0.0,정상,0.0025878398301423804,0.0,정상,True
2020 10 30 17:48:34,0.0,정상,0.00015490363550673666,0.0,정상,True
2020 10 30 17:48:39,0.0,정상,0.00015490363550673666,0.0,정상,True
2020 10 30 17:48:44,0.0,정상,7.48142048614272e-05,0.0,정상,True
2020 10 30 17:48:49,0.0,정상,7.48142048614272e-05,0.0,정상,True
2020 10 30 17:48:54,0.0,정상,4.1919468019321936e-05,0.0,정상,True
2020 10 30 17:48:59,0.0,정상,0.00018470431475153712,0.0,정상,True
2020 10 30 17:49:04,0.0,정상,0.00015180957790943183,0.0,정상,True
2020 10 30 17:49:09,0.0,정상,0.00015180957790943183,0.0,정상,True
2020 10 30 17:49:14,0.0,정상,0.0007172857683856224,0.0,정상,True
2020 10 30 17:49:19,0.0,정상,0.00015180957790943183,0.0,정상,True
2020 10 30 17:49:24,0.0,정상,0.00015180957790943183,0.0,정상,True
2020 10 30 17:49:29,0.0,정상,0.00015180957790943183,0.0,정상,True
2020 10 30 17:49:34,0.0,정상,0.00018470431475153712,0.0,정상,True
2020 10 30 17:49:39,0.0,정상,0.00018470431475153712,0.0,정상,True
2020 10 30 17:49:44,0.0,정상,0.00018470431475153712,0.0,정상,True
2020 10 30 17:49:49,0.0,정상,0.002415880940050229,0.0,정상,True
2020 10 30 17:49:54,0.0,정상,0.00043056544645403276,0.0,정상,True
2020 10 30 17:49:59,0.0,정상,0.0024291347505207396,0.0,정상,True
2020 10 30 17:50:04,0.0,정상,7.48142048614272e-05,0.0,정상,True
2020 10 30 17:50:09,0.0,정상,0.00018470431475153712,0.0,정상,True
2020 10 30 17:50:14,0.0,정상,8.806801533193746e-05,0.0,정상,True
2020 10 30 17:50:19,0.0,정상,0.00015180957790943183,0.0,정상,True
2020 10 30 17:50:24,0.0,정상,0.0017183195075743056,0.0,정상,True
2020 10 30 17:50:29,0.0,정상,0.0023569854299985006,0.0,정상,True
2020 10 30 17:50:34,0.0,정상,0.0006582280642647349,0.0,정상,True
2020 10 30 17:50:39,0.0,정상,0.0003206596671845561,0.0,정상,True
2020 10 30 17:50:44,0.0,정상,0.00018210389974563453,0.0,정상,True
2020 10 30 17:50:49,0.0,정상,0.0003206596671845561,0.0,정상,True
2020 10 30 17:50:54,0.0,정상,0.00018210389974563453,0.0,정상,True
2020 10 30 17:50:59,0.0,정상,0.00021076955729444616,0.0,정상,True
2020 10 30 17:51:04,0.0,정상,0.0006582280642647349,0.0,정상,True
2020 10 30 17:51:09,0.0,정상,0.00022402336776495643,0.0,정상,True
2020 10 30 17:51:14,0.0,정상,0.00019112863092285117,0.0,정상,True
2020 10 30 17:51:19,0.0,정상,0.00019112863092285117,0.0,정상,True
2020 10 30 17:51:24,0.0,정상,0.0003206596671845561,0.0,정상,True
2020 10 30 17:51:29,0.0,정상,0.0003206596671845561,0.0,정상,True
2020 10 30 17:51:34,0.0,정상,0.0006582280642647349,0.0,정상,True
2020 10 30 17:51:39,0.0,정상,0.0003206596671845561,0.0,정상,True
2020 10 30 17:51:44,0.0,정상,0.00022402336776495643,0.0,정상,True
2020 10 30 17:51:49,0.0,정상,0.00022402336776495643,0.0,정상,True
2020 10 30 17:51:54,0.0,정상,0.0001331348010505325,0.0,정상,True
2020 10 30 17:51:59,0.0,정상,0.0001331348010505325,0.0,정상,True
2020 10 30 17:52:04,0.0,정상,0.00022402336776495643,0.0,정상,True
2020 10 30 17:52:09,0.0,정상,0.00022402336776495643,0.0,정상,True
2020 10 30 17:52:14,0.0,정상,0.0006582280642647349,0.0,정상,True
2020 10 30 17:52:19,0.0,정상,0.00022402336776495643,0.0,정상,True
2020 10 30 17:52:24,0.0,정상,0.00022402336776495643,0.0,정상,True
2020 10 30 17:52:29,0.0,정상,0.00022402336776495643,0.0,정상,True
2020 10 30 17:52:34,0.0,정상,0.00022402336776495643,0.0,정상,True
2020 10 30 17:52:39,0.0,정상,0.0006582280642647349,0.0,정상,True
2020 10 30 17:52:44,0.0,정상,0.0001331348010505325,0.0,정상,True
2020 10 30 17:52:49,0.0,정상,0.0006582280642647349,0.0,정상,True
2020 10 30 17:52:54,0.0,정상,5.559868786454588e-05,0.0,정상,True
2020 10 30 17:52:59,0.0,정상,0.00022402336776495643,0.0,정상,True
2020 10 30 17:53:04,0.0,정상,5.559868786454588e-05,0.0,정상,True
2020 10 30 17:53:09,0.0,정상,5.559868786454588e-05,0.0,정상,True
2020 10 30 17:53:14,0.0,정상,5.559868786454588e-05,0.0,정상,True
2020 10 30 17:53:19,0.0,정상,5.559868786454588e-05,0.0,정상,True
2020 10 30 17:53:24,0.0,정상,1.3253810470510272e-05,0.0,정상,True
2020 10 30 17:53:29,0.0,정상,5.559868786454588e-05,0.0,정상,True
2020 10 30 17:53:34,0.0,정상,2.4052946539624742e-05,0.0,정상,True
2020 10 30 17:53:39,0.0,정상,1.0799136069114471e-05,0.0,정상,True
2020 10 30 17:53:44,0.0,정상,2.4052946539624742e-05,0.0,정상,True
2020 10 30 17:53:49,0.0,정상,1.0799136069114471e-05,0.0,정상,True
2020 10 30 17:53:54,0.0,정상,1.3253810470510272e-05,0.0,정상,True
2020 10 30 17:53:59,0.0,정상,0.0,0.0,정상,True
2020 10 30 17:54:04,0.0,정상,2.4052946539624742e-05,0.0,정상,True
2020 10 30 17:54:09,0.0,정상,1.0799136069114471e-05,0.0,정상,True
2020 10 30 17:54:14,0.0,정상,1.0799136069114471e-05,0.0,정상,True
2020 10 30 17:54:19,0.0,정상,0.0,0.0,정상,True
2020 10 30 17:54:24,0.0,정상,0.0,0.0,정상,True
2020 10 30 17:54:29,0.0,정상,1.0799136069114471e-05,0.0,정상,True
2020 10 30 17:54:34,0.0,정상,3.112033195020747e-05,0.0,정상,True
2020 10 30 17:54:39,0.0,정상,3.112033195020747e-05,0.0,정상,True
2020 10 30 17:54:44,0.0,정상,4.1919468019321936e-05,0.0,정상,True
2020 10 30 17:54:49,0.0,정상,4.1919468019321936e-05,0.0,정상,True
2020 10 30 17:54:54,0.0,정상,4.1919468019321936e-05,0.0,정상,True
2020 10 30 17:54:59,0.0,정상,3.112033195020747e-05,0.0,정상,True
2020 10 30 17:55:04,0.0,정상,4.1919468019321936e-05,0.0,정상,True
2020 10 30 17:55:09,0.0,정상,3.112033195020747e-05,0.0,정상,True
2020 10 30 17:55:14,0.0,정상,3.112033195020747e-05,0.0,정상,True
2020 10 30 17:55:19,0.0,정상,3.112033195020747e-05,0.0,정상,True
2020 10 30 17:55:24,0.0,정상,3.112033195020747e-05,0.0,정상,True
2020 10 30 17:55:29,0.0,정상,3.112033195020747e-05,0.0,정상,True
2020 10 30 17:55:34,0.0,정상,4.4374142420717735e-05,0.0,정상,True
2020 10 30 17:55:39,0.0,정상,3.112033195020747e-05,0.0,정상,True
2020 10 30 17:55:44,0.0,정상,3.112033195020747e-05,0.0,정상,True
2020 10 30 17:55:49,0.0,정상,4.4374142420717735e-05,0.0,정상,True
2020 10 30 17:55:54,0.0,정상,0.0009015169995635749,0.0,정상,True
2020 10 30 17:55:59,0.0,정상,3.112033195020747e-05,0.0,정상,True
2020 10 30 17:56:04,0.0,정상,0.0009015169995635749,0.0,정상,True
2020 10 30 17:56:09,0.0,정상,4.4374142420717735e-05,0.0,정상,True
2020 10 30 17:56:14,0.0,정상,0.00010024006420842723,0.0,정상,True
2020 10 30 17:56:19,0.0,정상,0.00011103920027754171,0.0,정상,True
2020 10 30 17:56:24,0.0,정상,0.00011103920027754171,0.0,정상,True
2020 10 30 17:56:29,0.0,정상,0.00011103920027754171,0.0,정상,True
2020 10 30 17:56:34,0.0,정상,9.778538980703143e-05,0.0,정상,True
2020 10 30 17:56:39,0.0,정상,9.778538980703143e-05,0.0,정상,True
2020 10 30 17:56:44,0.0,정상,9.778538980703143e-05,0.0,정상,True
2020 10 30 17:56:49,0.0,정상,9.778538980703143e-05,0.0,정상,True
2020 10 30 17:56:54,0.0,정상,0.00011103920027754171,0.0,정상,True
2020 10 30 17:56:59,0.0,정상,9.778538980703143e-05,0.0,정상,True
2020 10 30 17:57:04,0.0,정상,0.00011103920027754171,0.0,정상,True
2020 10 30 17:57:09,0.0,정상,0.00011103920027754171,0.0,정상,True
2020 10 30 17:57:14,0.0,정상,0.00011103920027754171,0.0,정상,True
2020 10 30 17:57:19,0.0,정상,0.0008679419932119717,0.0,정상,True
2020 10 30 17:57:24,0.0,정상,2.4052946539624742e-05,0.0,정상,True
2020 10 30 17:57:29,0.0,정상,9.778538980703143e-05,0.0,정상,True
2020 10 30 17:57:34,0.0,정상,9.778538980703143e-05,0.0,정상,True
2020 10 30 17:57:39,0.0,정상,0.00011103920027754171,0.0,정상,True
2020 10 30 17:57:44,0.0,정상,2.4052946539624742e-05,0.0,정상,True
2020 10 30 17:57:49,0.0,정상,2.4052946539624742e-05,0.0,정상,True
2020 10 30 17:57:54,0.0,정상,2.4052946539624742e-05,0.0,정상,True
2020 10 30 17:57:59,0.0,정상,1.0799136069114471e-05,0.0,정상,True
2020 10 30 17:58:04,0.0,정상,2.4052946539624742e-05,0.0,정상,True
2020 10 30 17:58:09,0.0,정상,2.4052946539624742e-05,0.0,정상,True
2020 10 30 17:58:14,0.0,정상,2.4052946539624742e-05,0.0,정상,True
2020 10 30 17:58:19,0.0,정상,2.4052946539624742e-05,0.0,정상,True
2020 10 30 17:58:24,0.0,정상,1.3253810470510272e-05,0.0,정상,True
2020 10 30 17:58:29,0.0,정상,0.00038119580368248186,0.0,정상,True
2020 10 30 17:58:34,0.0,정상,2.4052946539624742e-05,0.0,정상,True
2020 10 30 17:58:39,0.0,정상,9.447548175089234e-05,0.0,정상,True
2020 10 30 17:58:44,0.0,정상,9.447548175089234e-05,0.0,정상,True
2020 10 30 17:58:49,0.0,정상,0.000294323216809895,0.0,정상,True
2020 10 30 17:58:54,0.0,정상,9.447548175089234e-05,0.0,정상,True
2020 10 30 17:58:59,0.0,정상,1.3253810470510272e-05,0.0,정상,True
2020 10 30 17:59:04,0.0,정상,1.3253810470510272e-05,0.0,정상,True
2020 10 30 17:59:09,0.0,정상,2.4052946539624742e-05,0.0,정상,True
2020 10 30 17:59:14,0.0,정상,8.122167128038208e-05,0.0,정상,True
2020 10 30 17:59:19,0.0,정상,9.447548175089234e-05,0.0,정상,True
2020 10 30 17:59:24,0.0,정상,9.447548175089234e-05,0.0,정상,True
2020 10 30 17:59:29,0.0,정상,9.447548175089234e-05,0.0,정상,True
2020 10 30 17:59:34,0.0,정상,1.3253810470510272e-05,0.0,정상,True
2020 10 30 17:59:39,0.0,정상,1.3253810470510272e-05,0.0,정상,True
2020 10 30 17:59:44,0.0,정상,1.3253810470510272e-05,0.0,정상,True
2020 10 30 17:59:49,0.0,정상,0.0,0.0,정상,True
2020 10 30 17:59:54,0.0,정상,1.3253810470510272e-05,0.0,정상,True
2020 10 30 17:59:59,0.0,정상,1.3253810470510272e-05,0.0,정상,True
2020 10 30 18:00:04,0.0,정상,0.0,0.0,정상,True
2020 10 30 18:00:09,0.0,정상,1.3253810470510272e-05,0.0,정상,True
2020 10 30 18:00:14,0.0,정상,1.3253810470510272e-05,0.0,정상,True
2020 10 30 18:00:19,0.0,정상,0.0,0.0,정상,True
2020 10 30 18:00:24,0.0,정상,0.0,0.0,정상,True
2020 10 30 18:00:29,0.0,정상,1.3253810470510272e-05,0.0,정상,True
2020 10 30 18:00:34,0.0,정상,0.0,0.0,정상,True
2020 10 30 18:00:39,0.0,정상,0.0,0.0,정상,True
2020 10 30 18:00:44,0.0,정상,0.00028352408074078055,0.0,정상,True
2020 10 30 18:00:49,0.0,정상,0.00028352408074078055,0.0,정상,True
2020 10 30 18:00:54,0.0,정상,0.0,0.0,정상,True
2020 10 30 18:00:59,0.0,정상,1.3253810470510272e-05,0.0,정상,True
2020 10 30 18:01:04,0.0,정상,0.0,0.0,정상,True
2020 10 30 18:01:09,0.0,정상,8.698625373791697e-05,0.0,정상,True
2020 10 30 18:01:14,0.0,정상,0.00010024006420842723,0.0,정상,True
2020 10 30 18:01:19,0.0,정상,1.3253810470510272e-05,0.0,정상,True
2020 10 30 18:01:24,0.0,정상,1.3253810470510272e-05,0.0,정상,True
2020 10 30 18:01:29,0.0,정상,1.3253810470510272e-05,0.0,정상,True
2020 10 30 18:01:34,0.0,정상,1.3253810470510272e-05,0.0,정상,True
2020 10 30 18:01:39,0.0,정상,1.3253810470510272e-05,0.0,정상,True
2020 10 30 18:01:44,0.0,정상,1.3253810470510272e-05,0.0,정상,True
2020 10 30 18:01:49,0.0,정상,1.3253810470510272e-05,0.0,정상,True
2020 10 30 18:01:54,0.0,정상,0.00038119580368248186,0.0,정상,True
2020 10 30 18:01:59,0.0,정상,0.00038119580368248186,0.0,정상,True
2020 10 30 18:02:04,0.0,정상,0.00038119580368248186,0.0,정상,True
2020 10 30 18:02:09,0.0,정상,9.447548175089234e-05,0.0,정상,True
2020 10 30 18:02:14,0.0,정상,1.3253810470510272e-05,0.0,정상,True
2020 10 30 18:02:19,0.0,정상,9.447548175089234e-05,0.0,정상,True
2020 10 30 18:02:24,0.0,정상,1.3253810470510272e-05,0.0,정상,True
2020 10 30 18:02:29,0.0,정상,1.3253810470510272e-05,0.0,정상,True
2020 10 30 18:02:34,0.0,정상,1.3253810470510272e-05,0.0,정상,True
2020 10 30 18:02:39,0.0,정상,1.3253810470510272e-05,0.0,정상,True
2020 10 30 18:02:44,0.0,정상,1.3253810470510272e-05,0.0,정상,True
2020 10 30 18:02:49,0.0,정상,1.3253810470510272e-05,0.0,정상,True
2020 10 30 18:02:54,0.0,정상,1.3253810470510272e-05,0.0,정상,True
2020 10 30 18:02:59,0.0,정상,1.3253810470510272e-05,0.0,정상,True
2020 10 30 18:03:04,0.0,정상,1.3253810470510272e-05,0.0,정상,True
2020 10 30 18:03:09,0.0,정상,1.3253810470510272e-05,0.0,정상,True
2020 10 30 18:03:14,0.0,정상,1.3253810470510272e-05,0.0,정상,True
2020 10 30 18:03:19,0.0,정상,1.3253810470510272e-05,0.0,정상,True
2020 10 30 18:03:24,0.0,정상,1.3253810470510272e-05,0.0,정상,True
2020 10 30 18:03:29,0.0,정상,1.3253810470510272e-05,0.0,정상,True
2020 10 30 18:03:34,0.0,정상,1.3253810470510272e-05,0.0,정상,True
2020 10 30 18:03:39,0.0,정상,1.3253810470510272e-05,0.0,정상,True
2020 10 30 18:03:44,0.0,정상,1.3253810470510272e-05,0.0,정상,True
2020 10 30 18:03:49,0.0,정상,1.3253810470510272e-05,0.0,정상,True
2020 10 30 18:03:54,0.0,정상,1.3253810470510272e-05,0.0,정상,True
2020 10 30 18:03:59,0.0,정상,1.3253810470510272e-05,0.0,정상,True
2020 10 30 18:04:04,0.0,정상,1.3253810470510272e-05,0.0,정상,True
2020 10 30 18:04:09,0.0,정상,1.3253810470510272e-05,0.0,정상,True
2020 10 30 18:04:14,0.0,정상,1.3253810470510272e-05,0.0,정상,True
2020 10 30 18:04:19,0.0,정상,1.3253810470510272e-05,0.0,정상,True
2020 10 30 18:04:24,0.0,정상,1.3253810470510272e-05,0.0,정상,True
2020 10 30 18:04:29,0.0,정상,1.3253810470510272e-05,0.0,정상,True
2020 10 30 18:04:34,0.0,정상,1.3253810470510272e-05,0.0,정상,True
2020 10 30 18:04:39,0.0,정상,1.3253810470510272e-05,0.0,정상,True
2020 10 30 18:04:44,0.0,정상,1.3253810470510272e-05,0.0,정상,True
2020 10 30 18:04:49,0.0,정상,1.3253810470510272e-05,0.0,정상,True
2020 10 30 18:04:54,0.0,정상,1.3253810470510272e-05,0.0,정상,True
2020 10 30 18:04:59,0.0,정상,0.0,0.0,정상,True
2020 10 30 18:05:04,0.0,정상,0.0,0.0,정상,True
2020 10 30 18:05:09,0.0,정상,0.0,0.0,정상,True
2020 10 30 18:05:14,0.0,정상,1.3253810470510272e-05,0.0,정상,True
2020 10 30 18:05:19,0.0,정상,0.0,0.0,정상,True
2020 10 30 18:05:24,0.0,정상,0.0,0.0,정상,True
2020 10 30 18:05:29,0.0,정상,0.0,0.0,정상,True
2020 10 30 18:05:34,0.0,정상,0.0,0.0,정상,True
2020 10 30 18:05:39,0.0,정상,0.0,0.0,정상,True
2020 10 30 18:05:44,0.0,정상,0.0,0.0,정상,True
2020 10 30 18:05:49,0.0,정상,0.0,0.0,정상,True
2020 10 30 18:05:54,0.0,정상,0.0,0.0,정상,True
2020 10 30 18:05:59,0.0,정상,0.0,0.0,정상,True
2020 10 30 18:06:04,0.0,정상,0.0,0.0,정상,True
2020 10 30 18:06:09,0.0,정상,0.0,0.0,정상,True
2020 10 30 18:06:14,0.0,정상,0.0,0.0,정상,True
2020 10 30 18:06:19,0.0,정상,0.0,0.0,정상,True
2020 10 30 18:06:24,0.0,정상,0.0,0.0,정상,True
2020 10 30 18:06:29,0.0,정상,0.0,0.0,정상,True
2020 10 30 18:06:34,0.0,정상,0.0,0.0,정상,True
2020 10 30 18:06:39,0.0,정상,0.0,0.0,정상,True
2020 10 30 18:06:44,0.0,정상,0.0,0.0,정상,True
2020 10 30 18:06:49,0.0,정상,1.3253810470510272e-05,0.0,정상,True
2020 10 30 18:06:54,0.0,정상,0.0,0.0,정상,True
2020 10 30 18:06:59,0.0,정상,0.0,0.0,정상,True
2020 10 30 18:07:04,0.0,정상,1.3253810470510272e-05,0.0,정상,True
2020 10 30 18:07:09,0.0,정상,1.3253810470510272e-05,0.0,정상,True
2020 10 30 18:07:14,0.0,정상,1.3253810470510272e-05,0.0,정상,True
2020 10 30 18:07:19,0.0,정상,1.3253810470510272e-05,0.0,정상,True
2020 10 30 18:07:24,0.0,정상,1.3253810470510272e-05,0.0,정상,True
2020 10 30 18:07:29,0.0,정상,1.3253810470510272e-05,0.0,정상,True
2020 10 30 18:07:34,0.0,정상,0.00011857707509881423,0.0,정상,True
2020 10 30 18:07:39,0.0,정상,0.00023622413392234364,0.0,정상,True
2020 10 30 18:07:44,0.0,정상,0.00011857707509881423,0.0,정상,True
2020 10 30 18:07:49,0.0,정상,0.00011857707509881423,0.0,정상,True
2020 10 30 18:07:54,0.0,정상,0.0,0.0,정상,True
2020 10 30 18:07:59,0.0,정상,5.58659217877095e-05,0.0,정상,True
2020 10 30 18:08:04,0.0,정상,5.517327848983221e-05,0.0,정상,True
2020 10 30 18:08:09,0.0,정상,5.517327848983221e-05,0.0,정상,True
2020 10 30 18:08:14,0.0,정상,0.0003254435487601025,0.0,정상,True
2020 10 30 18:08:19,0.0,정상,0.00011103920027754171,0.0,정상,True
2020 10 30 18:08:24,0.0,정상,9.778538980703143e-05,0.0,정상,True
2020 10 30 18:08:29,0.0,정상,6.911973225821977e-05,0.0,정상,True
2020 10 30 18:08:34,0.0,정상,9.778538980703143e-05,0.0,정상,True
2020 10 30 18:08:39,0.0,정상,0.00011103920027754171,0.0,정상,True
2020 10 30 18:08:44,0.0,정상,0.00011103920027754171,0.0,정상,True
2020 10 30 18:08:49,0.0,정상,9.778538980703143e-05,0.0,정상,True
2020 10 30 18:08:54,0.0,정상,0.00011103920027754171,0.0,정상,True
2020 10 30 18:08:59,0.0,정상,0.00011103920027754171,0.0,정상,True
2020 10 30 18:09:04,0.0,정상,4.1919468019321936e-05,0.0,정상,True
2020 10 30 18:09:09,0.0,정상,9.778538980703143e-05,0.0,정상,True
2020 10 30 18:09:14,0.0,정상,9.778538980703143e-05,0.0,정상,True
2020 10 30 18:09:19,0.0,정상,9.778538980703143e-05,0.0,정상,True
2020 10 30 18:09:24,0.0,정상,0.0,0.0,정상,True
2020 10 30 18:09:29,0.0,정상,4.1919468019321936e-05,0.0,정상,True
2020 10 30 18:09:34,0.0,정상,1.3253810470510272e-05,0.0,정상,True
2020 10 30 18:09:39,0.0,정상,0.0,0.0,정상,True
2020 10 30 18:09:44,0.0,정상,0.0,0.0,정상,True
2020 10 30 18:09:49,0.0,정상,0.0,0.0,정상,True
2020 10 30 18:09:54,0.0,정상,0.0,0.0,정상,True
2020 10 30 18:09:59,0.0,정상,0.0,0.0,정상,True
2020 10 30 18:10:04,0.0,정상,0.0,0.0,정상,True
2020 10 30 18:10:09,0.0,정상,0.0,0.0,정상,True
2020 10 30 18:10:14,0.0,정상,0.0,0.0,정상,True
2020 10 30 18:10:19,0.0,정상,0.0,0.0,정상,True
2020 10 30 18:10:24,0.0,정상,0.0,0.0,정상,True
2020 10 30 18:10:29,0.0,정상,0.0,0.0,정상,True
2020 10 30 18:10:34,0.0,정상,0.0,0.0,정상,True
2020 10 30 18:10:39,0.0,정상,0.0,0.0,정상,True
2020 10 30 18:10:44,0.0,정상,1.0799136069114471e-05,0.0,정상,True
2020 10 30 18:10:49,0.0,정상,4.1919468019321936e-05,0.0,정상,True
2020 10 30 18:10:54,0.0,정상,4.1919468019321936e-05,0.0,정상,True
2020 10 30 18:10:59,0.0,정상,3.112033195020747e-05,0.0,정상,True
2020 10 30 18:11:04,0.0,정상,3.112033195020747e-05,0.0,정상,True
2020 10 30 18:11:09,0.0,정상,3.112033195020747e-05,0.0,정상,True
2020 10 30 18:11:14,0.0,정상,3.112033195020747e-05,0.0,정상,True
2020 10 30 18:11:19,0.0,정상,3.112033195020747e-05,0.0,정상,True
2020 10 30 18:11:24,0.0,정상,3.112033195020747e-05,0.0,정상,True
2020 10 30 18:11:29,0.0,정상,3.112033195020747e-05,0.0,정상,True
2020 10 30 18:11:34,0.0,정상,3.112033195020747e-05,0.0,정상,True
2020 10 30 18:11:39,0.0,정상,8.698625373791697e-05,0.0,정상,True
2020 10 30 18:11:44,0.0,정상,3.112033195020747e-05,0.0,정상,True
2020 10 30 18:11:49,0.0,정상,3.112033195020747e-05,0.0,정상,True
2020 10 30 18:11:54,0.0,정상,3.112033195020747e-05,0.0,정상,True
2020 10 30 18:11:59,0.0,정상,8.698625373791697e-05,0.0,정상,True
2020 10 30 18:12:04,0.0,정상,3.112033195020747e-05,0.0,정상,True
2020 10 30 18:12:09,0.0,정상,3.112033195020747e-05,0.0,정상,True
2020 10 30 18:12:14,0.0,정상,8.698625373791697e-05,0.0,정상,True
2020 10 30 18:12:19,0.0,정상,3.112033195020747e-05,0.0,정상,True
2020 10 30 18:12:24,0.0,정상,8.698625373791697e-05,0.0,정상,True
2020 10 30 18:12:29,0.0,정상,8.698625373791697e-05,0.0,정상,True
2020 10 30 18:12:34,0.0,정상,8.698625373791697e-05,0.0,정상,True
2020 10 30 18:12:39,0.0,정상,8.698625373791697e-05,0.0,정상,True
2020 10 30 18:12:44,0.0,정상,8.698625373791697e-05,0.0,정상,True
2020 10 30 18:12:49,0.0,정상,8.698625373791697e-05,0.0,정상,True
2020 10 30 18:12:54,0.0,정상,8.698625373791697e-05,0.0,정상,True
2020 10 30 18:12:59,0.0,정상,8.698625373791697e-05,0.0,정상,True
2020 10 30 18:13:04,0.0,정상,8.698625373791697e-05,0.0,정상,True
2020 10 30 18:13:09,0.0,정상,8.698625373791697e-05,0.0,정상,True
2020 10 30 18:13:14,0.0,정상,0.0017475810049326196,0.0,정상,True
2020 10 30 18:13:19,0.0,정상,0.0017475810049326196,0.0,정상,True
2020 10 30 18:13:24,0.0,정상,0.000317764633939778,0.0,정상,True
2020 10 30 18:13:29,0.0,정상,0.000317764633939778,0.0,정상,True
2020 10 30 18:13:34,0.0,정상,0.0010068402641918788,0.0,정상,True
2020 10 30 18:13:39,0.0,정상,0.000317764633939778,0.0,정상,True
2020 10 30 18:13:44,0.0,정상,0.000317764633939778,0.0,정상,True
2020 10 30 18:13:49,0.0,정상,3.112033195020747e-05,0.0,정상,True
2020 10 30 18:13:54,0.0,정상,3.112033195020747e-05,0.0,정상,True
2020 10 30 18:13:59,0.0,정상,0.0,0.0,정상,True
2020 10 30 18:14:04,0.0,정상,0.0,0.0,정상,True
2020 10 30 18:14:09,0.0,정상,1.0799136069114471e-05,0.0,정상,True
2020 10 30 18:14:14,0.0,정상,0.0,0.0,정상,True
2020 10 30 18:14:19,0.0,정상,1.0799136069114471e-05,0.0,정상,True
2020 10 30 18:14:24,0.0,정상,0.0,0.0,정상,True
2020 10 30 18:14:29,0.0,정상,0.0,0.0,정상,True
2020 10 30 18:14:34,0.0,정상,0.0,0.0,정상,True
2020 10 30 18:14:39,0.0,정상,0.0,0.0,정상,True
2020 10 30 18:14:44,0.0,정상,0.0,0.0,정상,True
2020 10 30 18:14:49,0.0,정상,0.0,0.0,정상,True
2020 10 30 18:14:54,0.0,정상,0.0,0.0,정상,True
2020 10 30 18:14:59,0.0,정상,0.0,0.0,정상,True
2020 10 30 18:15:04,0.0,정상,0.0,0.0,정상,True
2020 10 30 18:15:09,0.0,정상,0.0,0.0,정상,True
2020 10 30 18:15:14,0.0,정상,0.0,0.0,정상,True
2020 10 30 18:15:19,0.0,정상,0.0,0.0,정상,True
2020 10 30 18:15:24,0.0,정상,0.0,0.0,정상,True
2020 10 30 18:15:29,0.0,정상,0.0,0.0,정상,True
2020 10 30 18:15:34,0.0,정상,0.0,0.0,정상,True
2020 10 30 18:15:39,0.0,정상,0.0,0.0,정상,True
2020 10 30 18:15:44,0.0,정상,0.0,0.0,정상,True
2020 10 30 18:15:49,0.0,정상,0.0,0.0,정상,True
2020 10 30 18:15:54,0.0,정상,0.0,0.0,정상,True
2020 10 30 18:15:59,0.0,정상,0.0,0.0,정상,True
2020 10 30 18:16:04,0.0,정상,0.0,0.0,정상,True
2020 10 30 18:16:09,0.0,정상,0.0,0.0,정상,True
2020 10 30 18:16:14,0.0,정상,0.0,0.0,정상,True
2020 10 30 18:16:19,0.0,정상,0.0,0.0,정상,True
2020 10 30 18:16:24,0.0,정상,0.0,0.0,정상,True
2020 10 30 18:16:29,0.0,정상,0.0,0.0,정상,True
2020 10 30 18:16:34,0.0,정상,0.0,0.0,정상,True
2020 10 30 18:16:39,0.0,정상,0.0,0.0,정상,True
2020 10 30 18:16:44,0.0,정상,0.0,0.0,정상,True
2020 10 30 18:16:49,0.0,정상,0.0,0.0,정상,True
2020 10 30 18:16:54,0.0,정상,0.0,0.0,정상,True
2020 10 30 18:16:59,0.0,정상,7.042253521126761e-05,0.0,정상,True
2020 10 30 18:17:04,0.0,정상,0.0,0.0,정상,True
2020 10 30 18:17:09,0.0,정상,0.0,0.0,정상,True
2020 10 30 18:17:14,0.0,정상,0.0,0.0,정상,True
2020 10 30 18:17:19,0.0,정상,0.0,0.0,정상,True
2020 10 30 18:17:24,0.0,정상,0.0,0.0,정상,True
2020 10 30 18:17:29,0.0,정상,0.01,0.0,정상,True
2020 10 30 18:17:34,0.0,정상,0.0,0.0,정상,True
2020 10 30 18:17:39,0.0,정상,0.004090909090909091,0.0,정상,True
2020 10 30 18:17:44,0.0,정상,0.004090909090909091,0.0,정상,True
2020 10 30 18:17:49,0.0,정상,0.004090909090909091,0.0,정상,True
2020 10 30 18:17:54,0.0,정상,0.0,0.0,정상,True
2020 10 30 18:17:59,0.0,정상,0.0,0.0,정상,True
2020 10 30 18:18:04,0.0,정상,0.0,0.0,정상,True
2020 10 30 18:18:09,0.0,정상,0.0,0.0,정상,True
2020 10 30 18:18:14,0.0,정상,0.0,0.0,정상,True
2020 10 30 18:18:19,0.0,정상,1.0799136069114471e-05,0.0,정상,True
2020 10 30 18:18:24,0.0,정상,1.0799136069114471e-05,0.0,정상,True
2020 10 30 18:18:29,0.0,정상,1.0799136069114471e-05,0.0,정상,True
2020 10 30 18:18:34,0.0,정상,1.0799136069114471e-05,0.0,정상,True
2020 10 30 18:18:39,0.0,정상,1.0799136069114471e-05,0.0,정상,True
2020 10 30 18:18:44,0.0,정상,1.0799136069114471e-05,0.0,정상,True
2020 10 30 18:18:49,0.0,정상,1.0799136069114471e-05,0.0,정상,True
2020 10 30 18:18:54,0.0,정상,1.0799136069114471e-05,0.0,정상,True
2020 10 30 18:18:59,0.0,정상,1.0799136069114471e-05,0.0,정상,True
2020 10 30 18:19:04,0.0,정상,1.0799136069114471e-05,0.0,정상,True
2020 10 30 18:19:09,0.0,정상,1.0799136069114471e-05,0.0,정상,True
2020 10 30 18:19:14,0.0,정상,1.0799136069114471e-05,0.0,정상,True
2020 10 30 18:19:19,0.0,정상,1.0799136069114471e-05,0.0,정상,True
2020 10 30 18:19:24,0.0,정상,1.0799136069114471e-05,0.0,정상,True
2020 10 30 18:19:29,0.0,정상,0.00029744343805868497,0.0,정상,True
2020 10 30 18:19:34,0.0,정상,0.000986519068310786,0.0,정상,True
2020 10 30 18:19:39,0.0,정상,0.00029744343805868497,0.0,정상,True
2020 10 30 18:19:44,0.0,정상,0.00032856377000889245,0.0,정상,True
2020 10 30 18:19:49,0.0,정상,0.0001680672268907563,0.0,정상,True
2020 10 30 18:19:54,0.0,정상,0.0001680672268907563,0.0,정상,True
2020 10 30 18:19:59,0.0,정상,0.0001680672268907563,0.0,정상,True
2020 10 30 18:20:04,0.0,정상,0.0001680672268907563,0.0,정상,True
2020 10 30 18:20:09,0.0,정상,0.0001680672268907563,0.0,정상,True
2020 10 30 18:20:14,0.0,정상,0.0001680672268907563,0.0,정상,True
2020 10 30 18:20:19,0.0,정상,0.0001680672268907563,0.0,정상,True
2020 10 30 18:20:24,0.0,정상,0.00032856377000889245,0.0,정상,True
2020 10 30 18:20:29,0.0,정상,0.00032856377000889245,0.0,정상,True
2020 10 30 18:20:34,0.0,정상,0.00020998669491007822,0.0,정상,True
2020 10 30 18:20:39,0.0,정상,0.00020998669491007822,0.0,정상,True
2020 10 30 18:20:44,0.0,정상,0.0001680672268907563,0.0,정상,True
2020 10 30 18:20:49,0.0,정상,3.112033195020747e-05,0.0,정상,True
2020 10 30 18:20:54,0.0,정상,0.00014969740704902167,0.0,정상,True
2020 10 30 18:20:59,0.0,정상,3.112033195020747e-05,0.0,정상,True
2020 10 30 18:21:04,0.0,정상,0.00014969740704902167,0.0,정상,True
2020 10 30 18:21:09,0.0,정상,3.112033195020747e-05,0.0,정상,True
2020 10 30 18:21:14,0.0,정상,0.00014969740704902167,0.0,정상,True
2020 10 30 18:21:19,0.0,정상,3.112033195020747e-05,0.0,정상,True
2020 10 30 18:21:24,0.0,정상,3.112033195020747e-05,0.0,정상,True
2020 10 30 18:21:29,0.0,정상,3.112033195020747e-05,0.0,정상,True
2020 10 30 18:21:34,0.0,정상,3.112033195020747e-05,0.0,정상,True
2020 10 30 18:21:39,0.0,정상,3.112033195020747e-05,0.0,정상,True
2020 10 30 18:21:44,0.0,정상,3.112033195020747e-05,0.0,정상,True
2020 10 30 18:21:49,0.0,정상,3.112033195020747e-05,0.0,정상,True
2020 10 30 18:21:54,0.0,정상,3.112033195020747e-05,0.0,정상,True
2020 10 30 18:21:59,0.0,정상,3.112033195020747e-05,0.0,정상,True
2020 10 30 18:22:04,0.0,정상,3.112033195020747e-05,0.0,정상,True
2020 10 30 18:22:09,0.0,정상,3.112033195020747e-05,0.0,정상,True
2020 10 30 18:22:14,0.0,정상,0.00021543244863056084,0.0,정상,True
2020 10 30 18:22:19,0.0,정상,8.698625373791697e-05,0.0,정상,True
2020 10 30 18:22:24,0.0,정상,8.698625373791697e-05,0.0,정상,True
2020 10 30 18:22:29,0.0,정상,3.112033195020747e-05,0.0,정상,True
2020 10 30 18:22:34,0.0,정상,9.778538980703143e-05,0.0,정상,True
2020 10 30 18:22:39,0.0,정상,9.778538980703143e-05,0.0,정상,True
2020 10 30 18:22:44,0.0,정상,9.778538980703143e-05,0.0,정상,True
2020 10 30 18:22:49,0.0,정상,9.778538980703143e-05,0.0,정상,True
2020 10 30 18:22:54,0.0,정상,3.112033195020747e-05,0.0,정상,True
2020 10 30 18:22:59,0.0,정상,4.1919468019321936e-05,0.0,정상,True
2020 10 30 18:23:04,0.0,정상,0.00011234200323058955,0.0,정상,True
2020 10 30 18:23:09,0.0,정상,0.00016820792501829904,0.0,정상,True
2020 10 30 18:23:14,0.0,정상,0.00016820792501829904,0.0,정상,True
2020 10 30 18:23:19,0.0,정상,0.00016820792501829904,0.0,정상,True
2020 10 30 18:23:24,0.0,정상,9.778538980703143e-05,0.0,정상,True
2020 10 30 18:23:29,0.0,정상,0.00016820792501829904,0.0,정상,True
2020 10 30 18:23:34,0.0,정상,0.00016820792501829904,0.0,정상,True
2020 10 30 18:23:39,0.0,정상,0.00016820792501829904,0.0,정상,True
2020 10 30 18:23:44,0.0,정상,0.00018146173548880932,0.0,정상,True
2020 10 30 18:23:49,0.0,정상,0.00016820792501829904,0.0,정상,True
2020 10 30 18:23:54,0.0,정상,0.00016820792501829904,0.0,정상,True
2020 10 30 18:23:59,0.0,정상,0.00016820792501829904,0.0,정상,True
2020 10 30 18:24:04,0.0,정상,9.778538980703143e-05,0.0,정상,True
2020 10 30 18:24:09,0.0,정상,9.778538980703143e-05,0.0,정상,True
2020 10 30 18:24:14,0.0,정상,0.00011103920027754171,0.0,정상,True
2020 10 30 18:24:19,0.0,정상,9.778538980703143e-05,0.0,정상,True
2020 10 30 18:24:24,0.0,정상,0.00018146173548880932,0.0,정상,True
2020 10 30 18:24:29,0.0,정상,0.00018146173548880932,0.0,정상,True
2020 10 30 18:24:34,0.0,정상,9.778538980703143e-05,0.0,정상,True
2020 10 30 18:24:39,0.0,정상,0.00011103920027754171,0.0,정상,True
2020 10 30 18:24:44,0.0,정상,0.000381309470547812,0.0,정상,True
2020 10 30 18:24:49,0.0,정상,5.517327848983221e-05,0.0,정상,True
2020 10 30 18:24:54,0.0,정상,2.4052946539624742e-05,0.0,정상,True
2020 10 30 18:24:59,0.0,정상,2.4052946539624742e-05,0.0,정상,True
2020 10 30 18:25:04,0.0,정상,0.000294323216809895,0.0,정상,True
2020 10 30 18:25:09,0.0,정상,2.4052946539624742e-05,0.0,정상,True
2020 10 30 18:25:14,0.0,정상,2.4052946539624742e-05,0.0,정상,True
2020 10 30 18:25:19,0.0,정상,2.4052946539624742e-05,0.0,정상,True
2020 10 30 18:25:24,0.0,정상,2.4052946539624742e-05,0.0,정상,True
2020 10 30 18:25:29,0.0,정상,2.4052946539624742e-05,0.0,정상,True
2020 10 30 18:25:34,0.0,정상,2.4052946539624742e-05,0.0,정상,True
2020 10 30 18:25:39,0.0,정상,2.4052946539624742e-05,0.0,정상,True
2020 10 30 18:25:44,0.0,정상,0.000294323216809895,0.0,정상,True
2020 10 30 18:25:49,0.0,정상,2.4052946539624742e-05,0.0,정상,True
2020 10 30 18:25:54,0.0,정상,5.517327848983221e-05,0.0,정상,True
2020 10 30 18:25:59,0.0,정상,5.517327848983221e-05,0.0,정상,True
2020 10 30 18:26:04,0.0,정상,5.517327848983221e-05,0.0,정상,True
2020 10 30 18:26:09,0.0,정상,4.4374142420717735e-05,0.0,정상,True
2020 10 30 18:26:14,0.0,정상,4.4374142420717735e-05,0.0,정상,True
2020 10 30 18:26:19,0.0,정상,5.517327848983221e-05,0.0,정상,True
2020 10 30 18:26:24,0.0,정상,5.517327848983221e-05,0.0,정상,True
2020 10 30 18:26:29,0.0,정상,4.4374142420717735e-05,0.0,정상,True
2020 10 30 18:26:34,0.0,정상,4.4374142420717735e-05,0.0,정상,True
2020 10 30 18:26:39,0.0,정상,0.00031464441269098804,0.0,정상,True
2020 10 30 18:26:44,0.0,정상,4.4374142420717735e-05,0.0,정상,True
2020 10 30 18:26:49,0.0,정상,1.3253810470510272e-05,0.0,정상,True
2020 10 30 18:26:54,0.0,정상,1.3253810470510272e-05,0.0,정상,True
2020 10 30 18:26:59,0.0,정상,1.3253810470510272e-05,0.0,정상,True
2020 10 30 18:27:04,0.0,정상,1.3253810470510272e-05,0.0,정상,True
2020 10 30 18:27:09,0.0,정상,1.3253810470510272e-05,0.0,정상,True
2020 10 30 18:27:14,0.0,정상,1.3253810470510272e-05,0.0,정상,True
2020 10 30 18:27:19,0.0,정상,1.3253810470510272e-05,0.0,정상,True
2020 10 30 18:27:24,0.0,정상,1.3253810470510272e-05,0.0,정상,True
2020 10 30 18:27:29,0.0,정상,1.3253810470510272e-05,0.0,정상,True
2020 10 30 18:27:34,0.0,정상,1.3253810470510272e-05,0.0,정상,True
2020 10 30 18:27:39,0.0,정상,0.00028352408074078055,0.0,정상,True
2020 10 30 18:27:44,0.0,정상,1.3253810470510272e-05,0.0,정상,True
2020 10 30 18:27:49,0.0,정상,1.3253810470510272e-05,0.0,정상,True
2020 10 30 18:27:54,0.0,정상,1.3253810470510272e-05,0.0,정상,True
2020 10 30 18:27:59,0.0,정상,0.0,0.0,정상,True
2020 10 30 18:28:04,0.0,정상,1.3253810470510272e-05,0.0,정상,True
2020 10 30 18:28:09,0.0,정상,0.0,0.0,정상,True
2020 10 30 18:28:14,0.0,정상,0.0,0.0,정상,True
2020 10 30 18:28:19,0.0,정상,0.00028352408074078055,0.0,정상,True
2020 10 30 18:28:24,0.0,정상,0.0,0.0,정상,True
2020 10 30 18:28:29,0.0,정상,0.0,0.0,정상,True
2020 10 30 18:28:34,0.0,정상,1.3253810470510272e-05,0.0,정상,True
2020 10 30 18:28:39,0.0,정상,0.0,0.0,정상,True
2020 10 30 18:28:44,0.0,정상,1.3253810470510272e-05,0.0,정상,True
2020 10 30 18:28:49,0.0,정상,1.3253810470510272e-05,0.0,정상,True
2020 10 30 18:28:54,0.0,정상,1.3253810470510272e-05,0.0,정상,True
2020 10 30 18:28:59,0.0,정상,0.00038119580368248186,0.0,정상,True
2020 10 30 18:29:04,0.0,정상,2.4052946539624742e-05,0.0,정상,True
2020 10 30 18:29:09,0.0,정상,2.4052946539624742e-05,0.0,정상,True
2020 10 30 18:29:14,0.0,정상,1.0799136069114471e-05,0.0,정상,True
2020 10 30 18:29:19,0.0,정상,1.0799136069114471e-05,0.0,정상,True
2020 10 30 18:29:24,0.0,정상,1.0799136069114471e-05,0.0,정상,True
2020 10 30 18:29:29,0.0,정상,1.0799136069114471e-05,0.0,정상,True
2020 10 30 18:29:34,0.0,정상,1.0799136069114471e-05,0.0,정상,True
2020 10 30 18:29:39,0.0,정상,1.0799136069114471e-05,0.0,정상,True
2020 10 30 18:29:44,0.0,정상,1.0799136069114471e-05,0.0,정상,True
2020 10 30 18:29:49,0.0,정상,0.0,0.0,정상,True
2020 10 30 18:29:54,0.0,정상,0.0,0.0,정상,True
2020 10 30 18:29:59,0.0,정상,0.0011274131274131274,0.0,정상,True
2020 10 30 18:30:04,0.0,정상,0.0,0.0,정상,True
2020 10 30 18:30:09,0.0,정상,0.0,0.0,정상,True
2020 10 30 18:30:14,0.0,정상,0.0,0.0,정상,True
2020 10 30 18:30:19,0.0,정상,0.0,0.0,정상,True
2020 10 30 18:30:24,0.0,정상,0.00011103920027754171,0.0,정상,True
2020 10 30 18:30:29,0.0,정상,0.00011103920027754171,0.0,정상,True
2020 10 30 18:30:34,0.0,정상,0.0007384523276906692,0.0,정상,True
2020 10 30 18:30:39,0.0,정상,0.0004681820574203988,0.0,정상,True
2020 10 30 18:30:44,0.0,정상,0.00011103920027754171,0.0,정상,True
2020 10 30 18:30:49,0.0,정상,0.00011103920027754171,0.0,정상,True
2020 10 30 18:30:54,0.0,정상,0.00010024006420842723,0.0,정상,True
2020 10 30 18:30:59,0.0,정상,0.00010024006420842723,0.0,정상,True
2020 10 30 18:31:04,0.0,정상,0.0014045878902953837,0.0,정상,True
2020 10 30 18:31:09,0.0,정상,0.00010024006420842723,0.0,정상,True
2020 10 30 18:31:14,0.0,정상,0.00010024006420842723,0.0,정상,True
2020 10 30 18:31:19,0.0,정상,0.00010024006420842723,0.0,정상,True
2020 10 30 18:31:24,0.0,정상,0.00010024006420842723,0.0,정상,True
2020 10 30 18:31:29,0.0,정상,0.001132325911783216,0.0,정상,True
2020 10 30 18:31:34,0.0,정상,0.0010764599899955065,0.0,정상,True
2020 10 30 18:31:39,0.0,정상,0.001132325911783216,0.0,정상,True
2020 10 30 18:31:44,0.0,정상,0.0015665306082829943,0.0,정상,True
2020 10 30 18:31:49,0.0,정상,0.0010764599899955065,0.0,정상,True
2020 10 30 18:31:54,0.0,정상,0.0012403944162250147,0.0,정상,True
2020 10 30 18:31:59,0.0,정상,4.4374142420717735e-05,0.0,정상,True
2020 10 30 18:32:04,0.0,정상,4.4374142420717735e-05,0.0,정상,True
2020 10 30 18:32:09,0.0,정상,4.4374142420717735e-05,0.0,정상,True
2020 10 30 18:32:14,0.0,정상,3.112033195020747e-05,0.0,정상,True
2020 10 30 18:32:19,0.0,정상,4.4374142420717735e-05,0.0,정상,True
2020 10 30 18:32:24,0.0,정상,4.4374142420717735e-05,0.0,정상,True
2020 10 30 18:32:29,0.0,정상,4.4374142420717735e-05,0.0,정상,True
2020 10 30 18:32:34,0.0,정상,3.112033195020747e-05,0.0,정상,True
2020 10 30 18:32:39,0.0,정상,0.0,0.0,정상,True
2020 10 30 18:32:44,0.0,정상,0.0,0.0,정상,True
2020 10 30 18:32:49,0.0,정상,0.0,0.0,정상,True
2020 10 30 18:32:54,0.0,정상,9.447548175089234e-05,0.0,정상,True
2020 10 30 18:32:59,0.0,정상,8.122167128038208e-05,0.0,정상,True
2020 10 30 18:33:04,0.0,정상,2.4052946539624742e-05,0.0,정상,True
2020 10 30 18:33:09,0.0,정상,1.0799136069114471e-05,0.0,정상,True
2020 10 30 18:33:14,0.0,정상,1.0799136069114471e-05,0.0,정상,True
2020 10 30 18:33:19,0.0,정상,8.122167128038208e-05,0.0,정상,True
2020 10 30 18:33:24,0.0,정상,8.122167128038208e-05,0.0,정상,True
2020 10 30 18:33:29,0.0,정상,8.122167128038208e-05,0.0,정상,True
2020 10 30 18:33:34,0.0,정상,8.122167128038208e-05,0.0,정상,True
2020 10 30 18:33:39,0.0,정상,1.0799136069114471e-05,0.0,정상,True
2020 10 30 18:33:44,0.0,정상,8.122167128038208e-05,0.0,정상,True
2020 10 30 18:33:49,0.0,정상,8.122167128038208e-05,0.0,정상,True
2020 10 30 18:33:54,0.0,정상,1.0799136069114471e-05,0.0,정상,True
2020 10 30 18:33:59,0.0,정상,0.004090909090909091,0.0,정상,True
2020 10 30 18:34:04,0.0,정상,0.004090909090909091,0.0,정상,True
2020 10 30 18:34:09,0.0,정상,0.004090909090909091,0.0,정상,True
2020 10 30 18:34:14,0.0,정상,0.004090909090909091,0.0,정상,True
2020 10 30 18:34:19,0.0,정상,0.004090909090909091,0.0,정상,True
2020 10 30 18:34:24,0.0,정상,0.004090909090909091,0.0,정상,True
2020 10 30 18:34:29,0.0,정상,0.004090909090909091,0.0,정상,True
2020 10 30 18:34:34,0.0,정상,0.004090909090909091,0.0,정상,True
2020 10 30 18:34:39,0.0,정상,0.004090909090909091,0.0,정상,True
2020 10 30 18:34:44,0.0,정상,0.004090909090909091,0.0,정상,True
2020 10 30 18:34:49,0.0,정상,0.004090909090909091,0.0,정상,True
2020 10 30 18:34:54,0.0,정상,0.004090909090909091,0.0,정상,True
2020 10 30 18:34:59,0.0,정상,0.004090909090909091,0.0,정상,True
2020 10 30 18:35:04,0.0,정상,0.004090909090909091,0.0,정상,True
2020 10 30 18:35:09,0.0,정상,0.004090909090909091,0.0,정상,True
2020 10 30 18:35:14,0.0,정상,0.004090909090909091,0.0,정상,True
2020 10 30 18:35:19,0.0,정상,0.004090909090909091,0.0,정상,True
2020 10 30 18:35:24,0.0,정상,0.004090909090909091,0.0,정상,True
2020 10 30 18:35:29,0.0,정상,0.004090909090909091,0.0,정상,True
2020 10 30 18:35:34,0.0,정상,0.004090909090909091,0.0,정상,True
2020 10 30 18:35:39,0.0,정상,0.0,0.0,정상,True
2020 10 30 18:35:44,0.0,정상,0.0,0.0,정상,True
2020 10 30 18:35:49,0.0,정상,0.0,0.0,정상,True
2020 10 30 18:35:54,0.0,정상,0.0,0.0,정상,True
2020 10 30 18:35:59,0.0,정상,0.0,0.0,정상,True
2020 10 30 18:36:04,0.0,정상,0.0,0.0,정상,True
2020 10 30 18:36:09,0.0,정상,0.0,0.0,정상,True
2020 10 30 18:36:14,0.0,정상,0.0,0.0,정상,True
2020 10 30 18:36:19,0.0,정상,0.0,0.0,정상,True
2020 10 30 18:36:24,0.0,정상,0.0,0.0,정상,True
2020 10 30 18:36:29,0.0,정상,0.0008571428571428571,0.0,정상,True
2020 10 30 18:36:34,0.0,정상,0.0008571428571428571,0.0,정상,True
2020 10 30 18:36:39,0.0,정상,0.0,0.0,정상,True
2020 10 30 18:36:44,0.0,정상,0.0,0.0,정상,True
2020 10 30 18:36:49,0.0,정상,0.0,0.0,정상,True
2020 10 30 18:36:54,0.0,정상,0.0,0.0,정상,True
2020 10 30 18:36:59,0.0,정상,0.0008571428571428571,0.0,정상,True
2020 10 30 18:37:04,0.0,정상,0.0,0.0,정상,True
2020 10 30 18:37:09,0.0,정상,0.0,0.0,정상,True
2020 10 30 18:37:14,0.0,정상,0.0,0.0,정상,True
2020 10 30 18:37:19,0.0,정상,0.0008571428571428571,0.0,정상,True
2020 10 30 18:37:24,0.0,정상,0.0,0.0,정상,True
2020 10 30 18:37:29,0.0,정상,0.0,0.0,정상,True
2020 10 30 18:37:34,0.0,정상,0.0,0.0,정상,True
2020 10 30 18:37:39,0.0,정상,0.0001680672268907563,0.0,정상,True
2020 10 30 18:37:44,0.0,정상,0.0001680672268907563,0.0,정상,True
2020 10 30 18:37:49,0.0,정상,0.0003404810199942046,0.0,정상,True
2020 10 30 18:37:54,0.0,정상,0.0008571428571428571,0.0,정상,True
2020 10 30 18:37:59,0.0,정상,0.0010295566502463054,0.0,정상,True
2020 10 30 18:38:04,0.0,정상,0.0001680672268907563,0.0,정상,True
2020 10 30 18:38:09,0.0,정상,0.0001680672268907563,0.0,정상,True
2020 10 30 18:38:14,0.0,정상,0.0001680672268907563,0.0,정상,True
2020 10 30 18:38:19,0.0,정상,0.0001680672268907563,0.0,정상,True
2020 10 30 18:38:24,0.0,정상,0.0008571428571428571,0.0,정상,True
2020 10 30 18:38:29,0.0,정상,0.0008571428571428571,0.0,정상,True
2020 10 30 18:38:34,0.0,정상,0.0001680672268907563,0.0,정상,True
2020 10 30 18:38:39,0.0,정상,0.0008571428571428571,0.0,정상,True
2020 10 30 18:38:44,0.0,정상,0.0001680672268907563,0.0,정상,True
2020 10 30 18:38:49,0.0,정상,0.0001680672268907563,0.0,정상,True
2020 10 30 18:38:54,0.0,정상,0.0001680672268907563,0.0,정상,True
2020 10 30 18:38:59,0.0,정상,0.0001680672268907563,0.0,정상,True
2020 10 30 18:39:04,0.0,정상,0.0001680672268907563,0.0,정상,True
2020 10 30 18:39:09,0.0,정상,0.0001680672268907563,0.0,정상,True
2020 10 30 18:39:14,0.0,정상,0.0008571428571428571,0.0,정상,True
2020 10 30 18:39:19,0.0,정상,0.0001680672268907563,0.0,정상,True
2020 10 30 18:39:24,0.0,정상,0.0008571428571428571,0.0,정상,True
2020 10 30 18:39:29,0.0,정상,0.0001680672268907563,0.0,정상,True
2020 10 30 18:39:34,0.0,정상,0.0001680672268907563,0.0,정상,True
2020 10 30 18:39:39,0.0,정상,0.0008571428571428571,0.0,정상,True
2020 10 30 18:39:44,0.0,정상,0.0001680672268907563,0.0,정상,True
2020 10 30 18:39:49,0.0,정상,0.0,0.0,정상,True
2020 10 30 18:39:54,0.0,정상,0.0,0.0,정상,True
2020 10 30 18:39:59,0.0,정상,0.0,0.0,정상,True
2020 10 30 18:40:04,0.0,정상,0.0,0.0,정상,True
2020 10 30 18:40:09,0.0,정상,0.0,0.0,정상,True
2020 10 30 18:40:14,0.0,정상,0.0,0.0,정상,True
2020 10 30 18:40:19,0.0,정상,0.0,0.0,정상,True
2020 10 30 18:40:24,0.0,정상,0.0,0.0,정상,True
2020 10 30 18:40:29,0.0,정상,0.0,0.0,정상,True
2020 10 30 18:40:34,0.0,정상,5.58659217877095e-05,0.0,정상,True
2020 10 30 18:40:39,0.0,정상,0.0,0.0,정상,True
2020 10 30 18:40:44,0.0,정상,5.58659217877095e-05,0.0,정상,True
2020 10 30 18:40:49,0.0,정상,0.0,0.0,정상,True
2020 10 30 18:40:54,0.0,정상,5.58659217877095e-05,0.0,정상,True
2020 10 30 18:40:59,0.0,정상,5.58659217877095e-05,0.0,정상,True
2020 10 30 18:41:04,0.0,정상,0.0,0.0,정상,True
2020 10 30 18:41:09,0.0,정상,5.58659217877095e-05,0.0,정상,True
2020 10 30 18:41:14,0.0,정상,8.698625373791697e-05,0.0,정상,True
2020 10 30 18:41:19,0.0,정상,8.698625373791697e-05,0.0,정상,True
2020 10 30 18:41:24,0.0,정상,0.00010024006420842723,0.0,정상,True
2020 10 30 18:41:29,0.0,정상,8.698625373791697e-05,0.0,정상,True
2020 10 30 18:41:34,0.0,정상,1.3253810470510272e-05,0.0,정상,True
2020 10 30 18:41:39,0.0,정상,0.00010024006420842723,0.0,정상,True
2020 10 30 18:41:44,0.0,정상,0.00010024006420842723,0.0,정상,True
2020 10 30 18:41:49,0.0,정상,0.00028352408074078055,0.0,정상,True
2020 10 30 18:41:54,0.0,정상,1.3253810470510272e-05,0.0,정상,True
2020 10 30 18:41:59,0.0,정상,1.3253810470510272e-05,0.0,정상,True
2020 10 30 18:42:04,0.0,정상,4.4374142420717735e-05,0.0,정상,True
2020 10 30 18:42:09,0.0,정상,4.4374142420717735e-05,0.0,정상,True
2020 10 30 18:42:14,0.0,정상,4.4374142420717735e-05,0.0,정상,True
2020 10 30 18:42:19,0.0,정상,4.4374142420717735e-05,0.0,정상,True
2020 10 30 18:42:24,0.0,정상,0.00010024006420842723,0.0,정상,True
2020 10 30 18:42:29,0.0,정상,4.4374142420717735e-05,0.0,정상,True
2020 10 30 18:42:34,0.0,정상,4.4374142420717735e-05,0.0,정상,True
2020 10 30 18:42:39,0.0,정상,4.4374142420717735e-05,0.0,정상,True
2020 10 30 18:42:44,0.0,정상,4.4374142420717735e-05,0.0,정상,True
2020 10 30 18:42:49,0.0,정상,4.4374142420717735e-05,0.0,정상,True
2020 10 30 18:42:54,0.0,정상,4.4374142420717735e-05,0.0,정상,True
2020 10 30 18:42:59,0.0,정상,4.4374142420717735e-05,0.0,정상,True
2020 10 30 18:43:04,0.0,정상,4.4374142420717735e-05,0.0,정상,True
2020 10 30 18:43:09,0.0,정상,0.0013487219685076742,0.0,정상,True
2020 10 30 18:43:14,0.0,정상,4.4374142420717735e-05,0.0,정상,True
2020 10 30 18:43:19,0.0,정상,4.4374142420717735e-05,0.0,정상,True
2020 10 30 18:43:24,0.0,정상,4.4374142420717735e-05,0.0,정상,True
2020 10 30 18:43:29,0.0,정상,4.4374142420717735e-05,0.0,정상,True
2020 10 30 18:43:34,0.0,정상,0.00010024006420842723,0.0,정상,True
2020 10 30 18:43:39,0.0,정상,0.0003991545057374698,0.0,정상,True
2020 10 30 18:43:44,0.0,정상,8.698625373791697e-05,0.0,정상,True
2020 10 30 18:43:49,0.0,정상,0.00010024006420842723,0.0,정상,True
2020 10 30 18:43:54,0.0,정상,0.00010024006420842723,0.0,정상,True
2020 10 30 18:43:59,0.0,정상,0.00010024006420842723,0.0,정상,True
2020 10 30 18:44:04,0.0,정상,0.00010024006420842723,0.0,정상,True
2020 10 30 18:44:09,0.0,정상,0.0003705103344786975,0.0,정상,True
2020 10 30 18:44:14,0.0,정상,0.0003705103344786975,0.0,정상,True
2020 10 30 18:44:19,0.0,정상,0.00010024006420842723,0.0,정상,True
2020 10 30 18:44:24,0.0,정상,0.00010024006420842723,0.0,정상,True
2020 10 30 18:44:29,0.0,정상,0.00010024006420842723,0.0,정상,True
2020 10 30 18:44:34,0.0,정상,1.3253810470510272e-05,0.0,정상,True
2020 10 30 18:44:39,0.0,정상,0.0,0.0,정상,True
2020 10 30 18:44:44,0.0,정상,1.3253810470510272e-05,0.0,정상,True
2020 10 30 18:44:49,0.0,정상,1.3253810470510272e-05,0.0,정상,True
2020 10 30 18:44:54,0.0,정상,1.3253810470510272e-05,0.0,정상,True
2020 10 30 18:44:59,0.0,정상,0.0029207404819289362,0.0,정상,True
2020 10 30 18:45:04,0.0,정상,1.3253810470510272e-05,0.0,정상,True
2020 10 30 18:45:09,0.0,정상,1.3253810470510272e-05,0.0,정상,True
2020 10 30 18:45:14,0.0,정상,1.3253810470510272e-05,0.0,정상,True
2020 10 30 18:45:19,0.0,정상,0.00028352408074078055,0.0,정상,True
2020 10 30 18:45:24,0.0,정상,1.3253810470510272e-05,0.0,정상,True
2020 10 30 18:45:29,0.0,정상,1.3253810470510272e-05,0.0,정상,True
2020 10 30 18:45:34,0.0,정상,1.3253810470510272e-05,0.0,정상,True
2020 10 30 18:45:39,0.0,정상,1.3253810470510272e-05,0.0,정상,True
2020 10 30 18:45:44,0.0,정상,1.3253810470510272e-05,0.0,정상,True
2020 10 30 18:45:49,0.0,정상,2.4052946539624742e-05,0.0,정상,True
2020 10 30 18:45:54,0.0,정상,1.3253810470510272e-05,0.0,정상,True
2020 10 30 18:45:59,0.0,정상,1.3253810470510272e-05,0.0,정상,True
2020 10 30 18:46:04,0.0,정상,1.0799136069114471e-05,0.0,정상,True
2020 10 30 18:46:09,0.0,정상,2.4052946539624742e-05,0.0,정상,True
2020 10 30 18:46:14,0.0,정상,1.0799136069114471e-05,0.0,정상,True
2020 10 30 18:46:19,0.0,정상,2.4052946539624742e-05,0.0,정상,True
2020 10 30 18:46:24,0.0,정상,1.0799136069114471e-05,0.0,정상,True
2020 10 30 18:46:29,0.0,정상,1.0799136069114471e-05,0.0,정상,True
2020 10 30 18:46:34,0.0,정상,1.0799136069114471e-05,0.0,정상,True
2020 10 30 18:46:39,0.0,정상,1.0799136069114471e-05,0.0,정상,True
2020 10 30 18:46:44,0.0,정상,1.0799136069114471e-05,0.0,정상,True
2020 10 30 18:46:49,0.0,정상,1.0799136069114471e-05,0.0,정상,True
2020 10 30 18:46:54,0.0,정상,1.0799136069114471e-05,0.0,정상,True
2020 10 30 18:46:59,0.0,정상,1.0799136069114471e-05,0.0,정상,True
2020 10 30 18:47:04,0.0,정상,1.0799136069114471e-05,0.0,정상,True
2020 10 30 18:47:09,0.0,정상,1.0799136069114471e-05,0.0,정상,True
2020 10 30 18:47:14,0.0,정상,1.0799136069114471e-05,0.0,정상,True
2020 10 30 18:47:19,0.0,정상,0.0033536553781497408,0.0,정상,True
2020 10 30 18:47:24,0.0,정상,0.00045492824694988855,0.0,정상,True
2020 10 30 18:47:29,0.0,정상,0.0009757545444689995,0.0,정상,True
2020 10 30 18:47:34,0.0,정상,0.0003196972457970997,0.0,정상,True
2020 10 30 18:47:39,0.0,정상,0.0009757545444689995,0.0,정상,True
2020 10 30 18:47:44,0.0,정상,0.0022801023705559557,0.0,정상,True
2020 10 30 18:47:49,0.0,정상,0.0009757545444689995,0.0,정상,True
2020 10 30 18:47:54,0.0,정상,0.0022801023705559557,0.0,정상,True
2020 10 30 18:47:59,0.0,정상,0.0003990623251621791,0.0,정상,True
2020 10 30 18:48:04,0.0,정상,0.0017034101512491356,0.0,정상,True
2020 10 30 18:48:09,0.0,정상,0.0004112564447596321,0.0,정상,True
2020 10 30 18:48:14,0.0,정상,0.0017156042708465886,0.0,정상,True
2020 10 30 18:48:19,0.0,정상,0.0004112564447596321,0.0,정상,True
2020 10 30 18:48:24,0.0,정상,0.001416689829317546,0.0,정상,True
2020 10 30 18:48:29,0.0,정상,0.00011234200323058955,0.0,정상,True
2020 10 30 18:48:34,0.0,정상,0.00011234200323058955,0.0,정상,True
2020 10 30 18:48:39,0.0,정상,0.00011234200323058955,0.0,정상,True
2020 10 30 18:48:44,0.0,정상,8.122167128038208e-05,0.0,정상,True
2020 10 30 18:48:49,0.0,정상,1.0799136069114471e-05,0.0,정상,True
2020 10 30 18:48:54,0.0,정상,1.0799136069114471e-05,0.0,정상,True
2020 10 30 18:48:59,0.0,정상,2.4052946539624742e-05,0.0,정상,True
2020 10 30 18:49:04,0.0,정상,1.0799136069114471e-05,0.0,정상,True
2020 10 30 18:49:09,0.0,정상,4.1919468019321936e-05,0.0,정상,True
2020 10 30 18:49:14,0.0,정상,0.001416689829317546,0.0,정상,True
2020 10 30 18:49:19,0.0,정상,5.517327848983221e-05,0.0,정상,True
2020 10 30 18:49:24,0.0,정상,5.517327848983221e-05,0.0,정상,True
2020 10 30 18:49:29,0.0,정상,4.1919468019321936e-05,0.0,정상,True
2020 10 30 18:49:34,0.0,정상,4.1919468019321936e-05,0.0,정상,True
2020 10 30 18:49:39,0.0,정상,5.517327848983221e-05,0.0,정상,True
2020 10 30 18:49:44,0.0,정상,1.0799136069114471e-05,0.0,정상,True
2020 10 30 18:49:49,0.0,정상,4.1919468019321936e-05,0.0,정상,True
2020 10 30 18:49:54,0.0,정상,5.517327848983221e-05,0.0,정상,True
2020 10 30 18:49:59,0.0,정상,4.1919468019321936e-05,0.0,정상,True
2020 10 30 18:50:04,0.0,정상,5.517327848983221e-05,0.0,정상,True
2020 10 30 18:50:09,0.0,정상,4.1919468019321936e-05,0.0,정상,True
2020 10 30 18:50:14,0.0,정상,4.1919468019321936e-05,0.0,정상,True
2020 10 30 18:50:19,0.0,정상,4.1919468019321936e-05,0.0,정상,True
2020 10 30 18:50:24,0.0,정상,4.1919468019321936e-05,0.0,정상,True
2020 10 30 18:50:29,0.0,정상,4.1919468019321936e-05,0.0,정상,True
2020 10 30 18:50:34,0.0,정상,4.1919468019321936e-05,0.0,정상,True
2020 10 30 18:50:39,0.0,정상,4.1919468019321936e-05,0.0,정상,True
2020 10 30 18:50:44,0.0,정상,4.1919468019321936e-05,0.0,정상,True
2020 10 30 18:50:49,0.0,정상,4.1919468019321936e-05,0.0,정상,True
2020 10 30 18:50:54,0.0,정상,5.517327848983221e-05,0.0,정상,True
2020 10 30 18:50:59,0.0,정상,4.1919468019321936e-05,0.0,정상,True
2020 10 30 18:51:04,0.0,정상,5.517327848983221e-05,0.0,정상,True
2020 10 30 18:51:09,0.0,정상,5.517327848983221e-05,0.0,정상,True
2020 10 30 18:51:14,0.0,정상,0.0,0.0,정상,True
2020 10 30 18:51:19,0.0,정상,0.0,0.0,정상,True
2020 10 30 18:51:24,0.0,정상,0.0,0.0,정상,True
2020 10 30 18:51:29,0.0,정상,0.0,0.0,정상,True
2020 10 30 18:51:34,0.0,정상,0.0,0.0,정상,True
2020 10 30 18:51:39,0.0,정상,0.0,0.0,정상,True
2020 10 30 18:51:44,0.0,정상,0.0,0.0,정상,True
2020 10 30 18:51:49,0.0,정상,0.0,0.0,정상,True
2020 10 30 18:51:54,0.0,정상,0.0,0.0,정상,True
2020 10 30 18:51:59,0.0,정상,4.1919468019321936e-05,0.0,정상,True
2020 10 30 18:52:04,0.0,정상,4.1919468019321936e-05,0.0,정상,True
2020 10 30 18:52:09,0.0,정상,4.1919468019321936e-05,0.0,정상,True
2020 10 30 18:52:14,0.0,정상,1.0799136069114471e-05,0.0,정상,True
2020 10 30 18:52:19,0.0,정상,1.0799136069114471e-05,0.0,정상,True
2020 10 30 18:52:24,0.0,정상,0.0,0.0,정상,True
2020 10 30 18:52:29,0.0,정상,1.0799136069114471e-05,0.0,정상,True
2020 10 30 18:52:34,0.0,정상,0.0,0.0,정상,True
2020 10 30 18:52:39,0.0,정상,0.0,0.0,정상,True
2020 10 30 18:52:44,0.0,정상,0.0,0.0,정상,True
2020 10 30 18:52:49,0.0,정상,0.0,0.0,정상,True
2020 10 30 18:52:54,0.0,정상,0.0,0.0,정상,True
2020 10 30 18:52:59,0.0,정상,0.0,0.0,정상,True
2020 10 30 18:53:04,0.0,정상,0.0,0.0,정상,True
2020 10 30 18:53:09,0.0,정상,0.0,0.0,정상,True
2020 10 30 18:53:14,0.0,정상,0.0,0.0,정상,True
2020 10 30 18:53:19,0.0,정상,0.0002484472049689441,0.0,정상,True
2020 10 30 18:53:24,0.0,정상,0.0002484472049689441,0.0,정상,True
2020 10 30 18:53:29,0.0,정상,0.0031889233954451347,0.0,정상,True
2020 10 30 18:53:34,0.0,정상,0.0002484472049689441,0.0,정상,True
2020 10 30 18:53:39,0.0,정상,0.0002484472049689441,0.0,정상,True
2020 10 30 18:53:44,0.0,정상,0.0002484472049689441,0.0,정상,True
2020 10 30 18:53:49,0.0,정상,0.0002484472049689441,0.0,정상,True
2020 10 30 18:53:54,0.0,정상,0.0,0.0,정상,True
2020 10 30 18:53:59,0.0,정상,0.0002484472049689441,0.0,정상,True
2020 10 30 18:54:04,0.0,정상,0.0,0.0,정상,True
2020 10 30 18:54:09,0.0,정상,0.0,0.0,정상,True
2020 10 30 18:54:14,0.0,정상,0.0,0.0,정상,True
2020 10 30 18:54:19,0.0,정상,0.0,0.0,정상,True
2020 10 30 18:54:24,0.0,정상,0.0,0.0,정상,True
2020 10 30 18:54:29,0.0,정상,0.0,0.0,정상,True
2020 10 30 18:54:34,0.0,정상,0.0,0.0,정상,True
2020 10 30 18:54:39,0.0,정상,0.0007824039392708036,0.0,정상,True
2020 10 30 18:54:44,0.0,정상,0.0007824039392708036,0.0,정상,True
2020 10 30 18:54:49,0.0,정상,0.0007824039392708036,0.0,정상,True
2020 10 30 18:54:54,0.0,정상,0.0007824039392708036,0.0,정상,True
2020 10 30 18:54:59,0.0,정상,0.0007824039392708036,0.0,정상,True
2020 10 30 18:55:04,0.0,정상,0.0007824039392708036,0.0,정상,True
2020 10 30 18:55:09,0.0,정상,0.0010308511442397477,0.0,정상,True
2020 10 30 18:55:14,0.0,정상,0.003971327334715938,0.0,정상,True
2020 10 30 18:55:19,0.0,정상,0.0010308511442397477,0.0,정상,True
2020 10 30 18:55:24,0.0,정상,0.0010727706122590696,0.0,정상,True
2020 10 30 18:55:29,0.0,정상,0.0010727706122590696,0.0,정상,True
2020 10 30 18:55:34,0.0,정상,0.00033543345870686107,0.0,정상,True
2020 10 30 18:55:39,0.0,정상,0.0009244681655163434,0.0,정상,True
2020 10 30 18:55:44,0.0,정상,0.007346580136068593,0.0,정상,True
2020 10 30 18:55:49,0.0,정상,0.007240197157345188,0.0,정상,True
2020 10 30 18:55:54,0.0,정상,0.0018063362306624305,0.0,정상,True
2020 10 30 18:55:59,0.0,정상,0.0006332039972388777,0.0,정상,True
2020 10 30 18:56:04,0.0,정상,0.0005268210185154736,0.0,정상,True
2020 10 30 18:56:09,0.0,정상,0.0006332039972388777,0.0,정상,True
2020 10 30 18:56:14,0.0,정상,0.0004418164374302653,0.0,정상,True
2020 10 30 18:56:19,0.0,정상,8.698625373791697e-05,0.0,정상,True
2020 10 30 18:56:24,0.0,정상,0.0001933692324613212,0.0,정상,True
2020 10 30 18:56:29,0.0,정상,0.0001933692324613212,0.0,정상,True
2020 10 30 18:56:34,0.0,정상,0.0004922836739903638,0.0,정상,True
2020 10 30 18:56:39,0.0,정상,0.0004922836739903638,0.0,정상,True
2020 10 30 18:56:44,0.0,정상,0.0001933692324613212,0.0,정상,True
2020 10 30 18:56:49,0.0,정상,0.0001933692324613212,0.0,정상,True
2020 10 30 18:56:54,0.0,정상,0.0001933692324613212,0.0,정상,True
2020 10 30 18:56:59,0.0,정상,0.0004922836739903638,0.0,정상,True
2020 10 30 18:57:04,0.0,정상,0.00038590069526695957,0.0,정상,True
2020 10 30 18:57:09,0.0,정상,8.698625373791697e-05,0.0,정상,True
2020 10 30 18:57:14,0.0,정상,0.0006620745067790119,0.0,정상,True
2020 10 30 18:57:19,0.0,정상,3.112033195020747e-05,0.0,정상,True
2020 10 30 18:57:24,0.0,정상,3.112033195020747e-05,0.0,정상,True
2020 10 30 18:57:29,0.0,정상,0.0021895553213912675,0.0,정상,True
2020 10 30 18:57:34,0.0,정상,0.0006753283172495222,0.0,정상,True
2020 10 30 18:57:39,0.0,정상,0.0006753283172495222,0.0,정상,True
2020 10 30 18:57:44,0.0,정상,0.0006753283172495222,0.0,정상,True
2020 10 30 18:57:49,0.0,정상,0.0009455985875197926,0.0,정상,True
2020 10 30 18:57:54,0.0,정상,0.0006753283172495222,0.0,정상,True
2020 10 30 18:57:59,0.0,정상,0.0009455985875197926,0.0,정상,True
2020 10 30 18:58:04,0.0,정상,0.0006753283172495222,0.0,정상,True
2020 10 30 18:58:09,0.0,정상,0.0006753283172495222,0.0,정상,True
2020 10 30 18:58:14,0.0,정상,0.0006753283172495222,0.0,정상,True
2020 10 30 18:58:19,0.0,정상,4.4374142420717735e-05,0.0,정상,True
2020 10 30 18:58:24,0.0,정상,4.4374142420717735e-05,0.0,정상,True
2020 10 30 18:58:29,0.0,정상,4.4374142420717735e-05,0.0,정상,True
2020 10 30 18:58:34,0.0,정상,0.00023576170222933015,0.0,정상,True
2020 10 30 18:58:39,0.0,정상,0.00023576170222933015,0.0,정상,True
2020 10 30 18:58:44,0.0,정상,0.00019138755980861245,0.0,정상,True
2020 10 30 18:58:49,0.0,정상,0.00019138755980861245,0.0,정상,True
2020 10 30 18:58:54,0.0,정상,0.00019138755980861245,0.0,정상,True
2020 10 30 18:58:59,0.0,정상,0.00019138755980861245,0.0,정상,True
2020 10 30 18:59:04,0.0,정상,0.00023576170222933015,0.0,정상,True
2020 10 30 18:59:09,0.0,정상,0.00019138755980861245,0.0,정상,True
2020 10 30 18:59:14,0.0,정상,0.00023576170222933015,0.0,정상,True
2020 10 30 18:59:19,0.0,정상,0.00023576170222933015,0.0,정상,True
2020 10 30 18:59:24,0.0,정상,0.00023576170222933015,0.0,정상,True
2020 10 30 18:59:29,0.0,정상,0.00023576170222933015,0.0,정상,True
2020 10 30 18:59:34,0.0,정상,0.0002225078917588199,0.0,정상,True
2020 10 30 18:59:39,0.0,정상,0.00023576170222933015,0.0,정상,True
2020 10 30 18:59:44,0.0,정상,0.0002225078917588199,0.0,정상,True
2020 10 30 18:59:49,0.0,정상,0.00023576170222933015,0.0,정상,True
2020 10 30 18:59:54,0.0,정상,0.00023576170222933015,0.0,정상,True
2020 10 30 18:59:59,0.0,정상,0.0,0.0,정상,True
2020 10 30 19:00:04,0.0,정상,0.0,0.0,정상,True
2020 10 30 19:00:09,0.0,정상,1.3253810470510272e-05,0.0,정상,True
2020 10 30 19:00:14,0.0,정상,0.0,0.0,정상,True
2020 10 30 19:00:19,0.0,정상,0.0,0.0,정상,True
2020 10 30 19:00:24,0.0,정상,1.3253810470510272e-05,0.0,정상,True
2020 10 30 19:00:29,0.0,정상,1.3253810470510272e-05,0.0,정상,True
2020 10 30 19:00:34,0.0,정상,0.00028352408074078055,0.0,정상,True
2020 10 30 19:00:39,0.0,정상,0.0,0.0,정상,True
2020 10 30 19:00:44,0.0,정상,0.0,0.0,정상,True
2020 10 30 19:00:49,0.0,정상,0.0,0.0,정상,True
2020 10 30 19:00:54,0.0,정상,0.0,0.0,정상,True
2020 10 30 19:00:59,0.0,정상,1.3253810470510272e-05,0.0,정상,True
2020 10 30 19:01:04,0.0,정상,0.0054111456176673565,0.0,정상,True
2020 10 30 19:01:09,0.0,정상,0.0054111456176673565,0.0,정상,True
2020 10 30 19:01:14,0.0,정상,0.0012484472049689441,0.0,정상,True
2020 10 30 19:01:19,0.0,정상,0.0012484472049689441,0.0,정상,True
2020 10 30 19:01:24,0.0,정상,0.0002484472049689441,0.0,정상,True
2020 10 30 19:01:29,0.0,정상,0.002312118827464096,0.0,정상,True
2020 10 30 19:01:34,0.0,정상,0.002312118827464096,0.0,정상,True
2020 10 30 19:01:39,0.0,정상,0.012312118827464098,0.0,정상,True
2020 10 30 19:01:44,0.0,정상,0.002312118827464096,0.0,정상,True
2020 10 30 19:01:49,0.0,정상,0.007532357738879478,0.0,정상,True
2020 10 30 19:01:54,0.0,정상,0.001954975970321239,0.0,정상,True
2020 10 30 19:01:59,0.0,정상,0.001954975970321239,0.0,정상,True
2020 10 30 19:02:04,0.0,정상,0.0004165144318597004,0.0,정상,True
2020 10 30 19:02:09,0.0,정상,0.0004165144318597004,0.0,정상,True
2020 10 30 19:02:14,0.0,정상,0.0004165144318597004,0.0,정상,True
2020 10 30 19:02:19,0.0,정상,0.0004165144318597004,0.0,정상,True
2020 10 30 19:02:24,0.0,정상,0.0015276255429708112,0.0,정상,True
2020 10 30 19:02:29,0.0,정상,0.0004165144318597004,0.0,정상,True
2020 10 30 19:02:34,0.0,정상,0.0004165144318597004,0.0,정상,True
2020 10 30 19:02:39,0.0,정상,0.0004165144318597004,0.0,정상,True
2020 10 30 19:02:44,0.0,정상,0.0004165144318597004,0.0,정상,True
2020 10 30 19:02:49,0.0,정상,0.0004165144318597004,0.0,정상,True
2020 10 30 19:02:54,0.0,정상,0.0015276255429708112,0.0,정상,True
2020 10 30 19:02:59,0.0,정상,0.0004165144318597004,0.0,정상,True
2020 10 30 19:03:04,0.0,정상,0.0015276255429708112,0.0,정상,True
2020 10 30 19:03:09,0.0,정상,0.0004165144318597004,0.0,정상,True
2020 10 30 19:03:14,0.0,정상,0.0004165144318597004,0.0,정상,True
2020 10 30 19:03:19,0.0,정상,0.0004165144318597004,0.0,정상,True
2020 10 30 19:03:24,0.0,정상,0.003777158689562782,0.0,정상,True
2020 10 30 19:03:29,0.0,정상,0.0004165144318597004,0.0,정상,True
2020 10 30 19:03:34,0.0,정상,0.01859538294896351,0.0,정상,True
2020 10 30 19:03:39,0.0,정상,0.0003660942637924735,0.0,정상,True
2020 10 30 19:03:44,0.0,정상,0.0003660942637924735,0.0,정상,True
2020 10 30 19:03:49,0.0,정상,0.0003660942637924735,0.0,정상,True
2020 10 30 19:03:54,0.0,정상,0.0002484472049689441,0.0,정상,True
2020 10 30 19:03:59,0.0,정상,0.00035714285714285714,0.0,정상,True
2020 10 30 19:04:04,0.0,정상,0.00035714285714285714,0.0,정상,True
2020 10 30 19:04:09,0.0,정상,0.00035714285714285714,0.0,정상,True
2020 10 30 19:04:14,0.0,정상,7.042253521126761e-05,0.0,정상,True
2020 10 30 19:04:19,0.0,정상,0.006520667923247759,0.0,정상,True
2020 10 30 19:04:24,0.0,정상,2.4052946539624742e-05,0.0,정상,True
2020 10 30 19:04:29,0.0,정상,2.4052946539624742e-05,0.0,정상,True
2020 10 30 19:04:34,0.0,정상,0.0025331208420170536,0.0,정상,True
2020 10 30 19:04:39,0.0,정상,0.00042451025523014237,0.0,정상,True
2020 10 30 19:04:44,0.0,정상,2.4052946539624742e-05,0.0,정상,True
2020 10 30 19:04:49,0.0,정상,0.002751325673812352,0.0,정상,True
2020 10 30 19:04:54,0.0,정상,0.001520667923247758,0.0,정상,True
2020 10 30 19:04:59,0.0,정상,0.0005292580904465445,0.0,정상,True
2020 10 30 19:05:04,0.0,정상,2.4052946539624742e-05,0.0,정상,True
2020 10 30 19:05:09,0.0,정상,2.4052946539624742e-05,0.0,정상,True
2020 10 30 19:05:14,0.0,정상,2.4052946539624742e-05,0.0,정상,True
2020 10 30 19:05:19,0.0,정상,2.4052946539624742e-05,0.0,정상,True
2020 10 30 19:05:24,0.0,정상,2.4052946539624742e-05,0.0,정상,True
2020 10 30 19:05:29,0.0,정상,2.4052946539624742e-05,0.0,정상,True
2020 10 30 19:05:34,0.0,정상,2.4052946539624742e-05,0.0,정상,True
2020 10 30 19:05:39,0.0,정상,2.4052946539624742e-05,0.0,정상,True
2020 10 30 19:05:44,0.0,정상,2.4052946539624742e-05,0.0,정상,True
2020 10 30 19:05:49,0.0,정상,2.4052946539624742e-05,0.0,정상,True
2020 10 30 19:05:54,0.0,정상,2.4052946539624742e-05,0.0,정상,True
2020 10 30 19:05:59,0.0,정상,2.4052946539624742e-05,0.0,정상,True
2020 10 30 19:06:04,0.0,정상,2.4052946539624742e-05,0.0,정상,True
2020 10 30 19:06:09,0.0,정상,2.4052946539624742e-05,0.0,정상,True
2020 10 30 19:06:14,0.0,정상,2.4052946539624742e-05,0.0,정상,True
2020 10 30 19:06:19,0.0,정상,2.4052946539624742e-05,0.0,정상,True
2020 10 30 19:06:24,0.0,정상,2.4052946539624742e-05,0.0,정상,True
2020 10 30 19:06:29,0.0,정상,2.4052946539624742e-05,0.0,정상,True
2020 10 30 19:06:34,0.0,정상,2.4052946539624742e-05,0.0,정상,True
2020 10 30 19:06:39,0.0,정상,2.4052946539624742e-05,0.0,정상,True
2020 10 30 19:06:44,0.0,정상,2.4052946539624742e-05,0.0,정상,True
2020 10 30 19:06:49,0.0,정상,2.4052946539624742e-05,0.0,정상,True
2020 10 30 19:06:54,0.0,정상,2.4052946539624742e-05,0.0,정상,True
2020 10 30 19:06:59,0.0,정상,2.4052946539624742e-05,0.0,정상,True
2020 10 30 19:07:04,0.0,정상,2.4052946539624742e-05,0.0,정상,True
2020 10 30 19:07:09,0.0,정상,2.4052946539624742e-05,0.0,정상,True
2020 10 30 19:07:14,0.0,정상,2.4052946539624742e-05,0.0,정상,True
2020 10 30 19:07:19,0.0,정상,1.0799136069114471e-05,0.0,정상,True
2020 10 30 19:07:24,0.0,정상,2.4052946539624742e-05,0.0,정상,True
2020 10 30 19:07:29,0.0,정상,2.4052946539624742e-05,0.0,정상,True
2020 10 30 19:07:34,0.0,정상,1.0799136069114471e-05,0.0,정상,True
2020 10 30 19:07:39,0.0,정상,2.4052946539624742e-05,0.0,정상,True
2020 10 30 19:07:44,0.0,정상,0.0016137970915006518,0.0,정상,True
2020 10 30 19:07:49,0.0,정상,0.0016137970915006518,0.0,정상,True
2020 10 30 19:07:54,0.0,정상,0.0016137970915006518,0.0,정상,True
2020 10 30 19:07:59,0.0,정상,0.0008243234072901256,0.0,정상,True
2020 10 30 19:08:04,0.0,정상,0.0008243234072901256,0.0,정상,True
2020 10 30 19:08:09,0.0,정상,0.0008243234072901256,0.0,정상,True
2020 10 30 19:08:14,0.0,정상,0.0008243234072901256,0.0,정상,True
2020 10 30 19:08:19,0.0,정상,0.0008243234072901256,0.0,정상,True
2020 10 30 19:08:24,0.0,정상,0.001836776326059421,0.0,정상,True
2020 10 30 19:08:29,0.0,정상,0.001836776326059421,0.0,정상,True
2020 10 30 19:08:34,0.0,정상,0.001836776326059421,0.0,정상,True
2020 10 30 19:08:39,0.0,정상,0.0026262500102699478,0.0,정상,True
2020 10 30 19:08:44,0.0,정상,0.004886629698493438,0.0,정상,True
2020 10 30 19:08:49,0.0,정상,0.0026262500102699478,0.0,정상,True
2020 10 30 19:08:54,0.0,정상,0.0026262500102699478,0.0,정상,True
2020 10 30 19:08:59,0.0,정상,0.0026262500102699478,0.0,정상,True
2020 10 30 19:09:04,0.0,정상,0.0026262500102699478,0.0,정상,True
2020 10 30 19:09:09,0.0,정상,0.0026262500102699478,0.0,정상,True
2020 10 30 19:09:14,0.0,정상,0.007007841819705559,0.0,정상,True
2020 10 30 19:09:19,0.0,정상,0.0076262500102699474,0.0,정상,True
2020 10 30 19:09:24,0.0,정상,0.013080795464815402,0.0,정상,True
2020 10 30 19:09:29,0.0,정상,0.0076262500102699474,0.0,정상,True
2020 10 30 19:09:34,0.0,정상,0.0076262500102699474,0.0,정상,True
2020 10 30 19:09:39,0.0,정상,0.01664312906236027,0.0,정상,True
2020 10 30 19:09:44,0.0,정상,0.01664312906236027,0.0,정상,True
2020 10 30 19:09:49,0.0,정상,0.008865351284582488,0.0,정상,True
2020 10 30 19:09:54,0.0,정상,0.006795072150562306,0.0,정상,True
2020 10 30 19:09:59,0.0,정상,0.028990320167966516,0.0,정상,True
2020 10 30 19:10:04,0.0,정상,0.015295072150562307,0.0,정상,True
2020 10 30 19:10:09,0.0,정상,0.021870800454449234,0.0,정상,True
2020 10 30 19:10:14,0.0,정상,0.021870800454449234,0.0,정상,True
2020 10 30 19:10:19,0.0,정상,0.015870800454449236,0.0,정상,True
2020 10 30 19:10:24,0.0,정상,0.0057298722742742305,0.0,정상,True
2020 10 30 19:10:29,0.0,정상,0.0057298722742742305,0.0,정상,True
2020 10 30 19:10:34,0.0,정상,0.0057298722742742305,0.0,정상,True
2020 10 30 19:10:39,0.0,정상,0.0139316141316956,0.0,정상,True
2020 10 30 19:10:44,0.0,정상,0.0057298722742742305,0.0,정상,True
2020 10 30 19:10:49,0.0,정상,0.0057298722742742305,0.0,정상,True
2020 10 30 19:10:54,0.0,정상,0.0057298722742742305,0.0,정상,True
2020 10 30 19:10:59,0.0,정상,0.0057298722742742305,0.0,정상,True
2020 10 30 19:11:04,0.0,정상,0.0057298722742742305,0.0,정상,True
2020 10 30 19:11:09,0.0,정상,0.0057298722742742305,0.0,정상,True
2020 10 30 19:11:14,0.0,정상,0.0057298722742742305,0.0,정상,True
2020 10 30 19:11:19,0.0,정상,0.0139316141316956,0.0,정상,True
2020 10 30 19:11:24,0.0,정상,0.0057298722742742305,0.0,정상,True
2020 10 30 19:11:29,0.0,정상,0.0139316141316956,0.0,정상,True
2020 10 30 19:11:34,0.0,정상,0.008156595291572423,0.0,정상,True
2020 10 30 19:11:39,0.0,정상,0.016358337148993797,0.0,정상,True
2020 10 30 19:11:44,0.0,정상,0.008156595291572423,0.0,정상,True
2020 10 30 19:11:49,0.0,정상,0.0010785889386387124,0.0,정상,True
2020 10 30 19:11:54,0.0,정상,0.007078588938638712,0.0,정상,True
2020 10 30 19:11:59,0.0,정상,0.011357096772433723,0.0,정상,True
2020 10 30 19:12:04,0.0,정상,0.002436136537882093,0.0,정상,True
2020 10 30 19:12:09,0.0,정상,0.002436136537882093,0.0,정상,True
2020 10 30 19:12:14,0.0,정상,0.002969494621648559,0.0,정상,True
2020 10 30 19:12:19,0.0,정상,0.0007179404285667214,0.0,정상,True
2020 10 30 19:12:24,0.0,정상,0.0007179404285667214,0.0,정상,True
2020 10 30 19:12:29,0.0,정상,0.0026827742997169697,0.0,정상,True
2020 10 30 19:12:34,0.0,정상,0.0026827742997169697,0.0,정상,True
2020 10 30 19:12:39,0.0,정상,0.0020529739924973075,0.0,정상,True
2020 10 30 19:12:44,0.0,정상,0.00038590069526695957,0.0,정상,True
2020 10 30 19:12:49,0.0,정상,0.00038590069526695957,0.0,정상,True
2020 10 30 19:12:54,0.0,정상,0.0,0.0,정상,True
2020 10 30 19:12:59,0.0,정상,0.0,0.0,정상,True
2020 10 30 19:13:04,0.0,정상,0.0,0.0,정상,True
2020 10 30 19:13:09,0.0,정상,0.0022222222222222222,0.0,정상,True
2020 10 30 19:13:14,0.0,정상,0.0,0.0,정상,True
2020 10 30 19:13:19,0.0,정상,1.3253810470510272e-05,0.0,정상,True
2020 10 30 19:13:24,0.0,정상,0.0,0.0,정상,True
2020 10 30 19:13:29,0.0,정상,0.0,0.0,정상,True
2020 10 30 19:13:34,0.0,정상,1.3253810470510272e-05,0.0,정상,True
2020 10 30 19:13:39,0.0,정상,0.0022156876029630133,0.0,정상,True
2020 10 30 19:13:44,0.0,정상,9.447548175089234e-05,0.0,정상,True
2020 10 30 19:13:49,0.0,정상,1.3253810470510272e-05,0.0,정상,True
2020 10 30 19:13:54,0.0,정상,2.4052946539624742e-05,0.0,정상,True
2020 10 30 19:13:59,0.0,정상,2.4052946539624742e-05,0.0,정상,True
2020 10 30 19:14:04,0.0,정상,2.4052946539624742e-05,0.0,정상,True
2020 10 30 19:14:09,0.0,정상,2.4052946539624742e-05,0.0,정상,True
2020 10 30 19:14:14,0.0,정상,9.447548175089234e-05,0.0,정상,True
2020 10 30 19:14:19,0.0,정상,2.4052946539624742e-05,0.0,정상,True
2020 10 30 19:14:24,0.0,정상,2.4052946539624742e-05,0.0,정상,True
2020 10 30 19:14:29,0.0,정상,2.4052946539624742e-05,0.0,정상,True
2020 10 30 19:14:34,0.0,정상,2.4052946539624742e-05,0.0,정상,True
2020 10 30 19:14:39,0.0,정상,2.4052946539624742e-05,0.0,정상,True
2020 10 30 19:14:44,0.0,정상,2.4052946539624742e-05,0.0,정상,True
2020 10 30 19:14:49,0.0,정상,5.517327848983221e-05,0.0,정상,True
2020 10 30 19:14:54,0.0,정상,5.517327848983221e-05,0.0,정상,True
2020 10 30 19:14:59,0.0,정상,4.4374142420717735e-05,0.0,정상,True
2020 10 30 19:15:04,0.0,정상,4.4374142420717735e-05,0.0,정상,True
2020 10 30 19:15:09,0.0,정상,4.4374142420717735e-05,0.0,정상,True
2020 10 30 19:15:14,0.0,정상,4.4374142420717735e-05,0.0,정상,True
2020 10 30 19:15:19,0.0,정상,0.0032332975378658517,0.0,정상,True
2020 10 30 19:15:24,0.0,정상,0.0032332975378658517,0.0,정상,True
2020 10 30 19:15:29,0.0,정상,0.0002928213473896618,0.0,정상,True
2020 10 30 19:15:34,0.0,정상,0.0002928213473896618,0.0,정상,True
2020 10 30 19:15:39,0.0,정상,0.0002928213473896618,0.0,정상,True
2020 10 30 19:15:44,0.0,정상,0.0002928213473896618,0.0,정상,True
2020 10 30 19:15:49,0.0,정상,0.0002928213473896618,0.0,정상,True
2020 10 30 19:15:54,0.0,정상,4.4374142420717735e-05,0.0,정상,True
2020 10 30 19:15:59,0.0,정상,4.4374142420717735e-05,0.0,정상,True
2020 10 30 19:16:04,0.0,정상,4.4374142420717735e-05,0.0,정상,True
2020 10 30 19:16:09,0.0,정상,4.4374142420717735e-05,0.0,정상,True
2020 10 30 19:16:14,0.0,정상,4.4374142420717735e-05,0.0,정상,True
2020 10 30 19:16:19,0.0,정상,4.4374142420717735e-05,0.0,정상,True
2020 10 30 19:16:24,0.0,정상,4.4374142420717735e-05,0.0,정상,True
2020 10 30 19:16:29,0.0,정상,4.4374142420717735e-05,0.0,정상,True
2020 10 30 19:16:34,0.0,정상,4.4374142420717735e-05,0.0,정상,True
2020 10 30 19:16:39,0.0,정상,4.4374142420717735e-05,0.0,정상,True
2020 10 30 19:16:44,0.0,정상,4.4374142420717735e-05,0.0,정상,True
2020 10 30 19:16:49,0.0,정상,0.00034328858394976026,0.0,정상,True
2020 10 30 19:16:54,0.0,정상,0.00034328858394976026,0.0,정상,True
2020 10 30 19:16:59,0.0,정상,4.4374142420717735e-05,0.0,정상,True
2020 10 30 19:17:04,0.0,정상,4.4374142420717735e-05,0.0,정상,True
2020 10 30 19:17:09,0.0,정상,0.00034328858394976026,0.0,정상,True
2020 10 30 19:17:14,0.0,정상,0.00034328858394976026,0.0,정상,True
2020 10 30 19:17:19,0.0,정상,4.4374142420717735e-05,0.0,정상,True
2020 10 30 19:17:24,0.0,정상,1.3253810470510272e-05,0.0,정상,True
2020 10 30 19:17:29,0.0,정상,4.4374142420717735e-05,0.0,정상,True
2020 10 30 19:17:34,0.0,정상,0.00034328858394976026,0.0,정상,True
2020 10 30 19:17:39,0.0,정상,4.4374142420717735e-05,0.0,정상,True
2020 10 30 19:17:44,0.0,정상,4.4374142420717735e-05,0.0,정상,True
2020 10 30 19:17:49,0.0,정상,0.0007112305771617319,0.0,정상,True
2020 10 30 19:17:54,0.0,정상,1.3253810470510272e-05,0.0,정상,True
2020 10 30 19:17:59,0.0,정상,0.00038119580368248186,0.0,정상,True
2020 10 30 19:18:04,0.0,정상,0.00038119580368248186,0.0,정상,True
2020 10 30 19:18:09,0.0,정상,2.4052946539624742e-05,0.0,정상,True
2020 10 30 19:18:14,0.0,정상,2.4052946539624742e-05,0.0,정상,True
2020 10 30 19:18:19,0.0,정상,2.4052946539624742e-05,0.0,정상,True
2020 10 30 19:18:24,0.0,정상,5.517327848983221e-05,0.0,정상,True
2020 10 30 19:18:29,0.0,정상,5.517327848983221e-05,0.0,정상,True
2020 10 30 19:18:34,0.0,정상,5.517327848983221e-05,0.0,정상,True
2020 10 30 19:18:39,0.0,정상,5.517327848983221e-05,0.0,정상,True
2020 10 30 19:18:44,0.0,정상,5.517327848983221e-05,0.0,정상,True
2020 10 30 19:18:49,0.0,정상,0.002545722376442264,0.0,정상,True
2020 10 30 19:18:54,0.0,정상,5.517327848983221e-05,0.0,정상,True
2020 10 30 19:18:59,0.0,정상,5.517327848983221e-05,0.0,정상,True
2020 10 30 19:19:04,0.0,정상,0.00034328858394976026,0.0,정상,True
2020 10 30 19:19:09,0.0,정상,5.517327848983221e-05,0.0,정상,True
2020 10 30 19:19:14,0.0,정상,5.517327848983221e-05,0.0,정상,True
2020 10 30 19:19:19,0.0,정상,0.00042451025523014237,0.0,정상,True
2020 10 30 19:19:24,0.0,정상,5.517327848983221e-05,0.0,정상,True
2020 10 30 19:19:29,0.0,정상,5.517327848983221e-05,0.0,정상,True
2020 10 30 19:19:34,0.0,정상,0.00042451025523014237,0.0,정상,True
2020 10 30 19:19:39,0.0,정상,5.517327848983221e-05,0.0,정상,True
2020 10 30 19:19:44,0.0,정상,5.517327848983221e-05,0.0,정상,True
2020 10 30 19:19:49,0.0,정상,5.517327848983221e-05,0.0,정상,True
2020 10 30 19:19:54,0.0,정상,0.00042451025523014237,0.0,정상,True
2020 10 30 19:19:59,0.0,정상,5.517327848983221e-05,0.0,정상,True
2020 10 30 19:20:04,0.0,정상,5.517327848983221e-05,0.0,정상,True
2020 10 30 19:20:09,0.0,정상,2.4052946539624742e-05,0.0,정상,True
2020 10 30 19:20:14,0.0,정상,9.447548175089234e-05,0.0,정상,True
2020 10 30 19:20:19,0.0,정상,1.3253810470510272e-05,0.0,정상,True
2020 10 30 19:20:24,0.0,정상,1.3253810470510272e-05,0.0,정상,True
2020 10 30 19:20:29,0.0,정상,1.3253810470510272e-05,0.0,정상,True
2020 10 30 19:20:34,0.0,정상,1.3253810470510272e-05,0.0,정상,True
2020 10 30 19:20:39,0.0,정상,9.447548175089234e-05,0.0,정상,True
2020 10 30 19:20:44,0.0,정상,0.00034328858394976026,0.0,정상,True
2020 10 30 19:20:49,0.0,정상,1.3253810470510272e-05,0.0,정상,True
2020 10 30 19:20:54,0.0,정상,0.00034328858394976026,0.0,정상,True
2020 10 30 19:20:59,0.0,정상,0.0003991545057374698,0.0,정상,True
2020 10 30 19:21:04,0.0,정상,0.00042451025523014237,0.0,정상,True
2020 10 30 19:21:09,0.0,정상,0.00034328858394976026,0.0,정상,True
2020 10 30 19:21:14,0.0,정상,0.00042451025523014237,0.0,정상,True
2020 10 30 19:21:19,0.0,정상,0.00034328858394976026,0.0,정상,True
2020 10 30 19:21:24,0.0,정상,4.4374142420717735e-05,0.0,정상,True
2020 10 30 19:21:29,0.0,정상,0.002545722376442264,0.0,정상,True
2020 10 30 19:21:34,0.0,정상,0.00042451025523014237,0.0,정상,True
2020 10 30 19:21:39,0.0,정상,5.517327848983221e-05,0.0,정상,True
2020 10 30 19:21:44,0.0,정상,0.00042451025523014237,0.0,정상,True
2020 10 30 19:21:49,0.0,정상,0.00034328858394976026,0.0,정상,True
2020 10 30 19:21:54,0.0,정상,5.517327848983221e-05,0.0,정상,True
2020 10 30 19:21:59,0.0,정상,5.517327848983221e-05,0.0,정상,True
2020 10 30 19:22:04,0.0,정상,0.00042451025523014237,0.0,정상,True
2020 10 30 19:22:09,0.0,정상,0.00042451025523014237,0.0,정상,True
2020 10 30 19:22:14,0.0,정상,5.517327848983221e-05,0.0,정상,True
2020 10 30 19:22:19,0.0,정상,5.517327848983221e-05,0.0,정상,True
2020 10 30 19:22:24,0.0,정상,5.517327848983221e-05,0.0,정상,True
2020 10 30 19:22:29,0.0,정상,5.517327848983221e-05,0.0,정상,True
2020 10 30 19:22:34,0.0,정상,5.517327848983221e-05,0.0,정상,True
2020 10 30 19:22:39,0.0,정상,5.517327848983221e-05,0.0,정상,True
2020 10 30 19:22:44,0.0,정상,5.517327848983221e-05,0.0,정상,True
2020 10 30 19:22:49,0.0,정상,5.517327848983221e-05,0.0,정상,True
2020 10 30 19:22:54,0.0,정상,0.0006760209605473994,0.0,정상,True
2020 10 30 19:22:59,0.0,정상,0.0006760209605473994,0.0,정상,True
2020 10 30 19:23:04,0.0,정상,0.0009462912308176696,0.0,정상,True
2020 10 30 19:23:09,0.0,정상,0.0006760209605473994,0.0,정상,True
2020 10 30 19:23:14,0.0,정상,0.0006760209605473994,0.0,정상,True
2020 10 30 19:23:19,0.0,정상,0.0006760209605473994,0.0,정상,True
2020 10 30 19:23:24,0.0,정상,0.0020110545244779853,0.0,정상,True
2020 10 30 19:23:29,0.0,정상,0.0006760209605473994,0.0,정상,True
2020 10 30 19:23:34,0.0,정상,0.0006760209605473994,0.0,정상,True
2020 10 30 19:23:39,0.0,정상,0.0006760209605473994,0.0,정상,True
2020 10 30 19:23:44,0.0,정상,0.004402536915960376,0.0,정상,True
2020 10 30 19:23:49,0.0,정상,0.004402536915960376,0.0,정상,True
2020 10 30 19:23:54,0.0,정상,0.0009462912308176696,0.0,정상,True
2020 10 30 19:23:59,0.0,정상,0.0007824039392708036,0.0,정상,True
2020 10 30 19:24:04,0.0,정상,0.0006760209605473994,0.0,정상,True
2020 10 30 19:24:09,0.0,정상,0.0020110545244779853,0.0,정상,True
2020 10 30 19:24:14,0.0,정상,0.0009462912308176696,0.0,정상,True
2020 10 30 19:24:19,0.0,정상,0.0009462912308176696,0.0,정상,True
2020 10 30 19:24:24,0.0,정상,0.0020110545244779853,0.0,정상,True
2020 10 30 19:24:29,0.0,정상,0.0006760209605473994,0.0,정상,True
2020 10 30 19:24:34,0.0,정상,0.0007824039392708036,0.0,정상,True
2020 10 30 19:24:39,0.0,정상,0.0006760209605473994,0.0,정상,True
2020 10 30 19:24:44,0.0,정상,0.0007824039392708036,0.0,정상,True
2020 10 30 19:24:49,0.0,정상,0.0006760209605473994,0.0,정상,True
2020 10 30 19:24:54,0.0,정상,0.0007824039392708036,0.0,정상,True
2020 10 30 19:24:59,0.0,정상,0.0008243234072901256,0.0,정상,True
2020 10 30 19:25:04,0.0,정상,0.0009462912308176696,0.0,정상,True
2020 10 30 19:25:09,0.0,정상,0.0007311942390372316,0.0,정상,True
2020 10 30 19:25:14,0.0,정상,0.0,0.0,정상,True
2020 10 30 19:25:19,0.0,정상,1.0799136069114471e-05,0.0,정상,True
2020 10 30 19:25:24,0.0,정상,1.0799136069114471e-05,0.0,정상,True
2020 10 30 19:25:29,0.0,정상,1.0799136069114471e-05,0.0,정상,True
2020 10 30 19:25:34,0.0,정상,1.0799136069114471e-05,0.0,정상,True
2020 10 30 19:25:39,0.0,정상,1.0799136069114471e-05,0.0,정상,True
2020 10 30 19:25:44,0.0,정상,0.0,0.0,정상,True
2020 10 30 19:25:49,0.0,정상,0.0,0.0,정상,True
2020 10 30 19:25:54,0.0,정상,1.0799136069114471e-05,0.0,정상,True
2020 10 30 19:25:59,0.0,정상,0.0,0.0,정상,True
2020 10 30 19:26:04,0.0,정상,1.0799136069114471e-05,0.0,정상,True
2020 10 30 19:26:09,0.0,정상,1.0799136069114471e-05,0.0,정상,True
2020 10 30 19:26:14,0.0,정상,1.0799136069114471e-05,0.0,정상,True
2020 10 30 19:26:19,0.0,정상,0.0,0.0,정상,True
2020 10 30 19:26:24,0.0,정상,0.0031889233954451347,0.0,정상,True
2020 10 30 19:26:29,0.0,정상,0.0,0.0,정상,True
2020 10 30 19:26:34,0.0,정상,0.0,0.0,정상,True
2020 10 30 19:26:39,0.0,정상,0.0,0.0,정상,True
2020 10 30 19:26:44,0.0,정상,0.0,0.0,정상,True
2020 10 30 19:26:49,0.0,정상,0.0,0.0,정상,True
2020 10 30 19:26:54,0.0,정상,0.0,0.0,정상,True
2020 10 30 19:26:59,0.0,정상,0.0,0.0,정상,True
2020 10 30 19:27:04,0.0,정상,0.0,0.0,정상,True
2020 10 30 19:27:09,0.0,정상,0.0,0.0,정상,True
2020 10 30 19:27:14,0.0,정상,0.0,0.0,정상,True
2020 10 30 19:27:19,0.0,정상,0.0,0.0,정상,True
2020 10 30 19:27:24,0.0,정상,0.0,0.0,정상,True
2020 10 30 19:27:29,0.0,정상,0.0,0.0,정상,True
2020 10 30 19:27:34,0.0,정상,1.3253810470510272e-05,0.0,정상,True
2020 10 30 19:27:39,0.0,정상,2.4052946539624742e-05,0.0,정상,True
2020 10 30 19:27:44,0.0,정상,2.4052946539624742e-05,0.0,정상,True
2020 10 30 19:27:49,0.0,정상,2.4052946539624742e-05,0.0,정상,True
2020 10 30 19:27:54,0.0,정상,0.0,0.0,정상,True
2020 10 30 19:27:59,0.0,정상,0.0003261361920579798,0.0,정상,True
2020 10 30 19:28:04,0.0,정상,2.4052946539624742e-05,0.0,정상,True
2020 10 30 19:28:09,0.0,정상,2.4052946539624742e-05,0.0,정상,True
2020 10 30 19:28:14,0.0,정상,5.58659217877095e-05,0.0,정상,True
2020 10 30 19:28:19,0.0,정상,5.58659217877095e-05,0.0,정상,True
2020 10 30 19:28:24,0.0,정상,5.58659217877095e-05,0.0,정상,True
2020 10 30 19:28:29,0.0,정상,0.0003261361920579798,0.0,정상,True
2020 10 30 19:28:34,0.0,정상,5.58659217877095e-05,0.0,정상,True
2020 10 30 19:28:39,0.0,정상,5.58659217877095e-05,0.0,정상,True
2020 10 30 19:28:44,0.0,정상,0.0003705103344786975,0.0,정상,True
2020 10 30 19:28:49,0.0,정상,0.0,0.0,정상,True
2020 10 30 19:28:54,0.0,정상,0.000294323216809895,0.0,정상,True
2020 10 30 19:28:59,0.0,정상,0.0007311942390372316,0.0,정상,True
2020 10 30 19:29:04,0.0,정상,0.0007311942390372316,0.0,정상,True
2020 10 30 19:29:09,0.0,정상,0.0,0.0,정상,True
2020 10 30 19:29:14,0.0,정상,2.4052946539624742e-05,0.0,정상,True
2020 10 30 19:29:19,0.0,정상,5.517327848983221e-05,0.0,정상,True
2020 10 30 19:29:24,0.0,정상,2.4052946539624742e-05,0.0,정상,True
2020 10 30 19:29:29,0.0,정상,0.0,0.0,정상,True
2020 10 30 19:29:34,0.0,정상,2.4052946539624742e-05,0.0,정상,True
2020 10 30 19:29:39,0.0,정상,2.4052946539624742e-05,0.0,정상,True
2020 10 30 19:29:44,0.0,정상,2.4052946539624742e-05,0.0,정상,True
2020 10 30 19:29:49,0.0,정상,2.4052946539624742e-05,0.0,정상,True
2020 10 30 19:29:54,0.0,정상,2.4052946539624742e-05,0.0,정상,True
2020 10 30 19:29:59,0.0,정상,0.0,0.0,정상,True
2020 10 30 19:30:04,0.0,정상,2.4052946539624742e-05,0.0,정상,True
2020 10 30 19:30:09,0.0,정상,2.4052946539624742e-05,0.0,정상,True
2020 10 30 19:30:14,0.0,정상,2.4052946539624742e-05,0.0,정상,True
2020 10 30 19:30:19,0.0,정상,2.4052946539624742e-05,0.0,정상,True
2020 10 30 19:30:24,0.0,정상,2.4052946539624742e-05,0.0,정상,True
2020 10 30 19:30:29,0.0,정상,2.4052946539624742e-05,0.0,정상,True
2020 10 30 19:30:34,0.0,정상,1.0799136069114471e-05,0.0,정상,True
2020 10 30 19:30:39,0.0,정상,1.0799136069114471e-05,0.0,정상,True
2020 10 30 19:30:44,0.0,정상,1.0799136069114471e-05,0.0,정상,True
2020 10 30 19:30:49,0.0,정상,1.0799136069114471e-05,0.0,정상,True
2020 10 30 19:30:54,0.0,정상,1.0799136069114471e-05,0.0,정상,True
2020 10 30 19:30:59,0.0,정상,1.0799136069114471e-05,0.0,정상,True
2020 10 30 19:31:04,0.0,정상,1.0799136069114471e-05,0.0,정상,True
2020 10 30 19:31:09,0.0,정상,1.0799136069114471e-05,0.0,정상,True
2020 10 30 19:31:14,0.0,정상,1.0799136069114471e-05,0.0,정상,True
2020 10 30 19:31:19,0.0,정상,1.0799136069114471e-05,0.0,정상,True
2020 10 30 19:31:24,0.0,정상,1.0799136069114471e-05,0.0,정상,True
2020 10 30 19:31:29,0.0,정상,0.00027250015150856883,0.0,정상,True
2020 10 30 19:31:34,0.0,정상,0.00025924634103805856,0.0,정상,True
2020 10 30 19:31:39,0.0,정상,0.000290366672988266,0.0,정상,True
2020 10 30 19:31:44,0.0,정상,0.00030362048345877626,0.0,정상,True
2020 10 30 19:31:49,0.0,정상,5.517327848983221e-05,0.0,정상,True
2020 10 30 19:31:54,0.0,정상,5.517327848983221e-05,0.0,정상,True
2020 10 30 19:31:59,0.0,정상,0.0,0.0,정상,True
2020 10 30 19:32:04,0.0,정상,4.1919468019321936e-05,0.0,정상,True
2020 10 30 19:32:09,0.0,정상,5.517327848983221e-05,0.0,정상,True
2020 10 30 19:32:14,0.0,정상,5.517327848983221e-05,0.0,정상,True
2020 10 30 19:32:19,0.0,정상,5.517327848983221e-05,0.0,정상,True
2020 10 30 19:32:24,0.0,정상,5.517327848983221e-05,0.0,정상,True
2020 10 30 19:32:29,0.0,정상,5.517327848983221e-05,0.0,정상,True
2020 10 30 19:32:34,0.0,정상,5.517327848983221e-05,0.0,정상,True
2020 10 30 19:32:39,0.0,정상,5.517327848983221e-05,0.0,정상,True
2020 10 30 19:32:44,0.0,정상,5.517327848983221e-05,0.0,정상,True
2020 10 30 19:32:49,0.0,정상,5.517327848983221e-05,0.0,정상,True
2020 10 30 19:32:54,0.0,정상,5.517327848983221e-05,0.0,정상,True
2020 10 30 19:32:59,0.0,정상,5.517327848983221e-05,0.0,정상,True
2020 10 30 19:33:04,0.0,정상,4.1919468019321936e-05,0.0,정상,True
2020 10 30 19:33:09,0.0,정상,0.0007311942390372316,0.0,정상,True
2020 10 30 19:33:14,0.0,정상,0.0008243234072901256,0.0,정상,True
2020 10 30 19:33:19,0.0,정상,0.0008243234072901256,0.0,정상,True
2020 10 30 19:33:24,0.0,정상,0.00016224890051111374,0.0,정상,True
2020 10 30 19:33:29,0.0,정상,0.00016224890051111374,0.0,정상,True
2020 10 30 19:33:34,0.0,정상,0.00016224890051111374,0.0,정상,True
2020 10 30 19:33:39,0.0,정상,0.0008243234072901256,0.0,정상,True
2020 10 30 19:33:44,0.0,정상,0.0008243234072901256,0.0,정상,True
2020 10 30 19:33:49,0.0,정상,0.0008243234072901256,0.0,정상,True
2020 10 30 19:33:54,0.0,정상,0.0008243234072901256,0.0,정상,True
2020 10 30 19:33:59,0.0,정상,0.0008243234072901256,0.0,정상,True
2020 10 30 19:34:04,0.0,정상,0.0008243234072901256,0.0,정상,True
2020 10 30 19:34:09,0.0,정상,0.00016224890051111374,0.0,정상,True
2020 10 30 19:34:14,0.0,정상,0.0008243234072901256,0.0,정상,True
2020 10 30 19:34:19,0.0,정상,0.0008243234072901256,0.0,정상,True
2020 10 30 19:34:24,0.0,정상,0.0008243234072901256,0.0,정상,True
2020 10 30 19:34:29,0.0,정상,0.0008243234072901256,0.0,정상,True
2020 10 30 19:34:34,0.0,정상,0.0008243234072901256,0.0,정상,True
2020 10 30 19:34:39,0.0,정상,0.0008243234072901256,0.0,정상,True
2020 10 30 19:34:44,0.0,정상,0.0008243234072901256,0.0,정상,True
2020 10 30 19:34:49,0.0,정상,0.0008243234072901256,0.0,정상,True
2020 10 30 19:34:54,0.0,정상,0.0008243234072901256,0.0,정상,True
2020 10 30 19:34:59,0.0,정상,0.0008243234072901256,0.0,정상,True
2020 10 30 19:35:04,0.0,정상,0.0008243234072901256,0.0,정상,True
2020 10 30 19:35:09,0.0,정상,0.0008243234072901256,0.0,정상,True
2020 10 30 19:35:14,0.0,정상,0.0008243234072901256,0.0,정상,True
2020 10 30 19:35:19,0.0,정상,0.0008243234072901256,0.0,정상,True
2020 10 30 19:35:24,0.0,정상,0.0008243234072901256,0.0,정상,True
2020 10 30 19:35:29,0.0,정상,0.0008243234072901256,0.0,정상,True
2020 10 30 19:35:34,0.0,정상,0.0008243234072901256,0.0,정상,True
2020 10 30 19:35:39,0.0,정상,0.0008243234072901256,0.0,정상,True
2020 10 30 19:35:44,0.0,정상,0.0008243234072901256,0.0,정상,True
2020 10 30 19:35:49,0.0,정상,0.0008243234072901256,0.0,정상,True
2020 10 30 19:35:54,0.0,정상,0.001836776326059421,0.0,정상,True
2020 10 30 19:35:59,0.0,정상,0.004244708769203132,0.0,정상,True
2020 10 30 19:36:04,0.0,정상,0.002123496647991011,0.0,정상,True
2020 10 30 19:36:09,0.0,정상,0.0008243234072901256,0.0,정상,True
2020 10 30 19:36:14,0.0,정상,0.0008243234072901256,0.0,정상,True
2020 10 30 19:36:19,0.0,정상,0.002123496647991011,0.0,정상,True
2020 10 30 19:36:24,0.0,정상,0.0017427617756712855,0.0,정상,True
2020 10 30 19:36:29,0.0,정상,0.0027026502355597453,0.0,정상,True
2020 10 30 19:36:34,0.0,정상,0.0027026502355597453,0.0,정상,True
2020 10 30 19:36:39,0.0,정상,0.0017427617756712855,0.0,정상,True
2020 10 30 19:36:44,0.0,정상,0.0010727706122590696,0.0,정상,True
2020 10 30 19:36:49,0.0,정상,0.010664193250164013,0.0,정상,True
2020 10 30 19:36:54,0.0,정상,0.007184971917362116,0.0,정상,True
2020 10 30 19:36:59,0.0,정상,0.0009796414440061756,0.0,정상,True
2020 10 30 19:37:04,0.0,정상,0.0010727706122590696,0.0,정상,True
2020 10 30 19:37:09,0.0,정상,0.0006332039972388777,0.0,정상,True
2020 10 30 19:37:14,0.0,정상,0.002181526895485142,0.0,정상,True
2020 10 30 19:37:19,0.0,정상,0.000470955096727764,0.0,정상,True
2020 10 30 19:37:24,0.0,정상,0.00048175423279687844,0.0,정상,True
2020 10 30 19:37:29,0.0,정상,0.00048175423279687844,0.0,정상,True
2020 10 30 19:37:34,0.0,정상,0.000470955096727764,0.0,정상,True
2020 10 30 19:37:39,0.0,정상,0.0004398347647775565,0.0,정상,True
2020 10 30 19:37:44,0.0,정상,0.00048175423279687844,0.0,정상,True
2020 10 30 19:37:49,0.0,정상,0.00025924634103805856,0.0,정상,True
2020 10 30 19:37:54,0.0,정상,0.0,0.0,정상,True
2020 10 30 19:37:59,0.0,정상,0.0,0.0,정상,True
2020 10 30 19:38:04,0.0,정상,0.00025924634103805856,0.0,정상,True
2020 10 30 19:38:09,0.0,정상,0.00025924634103805856,0.0,정상,True
2020 10 30 19:38:14,0.0,정상,0.0002484472049689441,0.0,정상,True
2020 10 30 19:38:19,0.0,정상,0.0002484472049689441,0.0,정상,True
2020 10 30 19:38:24,0.0,정상,0.00896698684275951,0.0,정상,True
2020 10 30 19:38:29,0.0,정상,0.000470955096727764,0.0,정상,True
2020 10 30 19:38:34,0.0,정상,0.00048175423279687844,0.0,정상,True
2020 10 30 19:38:39,0.0,정상,0.00025924634103805856,0.0,정상,True
2020 10 30 19:38:44,0.0,정상,0.0002484472049689441,0.0,정상,True
2020 10 30 19:38:49,0.0,정상,0.0004398347647775565,0.0,정상,True
2020 10 30 19:38:54,0.0,정상,0.0002484472049689441,0.0,정상,True
2020 10 30 19:38:59,0.0,정상,0.0003679419932119716,0.0,정상,True
2020 10 30 19:39:04,0.0,정상,0.00019138755980861245,0.0,정상,True
2020 10 30 19:39:09,0.0,정상,0.0003679419932119716,0.0,정상,True
2020 10 30 19:39:14,0.0,정상,0.00033003477347925,0.0,정상,True
2020 10 30 19:39:19,0.0,정상,0.00019138755980861245,0.0,정상,True
2020 10 30 19:39:24,0.0,정상,0.0006979767666912217,0.0,정상,True
2020 10 30 19:39:29,0.0,정상,0.00019138755980861245,0.0,정상,True
2020 10 30 19:39:34,0.0,정상,0.00019138755980861245,0.0,정상,True
2020 10 30 19:39:39,0.0,정상,0.00019138755980861245,0.0,정상,True
2020 10 30 19:39:44,0.0,정상,0.00019138755980861245,0.0,정상,True
2020 10 30 19:39:49,0.0,정상,0.00019138755980861245,0.0,정상,True
2020 10 30 19:39:54,0.0,정상,0.00019138755980861245,0.0,정상,True
2020 10 30 19:39:59,0.0,정상,0.00019138755980861245,0.0,정상,True
2020 10 30 19:40:04,0.0,정상,0.00019138755980861245,0.0,정상,True
2020 10 30 19:40:09,0.0,정상,0.00019138755980861245,0.0,정상,True
2020 10 30 19:40:14,0.0,정상,0.00019138755980861245,0.0,정상,True
2020 10 30 19:40:19,0.0,정상,0.00019138755980861245,0.0,정상,True
2020 10 30 19:40:24,0.0,정상,0.00019138755980861245,0.0,정상,True
2020 10 30 19:40:29,0.0,정상,0.00019138755980861245,0.0,정상,True
2020 10 30 19:40:34,0.0,정상,0.00019138755980861245,0.0,정상,True
2020 10 30 19:40:39,0.0,정상,0.00019138755980861245,0.0,정상,True
2020 10 30 19:40:44,0.0,정상,0.00019138755980861245,0.0,정상,True
2020 10 30 19:40:49,0.0,정상,0.00019138755980861245,0.0,정상,True
2020 10 30 19:40:54,0.0,정상,0.00019138755980861245,0.0,정상,True
2020 10 30 19:40:59,0.0,정상,0.00019138755980861245,0.0,정상,True
2020 10 30 19:41:04,0.0,정상,0.00019138755980861245,0.0,정상,True
2020 10 30 19:41:09,0.0,정상,0.00019138755980861245,0.0,정상,True
2020 10 30 19:41:14,0.0,정상,0.0,0.0,정상,True
2020 10 30 19:41:19,0.0,정상,0.0,0.0,정상,True
2020 10 30 19:41:24,0.0,정상,0.00019138755980861245,0.0,정상,True
2020 10 30 19:41:29,0.0,정상,0.00019138755980861245,0.0,정상,True
2020 10 30 19:41:34,0.0,정상,0.00019138755980861245,0.0,정상,True
2020 10 30 19:41:39,0.0,정상,0.00019138755980861245,0.0,정상,True
2020 10 30 19:41:44,0.0,정상,0.00019138755980861245,0.0,정상,True
2020 10 30 19:41:49,0.0,정상,0.00019138755980861245,0.0,정상,True
2020 10 30 19:41:54,0.0,정상,0.00019138755980861245,0.0,정상,True
2020 10 30 19:41:59,0.0,정상,0.00019138755980861245,0.0,정상,True
2020 10 30 19:42:04,0.0,정상,0.00019138755980861245,0.0,정상,True
2020 10 30 19:42:09,0.0,정상,0.00019138755980861245,0.0,정상,True
2020 10 30 19:42:14,0.0,정상,0.00019138755980861245,0.0,정상,True
2020 10 30 19:42:19,0.0,정상,0.00019138755980861245,0.0,정상,True
2020 10 30 19:42:24,0.0,정상,0.00019138755980861245,0.0,정상,True
2020 10 30 19:42:29,0.0,정상,0.00019138755980861245,0.0,정상,True
2020 10 30 19:42:34,0.0,정상,0.00019138755980861245,0.0,정상,True
2020 10 30 19:42:39,0.0,정상,0.00019138755980861245,0.0,정상,True
2020 10 30 19:42:44,0.0,정상,0.00019138755980861245,0.0,정상,True
2020 10 30 19:42:49,0.0,정상,0.00019138755980861245,0.0,정상,True
2020 10 30 19:42:54,0.0,정상,0.0005574818236010858,0.0,정상,True
2020 10 30 19:42:59,0.0,정상,0.0005574818236010858,0.0,정상,True
2020 10 30 19:43:04,0.0,정상,0.0004398347647775565,0.0,정상,True
2020 10 30 19:43:09,0.0,정상,0.0004398347647775565,0.0,정상,True
2020 10 30 19:43:14,0.0,정상,0.0004398347647775565,0.0,정상,True
2020 10 30 19:43:19,0.0,정상,0.0004398347647775565,0.0,정상,True
2020 10 30 19:43:24,0.0,정상,0.0012969776219204135,0.0,정상,True
2020 10 30 19:43:29,0.0,정상,0.0004398347647775565,0.0,정상,True
2020 10 30 19:43:34,0.0,정상,0.0004398347647775565,0.0,정상,True
2020 10 30 19:43:39,0.0,정상,0.0004398347647775565,0.0,정상,True
2020 10 30 19:43:44,0.0,정상,0.0004398347647775565,0.0,정상,True
2020 10 30 19:43:49,0.0,정상,0.0012969776219204135,0.0,정상,True
2020 10 30 19:43:54,0.0,정상,0.0012969776219204135,0.0,정상,True
2020 10 30 19:43:59,0.0,정상,0.0004398347647775565,0.0,정상,True
2020 10 30 19:44:04,0.0,정상,0.0004398347647775565,0.0,정상,True
2020 10 30 19:44:09,0.0,정상,0.0002484472049689441,0.0,정상,True
2020 10 30 19:44:14,0.0,정상,0.0002484472049689441,0.0,정상,True
2020 10 30 19:44:19,0.0,정상,0.0002484472049689441,0.0,정상,True
2020 10 30 19:44:24,0.0,정상,0.0,0.0,정상,True
2020 10 30 19:44:29,0.0,정상,0.0,0.0,정상,True
2020 10 30 19:44:34,0.0,정상,0.00019138755980861245,0.0,정상,True
2020 10 30 19:44:39,0.0,정상,0.0,0.0,정상,True
2020 10 30 19:44:44,0.0,정상,0.0,0.0,정상,True
2020 10 30 19:44:49,0.0,정상,0.0,0.0,정상,True
2020 10 30 19:44:54,0.0,정상,0.0,0.0,정상,True
2020 10 30 19:44:59,0.0,정상,0.0,0.0,정상,True
2020 10 30 19:45:04,0.0,정상,0.0,0.0,정상,True
2020 10 30 19:45:09,0.0,정상,0.0,0.0,정상,True
2020 10 30 19:45:14,0.0,정상,0.0,0.0,정상,True
2020 10 30 19:45:19,0.0,정상,0.00019138755980861245,0.0,정상,True
2020 10 30 19:45:24,0.0,정상,0.0023125996810207335,0.0,정상,True
2020 10 30 19:45:29,0.0,정상,0.00019138755980861245,0.0,정상,True
2020 10 30 19:45:34,0.0,정상,0.00019138755980861245,0.0,정상,True
2020 10 30 19:45:39,0.0,정상,0.00019138755980861245,0.0,정상,True
2020 10 30 19:45:44,0.0,정상,0.00019138755980861245,0.0,정상,True
2020 10 30 19:45:49,0.0,정상,0.00019138755980861245,0.0,정상,True
2020 10 30 19:45:54,0.0,정상,0.00019138755980861245,0.0,정상,True
2020 10 30 19:45:59,0.0,정상,0.00019138755980861245,0.0,정상,True
2020 10 30 19:46:04,0.0,정상,0.00019138755980861245,0.0,정상,True
2020 10 30 19:46:09,0.0,정상,0.0023125996810207335,0.0,정상,True
2020 10 30 19:46:14,0.0,정상,0.0,0.0,정상,True
2020 10 30 19:46:19,0.0,정상,0.0,0.0,정상,True
2020 10 30 19:46:24,0.0,정상,0.0,0.0,정상,True
2020 10 30 19:46:29,0.0,정상,0.0,0.0,정상,True
2020 10 30 19:46:34,0.0,정상,0.0,0.0,정상,True
2020 10 30 19:46:39,0.0,정상,0.00019138755980861245,0.0,정상,True
2020 10 30 19:46:44,0.0,정상,0.00019138755980861245,0.0,정상,True
2020 10 30 19:46:49,0.0,정상,0.0,0.0,정상,True
2020 10 30 19:46:54,0.0,정상,0.0,0.0,정상,True
2020 10 30 19:46:59,0.0,정상,0.0,0.0,정상,True
2020 10 30 19:47:04,0.0,정상,0.0,0.0,정상,True
2020 10 30 19:47:09,0.0,정상,0.0,0.0,정상,True
2020 10 30 19:47:14,0.0,정상,0.0,0.0,정상,True
2020 10 30 19:47:19,0.0,정상,0.0,0.0,정상,True
2020 10 30 19:47:24,0.0,정상,0.0,0.0,정상,True
2020 10 30 19:47:29,0.0,정상,0.0,0.0,정상,True
2020 10 30 19:47:34,0.0,정상,0.0,0.0,정상,True
2020 10 30 19:47:39,0.0,정상,0.0,0.0,정상,True
2020 10 30 19:47:44,0.0,정상,0.0,0.0,정상,True
2020 10 30 19:47:49,0.0,정상,0.0,0.0,정상,True
2020 10 30 19:47:54,0.0,정상,0.0,0.0,정상,True
2020 10 30 19:47:59,0.0,정상,0.0,0.0,정상,True
2020 10 30 19:48:04,0.0,정상,0.0,0.0,정상,True
2020 10 30 19:48:09,0.0,정상,0.0,0.0,정상,True
2020 10 30 19:48:14,0.0,정상,0.0,0.0,정상,True
2020 10 30 19:48:19,0.0,정상,0.0,0.0,정상,True
2020 10 30 19:48:24,0.0,정상,0.0,0.0,정상,True
2020 10 30 19:48:29,0.0,정상,0.0,0.0,정상,True
2020 10 30 19:48:34,0.0,정상,0.0,0.0,정상,True
2020 10 30 19:48:39,0.0,정상,0.0,0.0,정상,True
2020 10 30 19:48:44,0.0,정상,0.0,0.0,정상,True
2020 10 30 19:48:49,0.0,정상,0.0,0.0,정상,True
2020 10 30 19:48:54,0.0,정상,0.0,0.0,정상,True
2020 10 30 19:48:59,0.0,정상,0.0,0.0,정상,True
2020 10 30 19:49:04,0.0,정상,0.0,0.0,정상,True
2020 10 30 19:49:09,0.0,정상,0.0,0.0,정상,True
2020 10 30 19:49:14,0.0,정상,0.0,0.0,정상,True
2020 10 30 19:49:19,0.0,정상,0.0,0.0,정상,True
2020 10 30 19:49:24,0.0,정상,0.0,0.0,정상,True
2020 10 30 19:49:29,0.0,정상,0.0,0.0,정상,True
2020 10 30 19:49:34,0.0,정상,0.0,0.0,정상,True
2020 10 30 19:49:39,0.0,정상,0.0,0.0,정상,True
2020 10 30 19:49:44,0.0,정상,0.0,0.0,정상,True
2020 10 30 19:49:49,0.0,정상,0.0,0.0,정상,True
2020 10 30 19:49:54,0.0,정상,0.0,0.0,정상,True
2020 10 30 19:49:59,0.0,정상,0.0,0.0,정상,True
2020 10 30 19:50:04,0.0,정상,0.0002484472049689441,0.0,정상,True
2020 10 30 19:50:09,0.0,정상,0.0,0.0,정상,True
2020 10 30 19:50:14,0.0,정상,0.0008571428571428571,0.0,정상,True
2020 10 30 19:50:19,0.0,정상,0.0,0.0,정상,True
2020 10 30 19:50:24,0.0,정상,0.0,0.0,정상,True
2020 10 30 19:50:29,0.0,정상,0.0,0.0,정상,True
2020 10 30 19:50:34,0.0,정상,0.004438923395445134,0.0,정상,True
2020 10 30 19:50:39,0.0,정상,0.0002484472049689441,0.0,정상,True
2020 10 30 19:50:44,0.0,정상,0.0,0.0,정상,True
2020 10 30 19:50:49,0.0,정상,0.0,0.0,정상,True
2020 10 30 19:50:54,0.0,정상,0.0,0.0,정상,True
2020 10 30 19:50:59,0.0,정상,0.0,0.0,정상,True
2020 10 30 19:51:04,0.0,정상,0.0,0.0,정상,True
2020 10 30 19:51:09,0.0,정상,0.0,0.0,정상,True
2020 10 30 19:51:14,0.0,정상,0.0,0.0,정상,True
2020 10 30 19:51:19,0.0,정상,0.0,0.0,정상,True
2020 10 30 19:51:24,0.0,정상,0.0,0.0,정상,True
2020 10 30 19:51:29,0.0,정상,0.0,0.0,정상,True
2020 10 30 19:51:34,0.0,정상,0.0,0.0,정상,True
2020 10 30 19:51:39,0.0,정상,0.0002484472049689441,0.0,정상,True
2020 10 30 19:51:44,0.0,정상,0.0011055900621118012,0.0,정상,True
2020 10 30 19:51:49,0.0,정상,0.0002484472049689441,0.0,정상,True
2020 10 30 19:51:54,0.0,정상,0.0002484472049689441,0.0,정상,True
2020 10 30 19:51:59,0.0,정상,0.0004165144318597004,0.0,정상,True
2020 10 30 19:52:04,0.0,정상,0.0004165144318597004,0.0,정상,True
2020 10 30 19:52:09,0.0,정상,0.0011055900621118012,0.0,정상,True
2020 10 30 19:52:14,0.0,정상,0.0004165144318597004,0.0,정상,True
2020 10 30 19:52:19,0.0,정상,0.0004165144318597004,0.0,정상,True
2020 10 30 19:52:24,0.0,정상,0.0004165144318597004,0.0,정상,True
2020 10 30 19:52:29,0.0,정상,0.0004165144318597004,0.0,정상,True
2020 10 30 19:52:34,0.0,정상,0.0004165144318597004,0.0,정상,True
2020 10 30 19:52:39,0.0,정상,0.0004165144318597004,0.0,정상,True
2020 10 30 19:52:44,0.0,정상,0.0011055900621118012,0.0,정상,True
2020 10 30 19:52:49,0.0,정상,0.0002484472049689441,0.0,정상,True
2020 10 30 19:52:54,0.0,정상,0.0002484472049689441,0.0,정상,True
2020 10 30 19:52:59,0.0,정상,0.0011055900621118012,0.0,정상,True
2020 10 30 19:53:04,0.0,정상,0.0002484472049689441,0.0,정상,True
2020 10 30 19:53:09,0.0,정상,0.0002484472049689441,0.0,정상,True
2020 10 30 19:53:14,0.0,정상,0.0002484472049689441,0.0,정상,True
2020 10 30 19:53:19,0.0,정상,0.0,0.0,정상,True
2020 10 30 19:53:24,0.0,정상,0.0,0.0,정상,True
2020 10 30 19:53:29,0.0,정상,0.0,0.0,정상,True
2020 10 30 19:53:34,0.0,정상,0.0,0.0,정상,True
2020 10 30 19:53:39,0.0,정상,0.0,0.0,정상,True
2020 10 30 19:53:44,0.0,정상,0.0,0.0,정상,True
2020 10 30 19:53:49,0.0,정상,0.0,0.0,정상,True
2020 10 30 19:53:54,0.0,정상,0.0,0.0,정상,True
2020 10 30 19:53:59,0.0,정상,0.0,0.0,정상,True
2020 10 30 19:54:04,0.0,정상,0.0003261361920579798,0.0,정상,True
2020 10 30 19:54:09,0.0,정상,5.58659217877095e-05,0.0,정상,True
2020 10 30 19:54:14,0.0,정상,5.58659217877095e-05,0.0,정상,True
2020 10 30 19:54:19,0.0,정상,0.0,0.0,정상,True
2020 10 30 19:54:24,0.0,정상,5.58659217877095e-05,0.0,정상,True
2020 10 30 19:54:29,0.0,정상,5.58659217877095e-05,0.0,정상,True
2020 10 30 19:54:34,0.0,정상,5.58659217877095e-05,0.0,정상,True
2020 10 30 19:54:39,0.0,정상,5.58659217877095e-05,0.0,정상,True
2020 10 30 19:54:44,0.0,정상,5.58659217877095e-05,0.0,정상,True
2020 10 30 19:54:49,0.0,정상,5.58659217877095e-05,0.0,정상,True
2020 10 30 19:54:54,0.0,정상,5.58659217877095e-05,0.0,정상,True
2020 10 30 19:54:59,0.0,정상,5.58659217877095e-05,0.0,정상,True
2020 10 30 19:55:04,0.0,정상,5.58659217877095e-05,0.0,정상,True
2020 10 30 19:55:09,0.0,정상,5.58659217877095e-05,0.0,정상,True
2020 10 30 19:55:14,0.0,정상,0.0,0.0,정상,True
2020 10 30 19:55:19,0.0,정상,0.0,0.0,정상,True
2020 10 30 19:55:24,0.0,정상,0.0,0.0,정상,True
2020 10 30 19:55:29,0.0,정상,0.0,0.0,정상,True
2020 10 30 19:55:34,0.0,정상,0.0,0.0,정상,True
2020 10 30 19:55:39,0.0,정상,0.0,0.0,정상,True
2020 10 30 19:55:44,0.0,정상,0.0,0.0,정상,True
2020 10 30 19:55:49,0.0,정상,0.0,0.0,정상,True
2020 10 30 19:55:54,0.0,정상,0.0,0.0,정상,True
2020 10 30 19:55:59,0.0,정상,0.0,0.0,정상,True
2020 10 30 19:56:04,0.0,정상,0.0,0.0,정상,True
2020 10 30 19:56:09,0.0,정상,0.0,0.0,정상,True
2020 10 30 19:56:14,0.0,정상,0.0,0.0,정상,True
2020 10 30 19:56:19,0.0,정상,0.0,0.0,정상,True
2020 10 30 19:56:24,0.0,정상,0.0,0.0,정상,True
2020 10 30 19:56:29,0.0,정상,0.0,0.0,정상,True
2020 10 30 19:56:34,0.0,정상,0.0,0.0,정상,True
2020 10 30 19:56:39,0.0,정상,0.0,0.0,정상,True
2020 10 30 19:56:44,0.0,정상,0.0,0.0,정상,True
2020 10 30 19:56:49,0.0,정상,0.0,0.0,정상,True
2020 10 30 19:56:54,0.0,정상,0.0,0.0,정상,True
2020 10 30 19:56:59,0.0,정상,0.0,0.0,정상,True
2020 10 30 19:57:04,0.0,정상,0.00019138755980861245,0.0,정상,True
2020 10 30 19:57:09,0.0,정상,0.00019138755980861245,0.0,정상,True
2020 10 30 19:57:14,0.0,정상,0.00019138755980861245,0.0,정상,True
2020 10 30 19:57:19,0.0,정상,0.00019138755980861245,0.0,정상,True
2020 10 30 19:57:24,0.0,정상,0.00019138755980861245,0.0,정상,True
2020 10 30 19:57:29,0.0,정상,0.00019138755980861245,0.0,정상,True
2020 10 30 19:57:34,0.0,정상,0.0004616578300788828,0.0,정상,True
2020 10 30 19:57:39,0.0,정상,0.00019138755980861245,0.0,정상,True
2020 10 30 19:57:44,0.0,정상,0.00019138755980861245,0.0,정상,True
2020 10 30 19:57:49,0.0,정상,0.00019138755980861245,0.0,정상,True
2020 10 30 19:57:54,0.0,정상,0.00019138755980861245,0.0,정상,True
2020 10 30 19:57:59,0.0,정상,0.00019138755980861245,0.0,정상,True
2020 10 30 19:58:04,0.0,정상,0.00019138755980861245,0.0,정상,True
2020 10 30 19:58:09,0.0,정상,0.00019138755980861245,0.0,정상,True
2020 10 30 19:58:14,0.0,정상,0.0002472534815963219,0.0,정상,True
2020 10 30 19:58:19,0.0,정상,0.0002472534815963219,0.0,정상,True
2020 10 30 19:58:24,0.0,정상,0.0002472534815963219,0.0,정상,True
2020 10 30 19:58:29,0.0,정상,0.00019138755980861245,0.0,정상,True
2020 10 30 19:58:34,0.0,정상,0.00019138755980861245,0.0,정상,True
2020 10 30 19:58:39,0.0,정상,0.0002472534815963219,0.0,정상,True
2020 10 30 19:58:44,0.0,정상,0.0002472534815963219,0.0,정상,True
2020 10 30 19:58:49,0.0,정상,0.0002472534815963219,0.0,정상,True
2020 10 30 19:58:54,0.0,정상,0.0004616578300788828,0.0,정상,True
2020 10 30 19:58:59,0.0,정상,0.00019138755980861245,0.0,정상,True
2020 10 30 19:59:04,0.0,정상,0.00019138755980861245,0.0,정상,True
2020 10 30 19:59:09,0.0,정상,0.00019138755980861245,0.0,정상,True
2020 10 30 19:59:14,0.0,정상,0.00019138755980861245,0.0,정상,True
2020 10 30 19:59:19,0.0,정상,0.00019138755980861245,0.0,정상,True
2020 10 30 19:59:24,0.0,정상,0.00019138755980861245,0.0,정상,True
2020 10 30 19:59:29,0.0,정상,0.00019138755980861245,0.0,정상,True
2020 10 30 19:59:34,0.0,정상,0.00019138755980861245,0.0,정상,True
2020 10 30 19:59:39,0.0,정상,0.00019138755980861245,0.0,정상,True
2020 10 30 19:59:44,0.0,정상,0.00019138755980861245,0.0,정상,True
2020 10 30 19:59:49,0.0,정상,0.00019138755980861245,0.0,정상,True
2020 10 30 19:59:54,0.0,정상,0.00019138755980861245,0.0,정상,True
2020 10 30 19:59:59,0.0,정상,0.00019138755980861245,0.0,정상,True
2020 10 30 20:00:04,0.0,정상,0.00019138755980861245,0.0,정상,True
2020 10 30 20:00:09,0.0,정상,0.00019138755980861245,0.0,정상,True
2020 10 30 20:00:14,0.0,정상,0.0002472534815963219,0.0,정상,True
2020 10 30 20:00:19,0.0,정상,0.0002472534815963219,0.0,정상,True
2020 10 30 20:00:24,0.0,정상,0.0002472534815963219,0.0,정상,True
2020 10 30 20:00:29,0.0,정상,0.0,0.0,정상,True
2020 10 30 20:00:34,0.0,정상,0.0,0.0,정상,True
2020 10 30 20:00:39,0.0,정상,0.0,0.0,정상,True
2020 10 30 20:00:44,0.0,정상,0.0,0.0,정상,True
2020 10 30 20:00:49,0.0,정상,0.0,0.0,정상,True
2020 10 30 20:00:54,0.0,정상,0.0,0.0,정상,True
2020 10 30 20:00:59,0.0,정상,0.0,0.0,정상,True
2020 10 30 20:01:04,0.0,정상,0.0,0.0,정상,True
2020 10 30 20:01:09,0.0,정상,0.0,0.0,정상,True
2020 10 30 20:01:14,0.0,정상,0.0,0.0,정상,True
2020 10 30 20:01:19,0.0,정상,0.0,0.0,정상,True
2020 10 30 20:01:24,0.0,정상,0.0,0.0,정상,True
2020 10 30 20:01:29,0.0,정상,0.0,0.0,정상,True
2020 10 30 20:01:34,0.0,정상,0.0,0.0,정상,True
2020 10 30 20:01:39,0.0,정상,0.0,0.0,정상,True
2020 10 30 20:01:44,0.0,정상,0.0,0.0,정상,True
2020 10 30 20:01:49,0.0,정상,0.0021212121212121214,0.0,정상,True
2020 10 30 20:01:54,0.0,정상,0.0,0.0,정상,True
2020 10 30 20:01:59,0.0,정상,0.0,0.0,정상,True
2020 10 30 20:02:04,0.0,정상,0.0,0.0,정상,True
2020 10 30 20:02:09,0.0,정상,0.0,0.0,정상,True
2020 10 30 20:02:14,0.0,정상,0.0,0.0,정상,True
2020 10 30 20:02:19,0.0,정상,0.0002484472049689441,0.0,정상,True
2020 10 30 20:02:24,0.0,정상,0.0002484472049689441,0.0,정상,True
2020 10 30 20:02:29,0.0,정상,0.0002484472049689441,0.0,정상,True
2020 10 30 20:02:34,0.0,정상,0.0002484472049689441,0.0,정상,True
2020 10 30 20:02:39,0.0,정상,0.0002484472049689441,0.0,정상,True
2020 10 30 20:02:44,0.0,정상,0.0011055900621118012,0.0,정상,True
2020 10 30 20:02:49,0.0,정상,0.0002484472049689441,0.0,정상,True
2020 10 30 20:02:54,0.0,정상,0.0002484472049689441,0.0,정상,True
2020 10 30 20:02:59,0.0,정상,0.0002484472049689441,0.0,정상,True
2020 10 30 20:03:04,0.0,정상,0.0,0.0,정상,True
2020 10 30 20:03:09,0.0,정상,0.0002484472049689441,0.0,정상,True
2020 10 30 20:03:14,0.0,정상,0.0002484472049689441,0.0,정상,True
2020 10 30 20:03:19,0.0,정상,0.0002484472049689441,0.0,정상,True
2020 10 30 20:03:24,0.0,정상,0.0002484472049689441,0.0,정상,True
2020 10 30 20:03:29,0.0,정상,0.0011055900621118012,0.0,정상,True
2020 10 30 20:03:34,0.0,정상,0.0002484472049689441,0.0,정상,True
2020 10 30 20:03:39,0.0,정상,0.0002484472049689441,0.0,정상,True
2020 10 30 20:03:44,0.0,정상,0.0,0.0,정상,True
2020 10 30 20:03:49,0.0,정상,0.0,0.0,정상,True
2020 10 30 20:03:54,0.0,정상,0.0,0.0,정상,True
2020 10 30 20:03:59,0.0,정상,0.0,0.0,정상,True
2020 10 30 20:04:04,0.0,정상,0.0,0.0,정상,True
2020 10 30 20:04:09,0.0,정상,0.0,0.0,정상,True
2020 10 30 20:04:14,0.0,정상,0.0,0.0,정상,True
2020 10 30 20:04:19,0.0,정상,0.0,0.0,정상,True
2020 10 30 20:04:24,0.0,정상,0.0,0.0,정상,True
2020 10 30 20:04:29,0.0,정상,0.0,0.0,정상,True
2020 10 30 20:04:34,0.0,정상,0.0,0.0,정상,True
2020 10 30 20:04:39,0.0,정상,0.0,0.0,정상,True
2020 10 30 20:04:44,0.0,정상,0.0,0.0,정상,True
2020 10 30 20:04:49,0.0,정상,0.0,0.0,정상,True
2020 10 30 20:04:54,0.0,정상,0.0,0.0,정상,True
2020 10 30 20:04:59,0.0,정상,0.0,0.0,정상,True
2020 10 30 20:05:04,0.0,정상,0.0,0.0,정상,True
2020 10 30 20:05:09,0.0,정상,0.0,0.0,정상,True
2020 10 30 20:05:14,0.0,정상,0.0,0.0,정상,True
2020 10 30 20:05:19,0.0,정상,0.0,0.0,정상,True
2020 10 30 20:05:24,0.0,정상,0.0,0.0,정상,True
2020 10 30 20:05:29,0.0,정상,0.0,0.0,정상,True
2020 10 30 20:05:34,0.0,정상,0.0,0.0,정상,True
2020 10 30 20:05:39,0.0,정상,0.0,0.0,정상,True
2020 10 30 20:05:44,0.0,정상,0.0,0.0,정상,True
2020 10 30 20:05:49,0.0,정상,0.0,0.0,정상,True
2020 10 30 20:05:54,0.0,정상,0.0,0.0,정상,True
2020 10 30 20:05:59,0.0,정상,0.0,0.0,정상,True
2020 10 30 20:06:04,0.0,정상,0.0,0.0,정상,True
2020 10 30 20:06:09,0.0,정상,0.0,0.0,정상,True
2020 10 30 20:06:14,0.0,정상,0.0,0.0,정상,True
2020 10 30 20:06:19,0.0,정상,0.0,0.0,정상,True
2020 10 30 20:06:24,0.0,정상,0.0,0.0,정상,True
2020 10 30 20:06:29,0.0,정상,0.0,0.0,정상,True
2020 10 30 20:06:34,0.0,정상,0.0,0.0,정상,True
2020 10 30 20:06:39,0.0,정상,0.0,0.0,정상,True
2020 10 30 20:06:44,0.0,정상,0.0,0.0,정상,True
2020 10 30 20:06:49,0.0,정상,0.0,0.0,정상,True
2020 10 30 20:06:54,0.0,정상,0.0,0.0,정상,True
2020 10 30 20:06:59,0.0,정상,0.0,0.0,정상,True
2020 10 30 20:07:04,0.0,정상,0.0,0.0,정상,True
2020 10 30 20:07:09,0.0,정상,0.0,0.0,정상,True
2020 10 30 20:07:14,0.0,정상,5.58659217877095e-05,0.0,정상,True
2020 10 30 20:07:19,0.0,정상,5.58659217877095e-05,0.0,정상,True
2020 10 30 20:07:24,0.0,정상,0.0,0.0,정상,True
2020 10 30 20:07:29,0.0,정상,0.0,0.0,정상,True
2020 10 30 20:07:34,0.0,정상,0.0,0.0,정상,True
2020 10 30 20:07:39,0.0,정상,0.0,0.0,정상,True
2020 10 30 20:07:44,0.0,정상,0.0,0.0,정상,True
2020 10 30 20:07:49,0.0,정상,0.0,0.0,정상,True
2020 10 30 20:07:54,0.0,정상,0.0,0.0,정상,True
2020 10 30 20:07:59,0.0,정상,0.0002702702702702703,0.0,정상,True
2020 10 30 20:08:04,0.0,정상,0.0,0.0,정상,True
2020 10 30 20:08:09,0.0,정상,0.0,0.0,정상,True
2020 10 30 20:08:14,0.0,정상,0.0,0.0,정상,True
2020 10 30 20:08:19,0.0,정상,0.0,0.0,정상,True
2020 10 30 20:08:24,0.0,정상,0.0,0.0,정상,True
2020 10 30 20:08:29,0.0,정상,0.0,0.0,정상,True
2020 10 30 20:08:34,0.0,정상,0.0,0.0,정상,True
2020 10 30 20:08:39,0.0,정상,0.0,0.0,정상,True
2020 10 30 20:08:44,0.0,정상,0.0,0.0,정상,True
2020 10 30 20:08:49,0.0,정상,0.0,0.0,정상,True
2020 10 30 20:08:54,0.0,정상,0.0,0.0,정상,True
2020 10 30 20:08:59,0.0,정상,0.0,0.0,정상,True
2020 10 30 20:09:04,0.0,정상,0.0,0.0,정상,True
2020 10 30 20:09:09,0.0,정상,0.0,0.0,정상,True
2020 10 30 20:09:14,0.0,정상,0.0,0.0,정상,True
2020 10 30 20:09:19,0.0,정상,0.0,0.0,정상,True
2020 10 30 20:09:24,0.0,정상,0.0,0.0,정상,True
2020 10 30 20:09:29,0.0,정상,0.0,0.0,정상,True
2020 10 30 20:09:34,0.0,정상,0.0,0.0,정상,True
2020 10 30 20:09:39,0.0,정상,0.0,0.0,정상,True
2020 10 30 20:09:44,0.0,정상,0.0,0.0,정상,True
2020 10 30 20:09:49,0.0,정상,0.0,0.0,정상,True
2020 10 30 20:09:54,0.0,정상,0.0,0.0,정상,True
2020 10 30 20:09:59,0.0,정상,0.0,0.0,정상,True
2020 10 30 20:10:04,0.0,정상,0.0,0.0,정상,True
2020 10 30 20:10:09,0.0,정상,0.0,0.0,정상,True
2020 10 30 20:10:14,0.0,정상,0.0,0.0,정상,True
2020 10 30 20:10:19,0.0,정상,0.0,0.0,정상,True
2020 10 30 20:10:24,0.0,정상,0.0,0.0,정상,True
2020 10 30 20:10:29,0.0,정상,0.0002484472049689441,0.0,정상,True
2020 10 30 20:10:34,0.0,정상,0.0002484472049689441,0.0,정상,True
2020 10 30 20:10:39,0.0,정상,0.0011055900621118012,0.0,정상,True
2020 10 30 20:10:44,0.0,정상,0.0002484472049689441,0.0,정상,True
2020 10 30 20:10:49,0.0,정상,0.0002484472049689441,0.0,정상,True
2020 10 30 20:10:54,0.0,정상,0.0002484472049689441,0.0,정상,True
2020 10 30 20:10:59,0.0,정상,0.0002484472049689441,0.0,정상,True
2020 10 30 20:11:04,0.0,정상,0.00041069610548005785,0.0,정상,True
2020 10 30 20:11:09,0.0,정상,0.0003043131267566536,0.0,정상,True
2020 10 30 20:11:14,0.0,정상,0.00041069610548005785,0.0,정상,True
2020 10 30 20:11:19,0.0,정상,0.0003043131267566536,0.0,정상,True
2020 10 30 20:11:24,0.0,정상,0.00041069610548005785,0.0,정상,True
2020 10 30 20:11:29,0.0,정상,0.0011614559838995105,0.0,정상,True
2020 10 30 20:11:34,0.0,정상,0.00041069610548005785,0.0,정상,True
2020 10 30 20:11:39,0.0,정상,0.0003043131267566536,0.0,정상,True
2020 10 30 20:11:44,0.0,정상,0.0002484472049689441,0.0,정상,True
2020 10 30 20:11:49,0.0,정상,0.0002484472049689441,0.0,정상,True
2020 10 30 20:11:54,0.0,정상,0.0002484472049689441,0.0,정상,True
2020 10 30 20:11:59,0.0,정상,0.0002484472049689441,0.0,정상,True
2020 10 30 20:12:04,0.0,정상,0.0002484472049689441,0.0,정상,True
2020 10 30 20:12:09,0.0,정상,0.0011055900621118012,0.0,정상,True
2020 10 30 20:12:14,0.0,정상,0.0,0.0,정상,True
2020 10 30 20:12:19,0.0,정상,0.0,0.0,정상,True
2020 10 30 20:12:24,0.0,정상,0.0,0.0,정상,True
2020 10 30 20:12:29,0.0,정상,0.0,0.0,정상,True
2020 10 30 20:12:34,0.0,정상,0.0,0.0,정상,True
2020 10 30 20:12:39,0.0,정상,0.0,0.0,정상,True
2020 10 30 20:12:44,0.0,정상,0.0,0.0,정상,True
2020 10 30 20:12:49,0.0,정상,0.0,0.0,정상,True
2020 10 30 20:12:54,0.0,정상,0.0,0.0,정상,True
2020 10 30 20:12:59,0.0,정상,0.0,0.0,정상,True
2020 10 30 20:13:04,0.0,정상,0.0,0.0,정상,True
2020 10 30 20:13:09,0.0,정상,0.0,0.0,정상,True
2020 10 30 20:13:14,0.0,정상,0.0,0.0,정상,True
2020 10 30 20:13:19,0.0,정상,0.0,0.0,정상,True
2020 10 30 20:13:24,0.0,정상,0.0,0.0,정상,True
2020 10 30 20:13:29,0.0,정상,0.0,0.0,정상,True
2020 10 30 20:13:34,0.0,정상,0.0,0.0,정상,True
2020 10 30 20:13:39,0.0,정상,0.0,0.0,정상,True
2020 10 30 20:13:44,0.0,정상,0.0,0.0,정상,True
2020 10 30 20:13:49,0.0,정상,0.0,0.0,정상,True
2020 10 30 20:13:54,0.0,정상,0.0,0.0,정상,True
2020 10 30 20:13:59,0.0,정상,0.0,0.0,정상,True
2020 10 30 20:14:04,0.0,정상,0.0,0.0,정상,True
2020 10 30 20:14:09,0.0,정상,0.0,0.0,정상,True
2020 10 30 20:14:14,0.0,정상,0.0,0.0,정상,True
2020 10 30 20:14:19,0.0,정상,0.0,0.0,정상,True
2020 10 30 20:14:24,0.0,정상,0.0,0.0,정상,True
2020 10 30 20:14:29,0.0,정상,0.0,0.0,정상,True
2020 10 30 20:14:34,0.0,정상,0.0,0.0,정상,True
2020 10 30 20:14:39,0.0,정상,0.0,0.0,정상,True
2020 10 30 20:14:44,0.0,정상,0.0,0.0,정상,True
2020 10 30 20:14:49,0.0,정상,0.0,0.0,정상,True
2020 10 30 20:14:54,0.0,정상,0.0,0.0,정상,True
2020 10 30 20:14:59,0.0,정상,0.0,0.0,정상,True
2020 10 30 20:15:04,0.0,정상,0.0,0.0,정상,True
2020 10 30 20:15:09,0.0,정상,0.0,0.0,정상,True
2020 10 30 20:15:14,0.0,정상,0.0,0.0,정상,True
2020 10 30 20:15:19,0.0,정상,0.0,0.0,정상,True
2020 10 30 20:15:24,0.0,정상,0.0,0.0,정상,True
2020 10 30 20:15:29,0.0,정상,0.0,0.0,정상,True
2020 10 30 20:15:34,0.0,정상,0.0,0.0,정상,True
2020 10 30 20:15:39,0.0,정상,0.0,0.0,정상,True
2020 10 30 20:15:44,0.0,정상,0.0,0.0,정상,True
2020 10 30 20:15:49,0.0,정상,0.0,0.0,정상,True
2020 10 30 20:15:54,0.0,정상,0.0,0.0,정상,True
2020 10 30 20:15:59,0.0,정상,0.0,0.0,정상,True
2020 10 30 20:16:04,0.0,정상,0.0,0.0,정상,True
2020 10 30 20:16:09,0.0,정상,0.0,0.0,정상,True
2020 10 30 20:16:14,0.0,정상,0.0,0.0,정상,True
2020 10 30 20:16:19,0.0,정상,0.0,0.0,정상,True
2020 10 30 20:16:24,0.0,정상,0.00019138755980861245,0.0,정상,True
2020 10 30 20:16:29,0.0,정상,0.0,0.0,정상,True
2020 10 30 20:16:34,0.0,정상,0.0,0.0,정상,True
2020 10 30 20:16:39,0.0,정상,0.00019138755980861245,0.0,정상,True
2020 10 30 20:16:44,0.0,정상,0.00019138755980861245,0.0,정상,True
2020 10 30 20:16:49,0.0,정상,0.0,0.0,정상,True
2020 10 30 20:16:54,0.0,정상,0.0,0.0,정상,True
2020 10 30 20:16:59,0.0,정상,0.0,0.0,정상,True
2020 10 30 20:17:04,0.0,정상,5.58659217877095e-05,0.0,정상,True
2020 10 30 20:17:09,0.0,정상,0.0,0.0,정상,True
2020 10 30 20:17:14,0.0,정상,0.0,0.0,정상,True
2020 10 30 20:17:19,0.0,정상,0.0,0.0,정상,True
2020 10 30 20:17:24,0.0,정상,0.0,0.0,정상,True
2020 10 30 20:17:29,0.0,정상,0.0,0.0,정상,True
2020 10 30 20:17:34,0.0,정상,0.0,0.0,정상,True
2020 10 30 20:17:39,0.0,정상,0.0,0.0,정상,True
2020 10 30 20:17:44,0.0,정상,0.0,0.0,정상,True
2020 10 30 20:17:49,0.0,정상,0.0,0.0,정상,True
2020 10 30 20:17:54,0.0,정상,0.0,0.0,정상,True
2020 10 30 20:17:59,0.0,정상,0.0,0.0,정상,True
2020 10 30 20:18:04,0.0,정상,0.0,0.0,정상,True
2020 10 30 20:18:09,0.0,정상,0.0,0.0,정상,True
2020 10 30 20:18:14,0.0,정상,0.0,0.0,정상,True
2020 10 30 20:18:19,0.0,정상,0.0,0.0,정상,True
2020 10 30 20:18:24,0.0,정상,0.0,0.0,정상,True
2020 10 30 20:18:29,0.0,정상,0.0,0.0,정상,True
2020 10 30 20:18:34,0.0,정상,0.0,0.0,정상,True
2020 10 30 20:18:39,0.0,정상,0.0,0.0,정상,True
2020 10 30 20:18:44,0.0,정상,0.0,0.0,정상,True
2020 10 30 20:18:49,0.0,정상,0.0,0.0,정상,True
2020 10 30 20:18:54,0.0,정상,0.0,0.0,정상,True
2020 10 30 20:18:59,0.0,정상,0.0,0.0,정상,True
2020 10 30 20:19:04,0.0,정상,0.0,0.0,정상,True
2020 10 30 20:19:09,0.0,정상,0.0,0.0,정상,True
2020 10 30 20:19:14,0.0,정상,0.0,0.0,정상,True
2020 10 30 20:19:19,0.0,정상,0.0,0.0,정상,True
2020 10 30 20:19:24,0.0,정상,0.0,0.0,정상,True
2020 10 30 20:19:29,0.0,정상,0.0,0.0,정상,True
2020 10 30 20:19:34,0.0,정상,0.0,0.0,정상,True
2020 10 30 20:19:39,0.0,정상,0.0,0.0,정상,True
2020 10 30 20:19:44,0.0,정상,0.0,0.0,정상,True
2020 10 30 20:19:49,0.0,정상,0.0,0.0,정상,True
2020 10 30 20:19:54,0.0,정상,0.0,0.0,정상,True
2020 10 30 20:19:59,0.0,정상,0.0,0.0,정상,True
2020 10 30 20:20:04,0.0,정상,0.0,0.0,정상,True
2020 10 30 20:20:09,0.0,정상,0.0,0.0,정상,True
2020 10 30 20:20:14,0.0,정상,0.0,0.0,정상,True
2020 10 30 20:20:19,0.0,정상,0.0,0.0,정상,True
2020 10 30 20:20:24,0.0,정상,0.0,0.0,정상,True
2020 10 30 20:20:29,0.0,정상,0.0,0.0,정상,True
2020 10 30 20:20:34,0.0,정상,0.0,0.0,정상,True
2020 10 30 20:20:39,0.0,정상,0.0,0.0,정상,True
2020 10 30 20:20:44,0.0,정상,0.0,0.0,정상,True
2020 10 30 20:20:49,0.0,정상,0.0,0.0,정상,True
2020 10 30 20:20:54,0.0,정상,0.0,0.0,정상,True
2020 10 30 20:20:59,0.0,정상,0.0,0.0,정상,True
2020 10 30 20:21:04,0.0,정상,0.0,0.0,정상,True
2020 10 30 20:21:09,0.0,정상,0.0,0.0,정상,True
2020 10 30 20:21:14,0.0,정상,0.0,0.0,정상,True
2020 10 30 20:21:19,0.0,정상,0.0,0.0,정상,True
2020 10 30 20:21:24,0.0,정상,0.0,0.0,정상,True
2020 10 30 20:21:29,0.0,정상,0.0,0.0,정상,True
2020 10 30 20:21:34,0.0,정상,0.0,0.0,정상,True
2020 10 30 20:21:39,0.0,정상,0.0,0.0,정상,True
2020 10 30 20:21:44,0.0,정상,0.0,0.0,정상,True
2020 10 30 20:21:49,0.0,정상,0.0,0.0,정상,True
2020 10 30 20:21:54,0.0,정상,0.0,0.0,정상,True
2020 10 30 20:21:59,0.0,정상,0.0,0.0,정상,True
2020 10 30 20:22:04,0.0,정상,0.0,0.0,정상,True
2020 10 30 20:22:09,0.0,정상,0.0,0.0,정상,True
2020 10 30 20:22:14,0.0,정상,0.0,0.0,정상,True
2020 10 30 20:22:19,0.0,정상,0.0,0.0,정상,True
2020 10 30 20:22:24,0.0,정상,0.0021212121212121214,0.0,정상,True
2020 10 30 20:22:29,0.0,정상,0.0,0.0,정상,True
2020 10 30 20:22:34,0.0,정상,0.00019138755980861245,0.0,정상,True
2020 10 30 20:22:39,0.0,정상,0.0,0.0,정상,True
2020 10 30 20:22:44,0.0,정상,0.0,0.0,정상,True
2020 10 30 20:22:49,0.0,정상,0.00019138755980861245,0.0,정상,True
2020 10 30 20:22:54,0.0,정상,0.0,0.0,정상,True
2020 10 30 20:22:59,0.0,정상,0.0,0.0,정상,True
2020 10 30 20:23:04,0.0,정상,0.0,0.0,정상,True
2020 10 30 20:23:09,0.0,정상,0.0,0.0,정상,True
2020 10 30 20:23:14,0.0,정상,0.0,0.0,정상,True
2020 10 30 20:23:19,0.0,정상,0.0,0.0,정상,True
2020 10 30 20:23:24,0.0,정상,0.0,0.0,정상,True
2020 10 30 20:23:29,0.0,정상,0.0,0.0,정상,True
2020 10 30 20:23:34,0.0,정상,0.0,0.0,정상,True
2020 10 30 20:23:39,0.0,정상,0.0,0.0,정상,True
2020 10 30 20:23:44,0.0,정상,0.0,0.0,정상,True
2020 10 30 20:23:49,0.0,정상,0.0,0.0,정상,True
2020 10 30 20:23:54,0.0,정상,0.0,0.0,정상,True
2020 10 30 20:23:59,0.0,정상,0.0,0.0,정상,True
2020 10 30 20:24:04,0.0,정상,0.0,0.0,정상,True
2020 10 30 20:24:09,0.0,정상,0.0,0.0,정상,True
2020 10 30 20:24:14,0.0,정상,0.0,0.0,정상,True
2020 10 30 20:24:19,0.0,정상,0.0,0.0,정상,True
2020 10 30 20:24:24,0.0,정상,0.0,0.0,정상,True
2020 10 30 20:24:29,0.0,정상,0.0,0.0,정상,True
2020 10 30 20:24:34,0.0,정상,0.0,0.0,정상,True
2020 10 30 20:24:39,0.0,정상,0.0,0.0,정상,True
2020 10 30 20:24:44,0.0,정상,0.0,0.0,정상,True
2020 10 30 20:24:49,0.0,정상,0.0,0.0,정상,True
2020 10 30 20:24:54,0.0,정상,0.0,0.0,정상,True
2020 10 30 20:24:59,0.0,정상,0.0,0.0,정상,True
2020 10 30 20:25:04,0.0,정상,0.0,0.0,정상,True
2020 10 30 20:25:09,0.0,정상,0.0,0.0,정상,True
2020 10 30 20:25:14,0.0,정상,0.0,0.0,정상,True
2020 10 30 20:25:19,0.0,정상,0.0,0.0,정상,True
2020 10 30 20:25:24,0.0,정상,0.0,0.0,정상,True
2020 10 30 20:25:29,0.0,정상,0.0,0.0,정상,True
2020 10 30 20:25:34,0.0,정상,0.0,0.0,정상,True
2020 10 30 20:25:39,0.0,정상,0.0,0.0,정상,True
2020 10 30 20:25:44,0.0,정상,0.0,0.0,정상,True
2020 10 30 20:25:49,0.0,정상,0.0,0.0,정상,True
2020 10 30 20:25:54,0.0,정상,0.0,0.0,정상,True
2020 10 30 20:25:59,0.0,정상,0.0,0.0,정상,True
2020 10 30 20:26:04,0.0,정상,0.0,0.0,정상,True
2020 10 30 20:26:09,0.0,정상,0.0,0.0,정상,True
2020 10 30 20:26:14,0.0,정상,0.0,0.0,정상,True
2020 10 30 20:26:19,0.0,정상,0.0,0.0,정상,True
2020 10 30 20:26:24,0.0,정상,0.00011764705882352942,0.0,정상,True
2020 10 30 20:26:29,0.0,정상,0.00011764705882352942,0.0,정상,True
2020 10 30 20:26:34,0.0,정상,0.00011764705882352942,0.0,정상,True
2020 10 30 20:26:39,0.0,정상,0.0,0.0,정상,True
2020 10 30 20:26:44,0.0,정상,0.0,0.0,정상,True
2020 10 30 20:26:49,0.0,정상,0.0,0.0,정상,True
2020 10 30 20:26:54,0.0,정상,0.0,0.0,정상,True
2020 10 30 20:26:59,0.0,정상,0.0,0.0,정상,True
2020 10 30 20:27:04,0.0,정상,0.0,0.0,정상,True
2020 10 30 20:27:09,0.0,정상,0.0,0.0,정상,True
2020 10 30 20:27:14,0.0,정상,0.0,0.0,정상,True
2020 10 30 20:27:19,0.0,정상,0.00017241379310344826,0.0,정상,True
2020 10 30 20:27:24,0.0,정상,0.0,0.0,정상,True
2020 10 30 20:27:29,0.0,정상,0.0,0.0,정상,True
2020 10 30 20:27:34,0.0,정상,0.0,0.0,정상,True
2020 10 30 20:27:39,0.0,정상,0.0,0.0,정상,True
2020 10 30 20:27:44,0.0,정상,0.0,0.0,정상,True
2020 10 30 20:27:49,0.0,정상,0.0,0.0,정상,True
2020 10 30 20:27:54,0.0,정상,0.0,0.0,정상,True
2020 10 30 20:27:59,0.0,정상,0.0,0.0,정상,True
2020 10 30 20:28:04,0.0,정상,0.0,0.0,정상,True
2020 10 30 20:28:09,0.0,정상,0.0,0.0,정상,True
2020 10 30 20:28:14,0.0,정상,0.0,0.0,정상,True
2020 10 30 20:28:19,0.0,정상,0.0,0.0,정상,True
2020 10 30 20:28:24,0.0,정상,0.0,0.0,정상,True
2020 10 30 20:28:29,0.0,정상,0.0,0.0,정상,True
2020 10 30 20:28:34,0.0,정상,0.00011764705882352942,0.0,정상,True
2020 10 30 20:28:39,0.0,정상,0.0,0.0,정상,True
2020 10 30 20:28:44,0.0,정상,0.0,0.0,정상,True
2020 10 30 20:28:49,0.0,정상,0.0,0.0,정상,True
2020 10 30 20:28:54,0.0,정상,0.0,0.0,정상,True
2020 10 30 20:28:59,0.0,정상,0.0,0.0,정상,True
2020 10 30 20:29:04,0.0,정상,0.0,0.0,정상,True
2020 10 30 20:29:09,0.0,정상,0.0,0.0,정상,True
2020 10 30 20:29:14,0.0,정상,0.0,0.0,정상,True
2020 10 30 20:29:19,0.0,정상,0.0,0.0,정상,True
2020 10 30 20:29:24,0.0,정상,0.0,0.0,정상,True
2020 10 30 20:29:29,0.0,정상,0.0,0.0,정상,True
2020 10 30 20:29:34,0.0,정상,0.0,0.0,정상,True
2020 10 30 20:29:39,0.0,정상,0.0,0.0,정상,True
2020 10 30 20:29:44,0.0,정상,0.0,0.0,정상,True
2020 10 30 20:29:49,0.0,정상,0.0,0.0,정상,True
2020 10 30 20:29:54,0.0,정상,0.0,0.0,정상,True
2020 10 30 20:29:59,0.0,정상,0.0,0.0,정상,True
2020 10 30 20:30:04,0.0,정상,0.0,0.0,정상,True
2020 10 30 20:30:09,0.0,정상,0.0,0.0,정상,True
2020 10 30 20:30:14,0.0,정상,0.0,0.0,정상,True
2020 10 30 20:30:19,0.0,정상,0.0,0.0,정상,True
2020 10 30 20:30:24,0.0,정상,0.0,0.0,정상,True
2020 10 30 20:30:29,0.0,정상,0.0,0.0,정상,True
2020 10 30 20:30:34,0.0,정상,0.0,0.0,정상,True
2020 10 30 20:30:39,0.0,정상,0.0,0.0,정상,True
2020 10 30 20:30:44,0.0,정상,0.0,0.0,정상,True
2020 10 30 20:30:49,0.0,정상,0.0,0.0,정상,True
2020 10 30 20:30:54,0.0,정상,0.0,0.0,정상,True
2020 10 30 20:30:59,0.0,정상,0.0,0.0,정상,True
2020 10 30 20:31:04,0.0,정상,0.0,0.0,정상,True
2020 10 30 20:31:09,0.0,정상,0.0,0.0,정상,True
2020 10 30 20:31:14,0.0,정상,0.0,0.0,정상,True
2020 10 30 20:31:19,0.0,정상,0.0,0.0,정상,True
2020 10 30 20:31:24,0.0,정상,0.0,0.0,정상,True
2020 10 30 20:31:29,0.0,정상,0.0,0.0,정상,True
2020 10 30 20:31:34,0.0,정상,0.0,0.0,정상,True
2020 10 30 20:31:39,0.0,정상,0.0,0.0,정상,True
2020 10 30 20:31:44,0.0,정상,0.0,0.0,정상,True
2020 10 30 20:31:49,0.0,정상,0.0,0.0,정상,True
2020 10 30 20:31:54,0.0,정상,0.0,0.0,정상,True
2020 10 30 20:31:59,0.0,정상,0.0,0.0,정상,True
2020 10 30 20:32:04,0.0,정상,0.0,0.0,정상,True
2020 10 30 20:32:09,0.0,정상,0.0,0.0,정상,True
2020 10 30 20:32:14,0.0,정상,0.0,0.0,정상,True
2020 10 30 20:32:19,0.0,정상,0.0,0.0,정상,True
2020 10 30 20:32:24,0.0,정상,0.0,0.0,정상,True
2020 10 30 20:32:29,0.0,정상,0.0,0.0,정상,True
2020 10 30 20:32:34,0.0,정상,0.0,0.0,정상,True
2020 10 30 20:32:39,0.0,정상,0.0,0.0,정상,True
2020 10 30 20:32:44,0.0,정상,0.0,0.0,정상,True
2020 10 30 20:32:49,0.0,정상,0.0,0.0,정상,True
2020 10 30 20:32:54,0.0,정상,0.0,0.0,정상,True
2020 10 30 20:32:59,0.0,정상,0.0,0.0,정상,True
2020 10 30 20:33:04,0.0,정상,0.0,0.0,정상,True
2020 10 30 20:33:09,0.0,정상,0.0,0.0,정상,True
2020 10 30 20:33:14,0.0,정상,0.0,0.0,정상,True
2020 10 30 20:33:19,0.0,정상,0.0,0.0,정상,True
2020 10 30 20:33:24,0.0,정상,0.0,0.0,정상,True
2020 10 30 20:33:29,0.0,정상,0.0,0.0,정상,True
2020 10 30 20:33:34,0.0,정상,0.0,0.0,정상,True
2020 10 30 20:33:39,0.0,정상,0.0,0.0,정상,True
2020 10 30 20:33:44,0.0,정상,0.0,0.0,정상,True
2020 10 30 20:33:49,0.0,정상,0.0,0.0,정상,True
2020 10 30 20:33:54,0.0,정상,0.0,0.0,정상,True
2020 10 30 20:33:59,0.0,정상,0.0,0.0,정상,True
2020 10 30 20:34:04,0.0,정상,0.0,0.0,정상,True
2020 10 30 20:34:09,0.0,정상,0.0,0.0,정상,True
2020 10 30 20:34:14,0.0,정상,0.0,0.0,정상,True
2020 10 30 20:34:19,0.0,정상,0.0,0.0,정상,True
2020 10 30 20:34:24,0.0,정상,0.0,0.0,정상,True
2020 10 30 20:34:29,0.0,정상,0.0,0.0,정상,True
2020 10 30 20:34:34,0.0,정상,0.0,0.0,정상,True
2020 10 30 20:34:39,0.0,정상,0.0,0.0,정상,True
2020 10 30 20:34:44,0.0,정상,0.0,0.0,정상,True
2020 10 30 20:34:49,0.0,정상,0.0,0.0,정상,True
2020 10 30 20:34:54,0.0,정상,0.0,0.0,정상,True
2020 10 30 20:34:59,0.0,정상,0.0,0.0,정상,True
2020 10 30 20:35:04,0.0,정상,0.0,0.0,정상,True
2020 10 30 20:35:09,0.0,정상,0.0,0.0,정상,True
2020 10 30 20:35:14,0.0,정상,0.0,0.0,정상,True
2020 10 30 20:35:19,0.0,정상,0.0,0.0,정상,True
2020 10 30 20:35:24,0.0,정상,0.0,0.0,정상,True
2020 10 30 20:35:29,0.0,정상,0.0,0.0,정상,True
2020 10 30 20:35:34,0.0,정상,0.0,0.0,정상,True
2020 10 30 20:35:39,0.0,정상,0.0,0.0,정상,True
2020 10 30 20:35:44,0.0,정상,0.0,0.0,정상,True
2020 10 30 20:35:49,0.0,정상,0.0,0.0,정상,True
2020 10 30 20:35:54,0.0,정상,0.0,0.0,정상,True
2020 10 30 20:35:59,0.0,정상,0.0,0.0,정상,True
2020 10 30 20:36:04,0.0,정상,0.0,0.0,정상,True
2020 10 30 20:36:09,0.0,정상,0.0,0.0,정상,True
2020 10 30 20:36:14,0.0,정상,0.0,0.0,정상,True
2020 10 30 20:36:19,0.0,정상,0.0,0.0,정상,True
2020 10 30 20:36:24,0.0,정상,0.0,0.0,정상,True
2020 10 30 20:36:29,0.0,정상,0.0,0.0,정상,True
2020 10 30 20:36:34,0.0,정상,0.0,0.0,정상,True
2020 10 30 20:36:39,0.0,정상,0.0,0.0,정상,True
2020 10 30 20:36:44,0.0,정상,0.0,0.0,정상,True
2020 10 30 20:36:49,0.0,정상,0.0,0.0,정상,True
2020 10 30 20:36:54,0.0,정상,0.0,0.0,정상,True
2020 10 30 20:36:59,0.0,정상,0.0,0.0,정상,True
2020 10 30 20:37:04,0.0,정상,0.0,0.0,정상,True
2020 10 30 20:37:09,0.0,정상,0.0,0.0,정상,True
2020 10 30 20:37:14,0.0,정상,0.0,0.0,정상,True
2020 10 30 20:37:19,0.0,정상,0.0,0.0,정상,True
2020 10 30 20:37:24,0.0,정상,0.0,0.0,정상,True
2020 10 30 20:37:29,0.0,정상,0.0,0.0,정상,True
2020 10 30 20:37:34,0.0,정상,0.0,0.0,정상,True
2020 10 30 20:37:39,0.0,정상,0.0,0.0,정상,True
2020 10 30 20:37:44,0.0,정상,0.0,0.0,정상,True
2020 10 30 20:37:49,0.0,정상,0.0,0.0,정상,True
2020 10 30 20:37:54,0.0,정상,0.0,0.0,정상,True
2020 10 30 20:37:59,0.0,정상,0.0,0.0,정상,True
2020 10 30 20:38:04,0.0,정상,0.0,0.0,정상,True
2020 10 30 20:38:09,0.0,정상,0.0,0.0,정상,True
2020 10 30 20:38:14,0.0,정상,0.0,0.0,정상,True
2020 10 30 20:38:19,0.0,정상,0.0,0.0,정상,True
2020 10 30 20:38:24,0.0,정상,0.0,0.0,정상,True
2020 10 30 20:38:29,0.0,정상,0.0,0.0,정상,True
2020 10 30 20:38:34,0.0,정상,0.0,0.0,정상,True
2020 10 30 20:38:39,0.0,정상,0.0,0.0,정상,True
2020 10 30 20:38:44,0.0,정상,0.0,0.0,정상,True
2020 10 30 20:38:49,0.0,정상,0.0,0.0,정상,True
2020 10 30 20:38:54,0.0,정상,0.0,0.0,정상,True
2020 10 30 20:38:59,0.0,정상,0.0,0.0,정상,True
2020 10 30 20:39:04,0.0,정상,0.0,0.0,정상,True
2020 10 30 20:39:09,0.0,정상,0.0,0.0,정상,True
2020 10 30 20:39:14,0.0,정상,0.0,0.0,정상,True
2020 10 30 20:39:19,0.0,정상,0.0,0.0,정상,True
2020 10 30 20:39:24,0.0,정상,0.00011857707509881423,0.0,정상,True
2020 10 30 20:39:29,0.0,정상,0.00011857707509881423,0.0,정상,True
2020 10 30 20:39:34,0.0,정상,0.00011857707509881423,0.0,정상,True
2020 10 30 20:39:39,0.0,정상,0.00011857707509881423,0.0,정상,True
2020 10 30 20:39:44,0.0,정상,0.00011857707509881423,0.0,정상,True
2020 10 30 20:39:49,0.0,정상,0.00011857707509881423,0.0,정상,True
2020 10 30 20:39:54,0.0,정상,0.00011857707509881423,0.0,정상,True
2020 10 30 20:39:59,0.0,정상,0.00011857707509881423,0.0,정상,True
2020 10 30 20:40:04,0.0,정상,0.00011857707509881423,0.0,정상,True
2020 10 30 20:40:09,0.0,정상,0.00011857707509881423,0.0,정상,True
2020 10 30 20:40:14,0.0,정상,0.00011857707509881423,0.0,정상,True
2020 10 30 20:40:19,0.0,정상,0.00011857707509881423,0.0,정상,True
2020 10 30 20:40:24,0.0,정상,0.00011857707509881423,0.0,정상,True
2020 10 30 20:40:29,0.0,정상,0.00011857707509881423,0.0,정상,True
2020 10 30 20:40:34,0.0,정상,0.00011857707509881423,0.0,정상,True
2020 10 30 20:40:39,0.0,정상,0.00011857707509881423,0.0,정상,True
2020 10 30 20:40:44,0.0,정상,0.00011857707509881423,0.0,정상,True
2020 10 30 20:40:49,0.0,정상,0.00011857707509881423,0.0,정상,True
2020 10 30 20:40:54,0.0,정상,0.00011857707509881423,0.0,정상,True
2020 10 30 20:40:59,0.0,정상,0.00011857707509881423,0.0,정상,True
2020 10 30 20:41:04,0.0,정상,0.00011857707509881423,0.0,정상,True
2020 10 30 20:41:09,0.0,정상,0.0,0.0,정상,True
2020 10 30 20:41:14,0.0,정상,0.00011764705882352942,0.0,정상,True
2020 10 30 20:41:19,0.0,정상,0.0,0.0,정상,True
2020 10 30 20:41:24,0.0,정상,0.0,0.0,정상,True
2020 10 30 20:41:29,0.0,정상,0.0,0.0,정상,True
2020 10 30 20:41:34,0.0,정상,0.00011857707509881423,0.0,정상,True
2020 10 30 20:41:39,0.0,정상,0.00023622413392234364,0.0,정상,True
2020 10 30 20:41:44,0.0,정상,0.00023622413392234364,0.0,정상,True
2020 10 30 20:41:49,0.0,정상,0.0,0.0,정상,True
2020 10 30 20:41:54,0.0,정상,0.0,0.0,정상,True
2020 10 30 20:41:59,0.0,정상,0.0,0.0,정상,True
2020 10 30 20:42:04,0.0,정상,0.0,0.0,정상,True
2020 10 30 20:42:09,0.0,정상,0.0,0.0,정상,True
2020 10 30 20:42:14,0.0,정상,0.0,0.0,정상,True
2020 10 30 20:42:19,0.0,정상,0.0,0.0,정상,True
2020 10 30 20:42:24,0.0,정상,0.0,0.0,정상,True
2020 10 30 20:42:29,0.0,정상,0.0,0.0,정상,True
2020 10 30 20:42:34,0.0,정상,0.0,0.0,정상,True
2020 10 30 20:42:39,0.0,정상,0.0,0.0,정상,True
2020 10 30 20:42:44,0.0,정상,0.0,0.0,정상,True
2020 10 30 20:42:49,0.0,정상,0.0,0.0,정상,True
2020 10 30 20:42:54,0.0,정상,0.0,0.0,정상,True
2020 10 30 20:42:59,0.0,정상,0.0,0.0,정상,True
2020 10 30 20:43:04,0.0,정상,0.0,0.0,정상,True
2020 10 30 20:43:09,0.0,정상,0.0,0.0,정상,True
2020 10 30 20:43:14,0.0,정상,0.0,0.0,정상,True
2020 10 30 20:43:19,0.0,정상,0.0,0.0,정상,True
2020 10 30 20:43:24,0.0,정상,0.0,0.0,정상,True
2020 10 30 20:43:29,0.0,정상,0.0,0.0,정상,True
2020 10 30 20:43:34,0.0,정상,0.0,0.0,정상,True
2020 10 30 20:43:39,0.0,정상,0.0,0.0,정상,True
2020 10 30 20:43:44,0.0,정상,0.0,0.0,정상,True
2020 10 30 20:43:49,0.0,정상,0.0,0.0,정상,True
2020 10 30 20:43:54,0.0,정상,0.0,0.0,정상,True
2020 10 30 20:43:59,0.0,정상,0.0,0.0,정상,True
2020 10 30 20:44:04,0.0,정상,0.0,0.0,정상,True
2020 10 30 20:44:09,0.0,정상,0.0,0.0,정상,True
2020 10 30 20:44:14,0.0,정상,0.0,0.0,정상,True
2020 10 30 20:44:19,0.0,정상,0.0,0.0,정상,True
2020 10 30 20:44:24,0.0,정상,0.0,0.0,정상,True
2020 10 30 20:44:29,0.0,정상,0.0,0.0,정상,True
2020 10 30 20:44:34,0.0,정상,0.0,0.0,정상,True
2020 10 30 20:44:39,0.0,정상,0.0,0.0,정상,True
2020 10 30 20:44:44,0.0,정상,0.0,0.0,정상,True
2020 10 30 20:44:49,0.0,정상,0.0,0.0,정상,True
2020 10 30 20:44:54,0.0,정상,0.0,0.0,정상,True
2020 10 30 20:44:59,0.0,정상,0.0,0.0,정상,True
2020 10 30 20:45:04,0.0,정상,0.0,0.0,정상,True
2020 10 30 20:45:09,0.0,정상,0.0,0.0,정상,True
2020 10 30 20:45:14,0.0,정상,0.0,0.0,정상,True
2020 10 30 20:45:19,0.0,정상,0.0,0.0,정상,True
2020 10 30 20:45:24,0.0,정상,0.0,0.0,정상,True
2020 10 30 20:45:29,0.0,정상,0.0,0.0,정상,True
2020 10 30 20:45:34,0.0,정상,0.0,0.0,정상,True
2020 10 30 20:45:39,0.0,정상,0.0,0.0,정상,True
2020 10 30 20:45:44,0.0,정상,0.0,0.0,정상,True
2020 10 30 20:45:49,0.0,정상,0.0,0.0,정상,True
2020 10 30 20:45:54,0.0,정상,0.0,0.0,정상,True
2020 10 30 20:45:59,0.0,정상,0.0,0.0,정상,True
2020 10 30 20:46:04,0.0,정상,0.0,0.0,정상,True
2020 10 30 20:46:09,0.0,정상,0.0,0.0,정상,True
2020 10 30 20:46:14,0.0,정상,0.0,0.0,정상,True
2020 10 30 20:46:19,0.0,정상,0.0,0.0,정상,True
2020 10 30 20:46:24,0.0,정상,0.0,0.0,정상,True
2020 10 30 20:46:29,0.0,정상,0.0,0.0,정상,True
2020 10 30 20:46:34,0.0,정상,0.0,0.0,정상,True
2020 10 30 20:46:39,0.0,정상,0.0,0.0,정상,True
2020 10 30 20:46:44,0.0,정상,0.0,0.0,정상,True
2020 10 30 20:46:49,0.0,정상,0.0,0.0,정상,True
2020 10 30 20:46:54,0.0,정상,0.0,0.0,정상,True
2020 10 30 20:46:59,0.0,정상,0.0,0.0,정상,True
2020 10 30 20:47:04,0.0,정상,0.0,0.0,정상,True
2020 10 30 20:47:09,0.0,정상,0.0,0.0,정상,True
2020 10 30 20:47:14,0.0,정상,0.0,0.0,정상,True
2020 10 30 20:47:19,0.0,정상,0.0,0.0,정상,True
2020 10 30 20:47:24,0.0,정상,0.0,0.0,정상,True
2020 10 30 20:47:29,0.0,정상,0.0,0.0,정상,True
2020 10 30 20:47:34,0.0,정상,0.0,0.0,정상,True
2020 10 30 20:47:39,0.0,정상,0.0,0.0,정상,True
2020 10 30 20:47:44,0.0,정상,0.0,0.0,정상,True
2020 10 30 20:47:49,0.0,정상,0.0,0.0,정상,True
2020 10 30 20:47:54,0.0,정상,0.0,0.0,정상,True
2020 10 30 20:47:59,0.0,정상,0.0,0.0,정상,True
2020 10 30 20:48:04,0.0,정상,0.0,0.0,정상,True
2020 10 30 20:48:09,0.0,정상,0.0,0.0,정상,True
2020 10 30 20:48:14,0.0,정상,0.0,0.0,정상,True
2020 10 30 20:48:19,0.0,정상,0.0,0.0,정상,True
2020 10 30 20:48:24,0.0,정상,0.0,0.0,정상,True
2020 10 30 20:48:29,0.0,정상,0.0,0.0,정상,True
2020 10 30 20:48:34,0.0,정상,0.0,0.0,정상,True
2020 10 30 20:48:39,0.0,정상,0.0,0.0,정상,True
2020 10 30 20:48:44,0.0,정상,0.0,0.0,정상,True
2020 10 30 20:48:49,0.0,정상,0.0,0.0,정상,True
2020 10 30 20:48:54,0.0,정상,0.0,0.0,정상,True
2020 10 30 20:48:59,0.0,정상,0.0,0.0,정상,True
2020 10 30 20:49:04,0.0,정상,0.0,0.0,정상,True
2020 10 30 20:49:09,0.0,정상,0.0,0.0,정상,True
2020 10 30 20:49:14,0.0,정상,0.0,0.0,정상,True
2020 10 30 20:49:19,0.0,정상,0.0,0.0,정상,True
2020 10 30 20:49:24,0.0,정상,0.0,0.0,정상,True
2020 10 30 20:49:29,0.0,정상,0.0,0.0,정상,True
2020 10 30 20:49:34,0.0,정상,0.0,0.0,정상,True
2020 10 30 20:49:39,0.0,정상,0.0,0.0,정상,True
2020 10 30 20:49:44,0.0,정상,0.0,0.0,정상,True
2020 10 30 20:49:49,0.0,정상,0.0,0.0,정상,True
2020 10 30 20:49:54,0.0,정상,0.0,0.0,정상,True
2020 10 30 20:49:59,0.0,정상,0.0,0.0,정상,True
2020 10 30 20:50:04,0.0,정상,0.0,0.0,정상,True
2020 10 30 20:50:09,0.0,정상,0.0,0.0,정상,True
2020 10 30 20:50:14,0.0,정상,0.0,0.0,정상,True
2020 10 30 20:50:19,0.0,정상,0.0,0.0,정상,True
2020 10 30 20:50:24,0.0,정상,0.0,0.0,정상,True
2020 10 30 20:50:29,0.0,정상,0.0,0.0,정상,True
2020 10 30 20:50:34,0.0,정상,0.0,0.0,정상,True
2020 10 30 20:50:39,0.0,정상,0.0,0.0,정상,True
2020 10 30 20:50:44,0.0,정상,0.0,0.0,정상,True
2020 10 30 20:50:49,0.0,정상,0.0,0.0,정상,True
2020 10 30 20:50:54,0.0,정상,0.0,0.0,정상,True
2020 10 30 20:50:59,0.0,정상,0.0,0.0,정상,True
2020 10 30 20:51:04,0.0,정상,0.0,0.0,정상,True
2020 10 30 20:51:09,0.0,정상,0.0,0.0,정상,True
2020 10 30 20:51:14,0.0,정상,0.0,0.0,정상,True
2020 10 30 20:51:19,0.0,정상,0.0,0.0,정상,True
2020 10 30 20:51:24,0.0,정상,0.0,0.0,정상,True
2020 10 30 20:51:29,0.0,정상,0.0,0.0,정상,True
2020 10 30 20:51:34,0.0,정상,0.0,0.0,정상,True
2020 10 30 20:51:39,0.0,정상,0.0,0.0,정상,True
2020 10 30 20:51:44,0.0,정상,0.0,0.0,정상,True
2020 10 30 20:51:49,0.0,정상,0.0,0.0,정상,True
2020 10 30 20:51:54,0.0,정상,0.0,0.0,정상,True
2020 10 30 20:51:59,0.0,정상,0.0,0.0,정상,True
2020 10 30 20:52:04,0.0,정상,0.0,0.0,정상,True
2020 10 30 20:52:09,0.0,정상,0.0,0.0,정상,True
2020 10 30 20:52:14,0.0,정상,0.0,0.0,정상,True
2020 10 30 20:52:19,0.0,정상,0.0,0.0,정상,True
2020 10 30 20:52:24,0.0,정상,0.00011857707509881423,0.0,정상,True
2020 10 30 20:52:29,0.0,정상,0.00011857707509881423,0.0,정상,True
2020 10 30 20:52:34,0.0,정상,0.00011857707509881423,0.0,정상,True
2020 10 30 20:52:39,0.0,정상,0.00011857707509881423,0.0,정상,True
2020 10 30 20:52:44,0.0,정상,0.00011857707509881423,0.0,정상,True
2020 10 30 20:52:49,0.0,정상,0.00011857707509881423,0.0,정상,True
2020 10 30 20:52:54,0.0,정상,0.00011857707509881423,0.0,정상,True
2020 10 30 20:52:59,0.0,정상,0.00011857707509881423,0.0,정상,True
2020 10 30 20:53:04,0.0,정상,0.00011857707509881423,0.0,정상,True
2020 10 30 20:53:09,0.0,정상,0.0,0.0,정상,True
2020 10 30 20:53:14,0.0,정상,0.0,0.0,정상,True
2020 10 30 20:53:19,0.0,정상,0.0,0.0,정상,True
2020 10 30 20:53:24,0.0,정상,0.0,0.0,정상,True
2020 10 30 20:53:29,0.0,정상,0.0,0.0,정상,True
2020 10 30 20:53:34,0.0,정상,0.0,0.0,정상,True
2020 10 30 20:53:39,0.0,정상,0.0,0.0,정상,True
2020 10 30 20:53:44,0.0,정상,0.0,0.0,정상,True
2020 10 30 20:53:49,0.0,정상,0.00011857707509881423,0.0,정상,True
2020 10 30 20:53:54,0.0,정상,0.0,0.0,정상,True
2020 10 30 20:53:59,0.0,정상,0.0,0.0,정상,True
2020 10 30 20:54:04,0.0,정상,0.0,0.0,정상,True
2020 10 30 20:54:09,0.0,정상,0.0,0.0,정상,True
2020 10 30 20:54:14,0.0,정상,0.0,0.0,정상,True
2020 10 30 20:54:19,0.0,정상,0.0,0.0,정상,True
2020 10 30 20:54:24,0.0,정상,0.0,0.0,정상,True
2020 10 30 20:54:29,0.0,정상,0.0,0.0,정상,True
2020 10 30 20:54:34,0.0,정상,0.0,0.0,정상,True
2020 10 30 20:54:39,0.0,정상,0.0,0.0,정상,True
2020 10 30 20:54:44,0.0,정상,0.0,0.0,정상,True
2020 10 30 20:54:49,0.0,정상,0.0,0.0,정상,True
2020 10 30 20:54:54,0.0,정상,0.0,0.0,정상,True
2020 10 30 20:54:59,0.0,정상,0.0,0.0,정상,True
2020 10 30 20:55:04,0.0,정상,0.0,0.0,정상,True
2020 10 30 20:55:09,0.0,정상,0.0,0.0,정상,True
2020 10 30 20:55:14,0.0,정상,0.0,0.0,정상,True
2020 10 30 20:55:19,0.0,정상,0.0,0.0,정상,True
2020 10 30 20:55:24,0.0,정상,0.0,0.0,정상,True
2020 10 30 20:55:29,0.0,정상,0.0,0.0,정상,True
2020 10 30 20:55:34,0.0,정상,0.0,0.0,정상,True
2020 10 30 20:55:39,0.0,정상,0.0,0.0,정상,True
2020 10 30 20:55:44,0.0,정상,0.0,0.0,정상,True
2020 10 30 20:55:49,0.0,정상,0.0,0.0,정상,True
2020 10 30 20:55:54,0.0,정상,0.0,0.0,정상,True
2020 10 30 20:55:59,0.0,정상,0.0,0.0,정상,True
2020 10 30 20:56:04,0.0,정상,0.0,0.0,정상,True
2020 10 30 20:56:09,0.0,정상,0.0,0.0,정상,True
2020 10 30 20:56:14,0.0,정상,0.0,0.0,정상,True
2020 10 30 20:56:19,0.0,정상,0.0,0.0,정상,True
2020 10 30 20:56:24,0.0,정상,0.0,0.0,정상,True
2020 10 30 20:56:29,0.0,정상,0.0,0.0,정상,True
2020 10 30 20:56:34,0.0,정상,0.0,0.0,정상,True
2020 10 30 20:56:39,0.0,정상,0.0,0.0,정상,True
2020 10 30 20:56:44,0.0,정상,0.0,0.0,정상,True
2020 10 30 20:56:49,0.0,정상,0.0,0.0,정상,True
2020 10 30 20:56:54,0.0,정상,0.0,0.0,정상,True
2020 10 30 20:56:59,0.0,정상,0.0,0.0,정상,True
2020 10 30 20:57:04,0.0,정상,0.0,0.0,정상,True
2020 10 30 20:57:09,0.0,정상,0.0,0.0,정상,True
2020 10 30 20:57:14,0.0,정상,0.0,0.0,정상,True
2020 10 30 20:57:19,0.0,정상,0.0,0.0,정상,True
2020 10 30 20:57:24,0.0,정상,0.0,0.0,정상,True
2020 10 30 20:57:29,0.0,정상,0.0,0.0,정상,True
2020 10 30 20:57:34,0.0,정상,0.0,0.0,정상,True
2020 10 30 20:57:39,0.0,정상,0.0,0.0,정상,True
2020 10 30 20:57:44,0.0,정상,0.0,0.0,정상,True
2020 10 30 20:57:49,0.0,정상,0.0,0.0,정상,True
2020 10 30 20:57:54,0.0,정상,0.0,0.0,정상,True
2020 10 30 20:57:59,0.0,정상,0.0,0.0,정상,True
2020 10 30 20:58:04,0.0,정상,0.0,0.0,정상,True
2020 10 30 20:58:09,0.0,정상,0.0,0.0,정상,True
2020 10 30 20:58:14,0.0,정상,0.0,0.0,정상,True
2020 10 30 20:58:19,0.0,정상,0.0,0.0,정상,True
2020 10 30 20:58:24,0.0,정상,0.0,0.0,정상,True
2020 10 30 20:58:29,0.0,정상,0.0,0.0,정상,True
2020 10 30 20:58:34,0.0,정상,0.0,0.0,정상,True
2020 10 30 20:58:39,0.0,정상,0.0,0.0,정상,True
2020 10 30 20:58:44,0.0,정상,0.0,0.0,정상,True
2020 10 30 20:58:49,0.0,정상,0.0,0.0,정상,True
2020 10 30 20:58:54,0.0,정상,0.0,0.0,정상,True
2020 10 30 20:58:59,0.0,정상,0.0,0.0,정상,True
2020 10 30 20:59:04,0.0,정상,0.0,0.0,정상,True
2020 10 30 20:59:09,0.0,정상,0.0,0.0,정상,True
2020 10 30 20:59:14,0.0,정상,0.0,0.0,정상,True
2020 10 30 20:59:19,0.0,정상,0.0,0.0,정상,True
2020 10 30 20:59:24,0.0,정상,0.0,0.0,정상,True
2020 10 30 20:59:29,0.0,정상,0.0,0.0,정상,True
2020 10 30 20:59:34,0.0,정상,0.0,0.0,정상,True
2020 10 30 20:59:39,0.0,정상,0.0,0.0,정상,True
2020 10 30 20:59:44,0.0,정상,0.0,0.0,정상,True
2020 10 30 20:59:49,0.0,정상,0.0,0.0,정상,True
2020 10 30 20:59:54,0.0,정상,0.0,0.0,정상,True
2020 10 30 20:59:59,0.0,정상,0.0,0.0,정상,True
2020 10 30 21:00:04,0.0,정상,0.0,0.0,정상,True
2020 10 30 21:00:09,0.0,정상,0.0,0.0,정상,True
2020 10 30 21:00:14,0.0,정상,0.0,0.0,정상,True
2020 10 30 21:00:19,0.0,정상,0.0,0.0,정상,True
2020 10 30 21:00:24,0.0,정상,0.0,0.0,정상,True
2020 10 30 21:00:29,0.0,정상,0.0,0.0,정상,True
2020 10 30 21:00:34,0.0,정상,0.0,0.0,정상,True
2020 10 30 21:00:39,0.0,정상,0.0,0.0,정상,True
2020 10 30 21:00:44,0.0,정상,0.0,0.0,정상,True
2020 10 30 21:00:49,0.0,정상,0.0,0.0,정상,True
2020 10 30 21:00:54,0.0,정상,0.0,0.0,정상,True
2020 10 30 21:00:59,0.0,정상,0.0,0.0,정상,True
2020 10 30 21:01:04,0.0,정상,0.0,0.0,정상,True
2020 10 30 21:01:09,0.0,정상,0.0,0.0,정상,True
2020 10 30 21:01:14,0.0,정상,0.0,0.0,정상,True
2020 10 30 21:01:19,0.0,정상,0.0,0.0,정상,True
2020 10 30 21:01:24,0.0,정상,0.0,0.0,정상,True
2020 10 30 21:01:29,0.0,정상,0.0,0.0,정상,True
2020 10 30 21:01:34,0.0,정상,0.0,0.0,정상,True
2020 10 30 21:01:39,0.0,정상,0.0,0.0,정상,True
2020 10 30 21:01:44,0.0,정상,0.0,0.0,정상,True
2020 10 30 21:01:49,0.0,정상,0.0,0.0,정상,True
2020 10 30 21:01:54,0.0,정상,0.0,0.0,정상,True
2020 10 30 21:01:59,0.0,정상,0.0,0.0,정상,True
2020 10 30 21:02:04,0.0,정상,0.0,0.0,정상,True
2020 10 30 21:02:09,0.0,정상,0.0,0.0,정상,True
2020 10 30 21:02:14,0.0,정상,0.0,0.0,정상,True
2020 10 30 21:02:19,0.0,정상,0.0,0.0,정상,True
2020 10 30 21:02:24,0.0,정상,0.0,0.0,정상,True
2020 10 30 21:02:29,0.0,정상,0.0,0.0,정상,True
2020 10 30 21:02:34,0.0,정상,0.0,0.0,정상,True
2020 10 30 21:02:39,0.0,정상,0.0,0.0,정상,True
2020 10 30 21:02:44,0.0,정상,0.0,0.0,정상,True
2020 10 30 21:02:49,0.0,정상,0.0,0.0,정상,True
2020 10 30 21:02:54,0.0,정상,0.0,0.0,정상,True
2020 10 30 21:02:59,0.0,정상,0.0,0.0,정상,True
2020 10 30 21:03:04,0.0,정상,0.0,0.0,정상,True
2020 10 30 21:03:09,0.0,정상,0.0,0.0,정상,True
2020 10 30 21:03:14,0.0,정상,0.0,0.0,정상,True
2020 10 30 21:03:19,0.0,정상,0.0,0.0,정상,True
2020 10 30 21:03:24,0.0,정상,0.0,0.0,정상,True
2020 10 30 21:03:29,0.0,정상,0.0,0.0,정상,True
2020 10 30 21:03:34,0.0,정상,0.0,0.0,정상,True
2020 10 30 21:03:39,0.0,정상,0.0,0.0,정상,True
2020 10 30 21:03:44,0.0,정상,0.0,0.0,정상,True
2020 10 30 21:03:49,0.0,정상,0.0,0.0,정상,True
2020 10 30 21:03:54,0.0,정상,0.0,0.0,정상,True
2020 10 30 21:03:59,0.0,정상,0.0,0.0,정상,True
2020 10 30 21:04:04,0.0,정상,0.0,0.0,정상,True
2020 10 30 21:04:09,0.0,정상,0.0,0.0,정상,True
2020 10 30 21:04:14,0.0,정상,0.0,0.0,정상,True
2020 10 30 21:04:19,0.0,정상,0.0,0.0,정상,True
2020 10 30 21:04:24,0.0,정상,0.0,0.0,정상,True
2020 10 30 21:04:29,0.0,정상,0.0,0.0,정상,True
2020 10 30 21:04:34,0.0,정상,0.0,0.0,정상,True
2020 10 30 21:04:39,0.0,정상,0.0,0.0,정상,True
2020 10 30 21:04:44,0.0,정상,0.0,0.0,정상,True
2020 10 30 21:04:49,0.0,정상,0.0,0.0,정상,True
2020 10 30 21:04:54,0.0,정상,0.0,0.0,정상,True
2020 10 30 21:04:59,0.0,정상,0.0,0.0,정상,True
2020 10 30 21:05:04,0.0,정상,0.0,0.0,정상,True
2020 10 30 21:05:09,0.0,정상,0.0,0.0,정상,True
2020 10 30 21:05:14,0.0,정상,0.0,0.0,정상,True
2020 10 30 21:05:19,0.0,정상,0.00011857707509881423,0.0,정상,True
2020 10 30 21:05:24,0.0,정상,0.00011857707509881423,0.0,정상,True
2020 10 30 21:05:29,0.0,정상,0.00011857707509881423,0.0,정상,True
2020 10 30 21:05:34,0.0,정상,0.00011857707509881423,0.0,정상,True
2020 10 30 21:05:39,0.0,정상,0.00011857707509881423,0.0,정상,True
2020 10 30 21:05:44,0.0,정상,0.00011857707509881423,0.0,정상,True
2020 10 30 21:05:49,0.0,정상,0.00011857707509881423,0.0,정상,True
2020 10 30 21:05:54,0.0,정상,0.00011857707509881423,0.0,정상,True
2020 10 30 21:05:59,0.0,정상,0.00011857707509881423,0.0,정상,True
2020 10 30 21:06:04,0.0,정상,0.0,0.0,정상,True
2020 10 30 21:06:09,0.0,정상,0.0,0.0,정상,True
2020 10 30 21:06:14,0.0,정상,0.0,0.0,정상,True
2020 10 30 21:06:19,0.0,정상,0.0,0.0,정상,True
2020 10 30 21:06:24,0.0,정상,0.0,0.0,정상,True
2020 10 30 21:06:29,0.0,정상,0.0,0.0,정상,True
2020 10 30 21:06:34,0.0,정상,0.0,0.0,정상,True
2020 10 30 21:06:39,0.0,정상,0.00011857707509881423,0.0,정상,True
2020 10 30 21:06:44,0.0,정상,0.00011857707509881423,0.0,정상,True
2020 10 30 21:06:49,0.0,정상,0.00011857707509881423,0.0,정상,True
2020 10 30 21:06:54,0.0,정상,0.00011857707509881423,0.0,정상,True
2020 10 30 21:06:59,0.0,정상,0.00011857707509881423,0.0,정상,True
2020 10 30 21:07:04,0.0,정상,0.0,0.0,정상,True
2020 10 30 21:07:09,0.0,정상,0.0,0.0,정상,True
2020 10 30 21:07:14,0.0,정상,0.0,0.0,정상,True
2020 10 30 21:07:19,0.0,정상,0.00011857707509881423,0.0,정상,True
2020 10 30 21:07:24,0.0,정상,0.00011857707509881423,0.0,정상,True
2020 10 30 21:07:29,0.0,정상,0.00023622413392234364,0.0,정상,True
2020 10 30 21:07:34,0.0,정상,0.00023622413392234364,0.0,정상,True
2020 10 30 21:07:39,0.0,정상,0.00023622413392234364,0.0,정상,True
2020 10 30 21:07:44,0.0,정상,0.00023622413392234364,0.0,정상,True
2020 10 30 21:07:49,0.0,정상,0.00023622413392234364,0.0,정상,True
2020 10 30 21:07:54,0.0,정상,0.00011764705882352942,0.0,정상,True
2020 10 30 21:07:59,0.0,정상,0.00011764705882352942,0.0,정상,True
2020 10 30 21:08:04,0.0,정상,0.00011764705882352942,0.0,정상,True
2020 10 30 21:08:09,0.0,정상,0.00011764705882352942,0.0,정상,True
2020 10 30 21:08:14,0.0,정상,0.00011764705882352942,0.0,정상,True
2020 10 30 21:08:19,0.0,정상,0.0,0.0,정상,True
2020 10 30 21:08:24,0.0,정상,0.00011764705882352942,0.0,정상,True
2020 10 30 21:08:29,0.0,정상,0.00011764705882352942,0.0,정상,True
2020 10 30 21:08:34,0.0,정상,0.0,0.0,정상,True
2020 10 30 21:08:39,0.0,정상,0.0,0.0,정상,True
2020 10 30 21:08:44,0.0,정상,0.00011764705882352942,0.0,정상,True
2020 10 30 21:08:49,0.0,정상,0.0,0.0,정상,True
2020 10 30 21:08:54,0.0,정상,0.0,0.0,정상,True
2020 10 30 21:08:59,0.0,정상,0.0,0.0,정상,True
2020 10 30 21:09:04,0.0,정상,0.0,0.0,정상,True
2020 10 30 21:09:09,0.0,정상,0.0,0.0,정상,True
2020 10 30 21:09:14,0.0,정상,0.0,0.0,정상,True
2020 10 30 21:09:19,0.0,정상,0.0,0.0,정상,True
2020 10 30 21:09:24,0.0,정상,0.0,0.0,정상,True
2020 10 30 21:09:29,0.0,정상,0.0,0.0,정상,True
2020 10 30 21:09:34,0.0,정상,0.0,0.0,정상,True
2020 10 30 21:09:39,0.0,정상,0.0,0.0,정상,True
2020 10 30 21:09:44,0.0,정상,0.0,0.0,정상,True
2020 10 30 21:09:49,0.0,정상,0.0,0.0,정상,True
2020 10 30 21:09:54,0.0,정상,0.0,0.0,정상,True
2020 10 30 21:09:59,0.0,정상,0.0,0.0,정상,True
2020 10 30 21:10:04,0.0,정상,0.0,0.0,정상,True
2020 10 30 21:10:09,0.0,정상,0.0,0.0,정상,True
2020 10 30 21:10:14,0.0,정상,0.0,0.0,정상,True
2020 10 30 21:10:19,0.0,정상,0.0,0.0,정상,True
2020 10 30 21:10:24,0.0,정상,0.0,0.0,정상,True
2020 10 30 21:10:29,0.0,정상,0.0,0.0,정상,True
2020 10 30 21:10:34,0.0,정상,0.0,0.0,정상,True
2020 10 30 21:10:39,0.0,정상,0.0,0.0,정상,True
2020 10 30 21:10:44,0.0,정상,0.0,0.0,정상,True
2020 10 30 21:10:49,0.0,정상,0.0,0.0,정상,True
2020 10 30 21:10:54,0.0,정상,0.0,0.0,정상,True
2020 10 30 21:10:59,0.0,정상,0.0,0.0,정상,True
2020 10 30 21:11:04,0.0,정상,0.0,0.0,정상,True
2020 10 30 21:11:09,0.0,정상,0.0,0.0,정상,True
2020 10 30 21:11:14,0.0,정상,0.0,0.0,정상,True
2020 10 30 21:11:19,0.0,정상,0.0,0.0,정상,True
2020 10 30 21:11:24,0.0,정상,0.0,0.0,정상,True
2020 10 30 21:11:29,0.0,정상,0.0,0.0,정상,True
2020 10 30 21:11:34,0.0,정상,0.0,0.0,정상,True
2020 10 30 21:11:39,0.0,정상,0.0,0.0,정상,True
2020 10 30 21:11:44,0.0,정상,0.0,0.0,정상,True
2020 10 30 21:11:49,0.0,정상,0.0,0.0,정상,True
2020 10 30 21:11:54,0.0,정상,0.0,0.0,정상,True
2020 10 30 21:11:59,0.0,정상,0.0,0.0,정상,True
2020 10 30 21:12:04,0.0,정상,0.0,0.0,정상,True
2020 10 30 21:12:09,0.0,정상,0.0,0.0,정상,True
2020 10 30 21:12:14,0.0,정상,0.0,0.0,정상,True
2020 10 30 21:12:19,0.0,정상,0.0,0.0,정상,True
2020 10 30 21:12:24,0.0,정상,0.0,0.0,정상,True
2020 10 30 21:12:29,0.0,정상,0.0,0.0,정상,True
2020 10 30 21:12:34,0.0,정상,0.0,0.0,정상,True
2020 10 30 21:12:39,0.0,정상,0.0,0.0,정상,True
2020 10 30 21:12:44,0.0,정상,0.0,0.0,정상,True
2020 10 30 21:12:49,0.0,정상,0.0,0.0,정상,True
2020 10 30 21:12:54,0.0,정상,0.0,0.0,정상,True
2020 10 30 21:12:59,0.0,정상,0.0,0.0,정상,True
2020 10 30 21:13:04,0.0,정상,0.0,0.0,정상,True
2020 10 30 21:13:09,0.0,정상,0.0,0.0,정상,True
2020 10 30 21:13:14,0.0,정상,0.0,0.0,정상,True
2020 10 30 21:13:19,0.0,정상,0.0,0.0,정상,True
2020 10 30 21:13:24,0.0,정상,0.0,0.0,정상,True
2020 10 30 21:13:29,0.0,정상,0.0,0.0,정상,True
2020 10 30 21:13:34,0.0,정상,0.0,0.0,정상,True
2020 10 30 21:13:39,0.0,정상,0.0003879173290937997,0.0,정상,True
2020 10 30 21:13:44,0.0,정상,0.0002702702702702703,0.0,정상,True
2020 10 30 21:13:49,0.0,정상,0.0,0.0,정상,True
2020 10 30 21:13:54,0.0,정상,0.0,0.0,정상,True
2020 10 30 21:13:59,0.0,정상,0.0,0.0,정상,True
2020 10 30 21:14:04,0.0,정상,0.0,0.0,정상,True
2020 10 30 21:14:09,0.0,정상,0.0,0.0,정상,True
2020 10 30 21:14:14,0.0,정상,0.0,0.0,정상,True
2020 10 30 21:14:19,0.0,정상,0.0,0.0,정상,True
2020 10 30 21:14:24,0.0,정상,0.0,0.0,정상,True
2020 10 30 21:14:29,0.0,정상,0.0,0.0,정상,True
2020 10 30 21:14:34,0.0,정상,0.0,0.0,정상,True
2020 10 30 21:14:39,0.0,정상,0.0,0.0,정상,True
2020 10 30 21:14:44,0.0,정상,0.0,0.0,정상,True
2020 10 30 21:14:49,0.0,정상,0.0,0.0,정상,True
2020 10 30 21:14:54,0.0,정상,0.0,0.0,정상,True
2020 10 30 21:14:59,0.0,정상,0.0,0.0,정상,True
2020 10 30 21:15:04,0.0,정상,0.0,0.0,정상,True
2020 10 30 21:15:09,0.0,정상,0.0,0.0,정상,True
2020 10 30 21:15:14,0.0,정상,0.0,0.0,정상,True
2020 10 30 21:15:19,0.0,정상,0.0,0.0,정상,True
2020 10 30 21:15:24,0.0,정상,0.0,0.0,정상,True
2020 10 30 21:15:29,0.0,정상,0.0,0.0,정상,True
2020 10 30 21:15:34,0.0,정상,0.0,0.0,정상,True
2020 10 30 21:15:39,0.0,정상,0.0,0.0,정상,True
2020 10 30 21:15:44,0.0,정상,0.0,0.0,정상,True
2020 10 30 21:15:49,0.0,정상,0.0,0.0,정상,True
2020 10 30 21:15:54,0.0,정상,0.0,0.0,정상,True
2020 10 30 21:15:59,0.0,정상,0.0,0.0,정상,True
2020 10 30 21:16:04,0.0,정상,0.0,0.0,정상,True
2020 10 30 21:16:09,0.0,정상,0.0,0.0,정상,True
2020 10 30 21:16:14,0.0,정상,0.0,0.0,정상,True
2020 10 30 21:16:19,0.0,정상,0.0,0.0,정상,True
2020 10 30 21:16:24,0.0,정상,0.0,0.0,정상,True
2020 10 30 21:16:29,0.0,정상,0.0,0.0,정상,True
2020 10 30 21:16:34,0.0,정상,0.0,0.0,정상,True
2020 10 30 21:16:39,0.0,정상,0.0,0.0,정상,True
2020 10 30 21:16:44,0.0,정상,0.0,0.0,정상,True
2020 10 30 21:16:49,0.0,정상,0.0,0.0,정상,True
2020 10 30 21:16:54,0.0,정상,0.0,0.0,정상,True
2020 10 30 21:16:59,0.0,정상,0.0,0.0,정상,True
2020 10 30 21:17:04,0.0,정상,0.0,0.0,정상,True
2020 10 30 21:17:09,0.0,정상,0.0,0.0,정상,True
2020 10 30 21:17:14,0.0,정상,0.0,0.0,정상,True
2020 10 30 21:17:19,0.0,정상,0.0,0.0,정상,True
2020 10 30 21:17:24,0.0,정상,0.0,0.0,정상,True
2020 10 30 21:17:29,0.0,정상,0.0,0.0,정상,True
2020 10 30 21:17:34,0.0,정상,0.0,0.0,정상,True
2020 10 30 21:17:39,0.0,정상,0.0,0.0,정상,True
2020 10 30 21:17:44,0.0,정상,0.0,0.0,정상,True
2020 10 30 21:17:49,0.0,정상,0.0,0.0,정상,True
2020 10 30 21:17:54,0.0,정상,0.0,0.0,정상,True
2020 10 30 21:17:59,0.0,정상,0.0,0.0,정상,True
2020 10 30 21:18:04,0.0,정상,0.0,0.0,정상,True
2020 10 30 21:18:09,0.0,정상,0.0,0.0,정상,True
2020 10 30 21:18:14,0.0,정상,0.0,0.0,정상,True
2020 10 30 21:18:19,0.0,정상,0.0,0.0,정상,True
2020 10 30 21:18:24,0.0,정상,0.0,0.0,정상,True
2020 10 30 21:18:29,0.0,정상,0.0,0.0,정상,True
2020 10 30 21:18:34,0.0,정상,0.0,0.0,정상,True
2020 10 30 21:18:39,0.0,정상,0.0,0.0,정상,True
2020 10 30 21:18:44,0.0,정상,0.0,0.0,정상,True
2020 10 30 21:18:49,0.0,정상,0.0,0.0,정상,True
2020 10 30 21:18:54,0.0,정상,0.0,0.0,정상,True
2020 10 30 21:18:59,0.0,정상,0.0,0.0,정상,True
2020 10 30 21:19:04,0.0,정상,0.0,0.0,정상,True
2020 10 30 21:19:09,0.0,정상,0.0,0.0,정상,True
2020 10 30 21:19:14,0.0,정상,0.0,0.0,정상,True
2020 10 30 21:19:19,0.0,정상,0.0,0.0,정상,True
2020 10 30 21:19:24,0.0,정상,0.0,0.0,정상,True
2020 10 30 21:19:29,0.0,정상,0.0,0.0,정상,True
2020 10 30 21:19:34,0.0,정상,0.0,0.0,정상,True
2020 10 30 21:19:39,0.0,정상,0.0,0.0,정상,True
2020 10 30 21:19:44,0.0,정상,0.0,0.0,정상,True
2020 10 30 21:19:49,0.0,정상,0.0,0.0,정상,True
2020 10 30 21:19:54,0.0,정상,0.0,0.0,정상,True
2020 10 30 21:19:59,0.0,정상,0.0,0.0,정상,True
2020 10 30 21:20:04,0.0,정상,0.0,0.0,정상,True
2020 10 30 21:20:09,0.0,정상,0.0,0.0,정상,True
2020 10 30 21:20:14,0.0,정상,0.0,0.0,정상,True
2020 10 30 21:20:19,0.0,정상,0.0,0.0,정상,True
2020 10 30 21:20:24,0.0,정상,0.0,0.0,정상,True
2020 10 30 21:20:29,0.0,정상,0.0,0.0,정상,True
2020 10 30 21:20:34,0.0,정상,0.0,0.0,정상,True
2020 10 30 21:20:39,0.0,정상,0.0,0.0,정상,True
2020 10 30 21:20:44,0.0,정상,0.0,0.0,정상,True
2020 10 30 21:20:49,0.0,정상,0.0,0.0,정상,True
2020 10 30 21:20:54,0.0,정상,0.0,0.0,정상,True
2020 10 30 21:20:59,0.0,정상,0.0,0.0,정상,True
2020 10 30 21:21:04,0.0,정상,0.0,0.0,정상,True
2020 10 30 21:21:09,0.0,정상,0.0,0.0,정상,True
2020 10 30 21:21:14,0.0,정상,0.0,0.0,정상,True
2020 10 30 21:21:19,0.0,정상,0.0,0.0,정상,True
2020 10 30 21:21:24,0.0,정상,0.0,0.0,정상,True
2020 10 30 21:21:29,0.0,정상,0.0,0.0,정상,True
2020 10 30 21:21:34,0.0,정상,0.0,0.0,정상,True
2020 10 30 21:21:39,0.0,정상,0.0,0.0,정상,True
2020 10 30 21:21:44,0.0,정상,0.0,0.0,정상,True
2020 10 30 21:21:49,0.0,정상,0.0,0.0,정상,True
2020 10 30 21:21:54,0.0,정상,0.0,0.0,정상,True
2020 10 30 21:21:59,0.0,정상,0.0,0.0,정상,True
2020 10 30 21:22:04,0.0,정상,0.0,0.0,정상,True
2020 10 30 21:22:09,0.0,정상,0.0,0.0,정상,True
2020 10 30 21:22:14,0.0,정상,0.0,0.0,정상,True
2020 10 30 21:22:19,0.0,정상,0.0,0.0,정상,True
2020 10 30 21:22:24,0.0,정상,0.0,0.0,정상,True
2020 10 30 21:22:29,0.0,정상,0.0,0.0,정상,True
2020 10 30 21:22:34,0.0,정상,0.0,0.0,정상,True
2020 10 30 21:22:39,0.0,정상,0.0,0.0,정상,True
2020 10 30 21:22:44,0.0,정상,0.0,0.0,정상,True
2020 10 30 21:22:49,0.0,정상,0.0,0.0,정상,True
2020 10 30 21:22:54,0.0,정상,0.0,0.0,정상,True
2020 10 30 21:22:59,0.0,정상,0.0,0.0,정상,True
2020 10 30 21:23:04,0.0,정상,0.0,0.0,정상,True
2020 10 30 21:23:09,0.0,정상,0.0,0.0,정상,True
2020 10 30 21:23:14,0.0,정상,0.0,0.0,정상,True
2020 10 30 21:23:19,0.0,정상,0.0,0.0,정상,True
2020 10 30 21:23:24,0.0,정상,0.0,0.0,정상,True
2020 10 30 21:23:29,0.0,정상,0.0,0.0,정상,True
2020 10 30 21:23:34,0.0,정상,0.0,0.0,정상,True
2020 10 30 21:23:39,0.0,정상,0.0,0.0,정상,True
2020 10 30 21:23:44,0.0,정상,0.0,0.0,정상,True
2020 10 30 21:23:49,0.0,정상,0.0,0.0,정상,True
2020 10 30 21:23:54,0.0,정상,0.0,0.0,정상,True
2020 10 30 21:23:59,0.0,정상,0.0,0.0,정상,True
2020 10 30 21:24:04,0.0,정상,0.0,0.0,정상,True
2020 10 30 21:24:09,0.0,정상,0.0,0.0,정상,True
2020 10 30 21:24:14,0.0,정상,0.0,0.0,정상,True
2020 10 30 21:24:19,0.0,정상,0.0,0.0,정상,True
2020 10 30 21:24:24,0.0,정상,0.0,0.0,정상,True
2020 10 30 21:24:29,0.0,정상,0.0,0.0,정상,True
2020 10 30 21:24:34,0.0,정상,0.0,0.0,정상,True
2020 10 30 21:24:39,0.0,정상,0.0,0.0,정상,True
2020 10 30 21:24:44,0.0,정상,0.0,0.0,정상,True
2020 10 30 21:24:49,0.0,정상,0.0,0.0,정상,True
2020 10 30 21:24:54,0.0,정상,0.0,0.0,정상,True
2020 10 30 21:24:59,0.0,정상,0.0,0.0,정상,True
2020 10 30 21:25:04,0.0,정상,0.0,0.0,정상,True
2020 10 30 21:25:09,0.0,정상,0.0,0.0,정상,True
2020 10 30 21:25:14,0.0,정상,0.0,0.0,정상,True
2020 10 30 21:25:19,0.0,정상,0.0,0.0,정상,True
2020 10 30 21:25:24,0.0,정상,0.0,0.0,정상,True
2020 10 30 21:25:29,0.0,정상,0.0,0.0,정상,True
2020 10 30 21:25:34,0.0,정상,0.0,0.0,정상,True
2020 10 30 21:25:39,0.0,정상,0.0,0.0,정상,True
2020 10 30 21:25:44,0.0,정상,0.0,0.0,정상,True
2020 10 30 21:25:49,0.0,정상,0.0,0.0,정상,True
2020 10 30 21:25:54,0.0,정상,0.0,0.0,정상,True
2020 10 30 21:25:59,0.0,정상,0.0,0.0,정상,True
2020 10 30 21:26:04,0.0,정상,0.0,0.0,정상,True
2020 10 30 21:26:09,0.0,정상,0.0,0.0,정상,True
2020 10 30 21:26:14,0.0,정상,0.0,0.0,정상,True
2020 10 30 21:26:19,0.0,정상,0.0,0.0,정상,True
2020 10 30 21:26:24,0.0,정상,0.0,0.0,정상,True
2020 10 30 21:26:29,0.0,정상,0.0,0.0,정상,True
2020 10 30 21:26:34,0.0,정상,0.0,0.0,정상,True
2020 10 30 21:26:39,0.0,정상,0.0,0.0,정상,True
2020 10 30 21:26:44,0.0,정상,0.0,0.0,정상,True
2020 10 30 21:26:49,0.0,정상,0.0,0.0,정상,True
2020 10 30 21:26:54,0.0,정상,0.0,0.0,정상,True
2020 10 30 21:26:59,0.0,정상,0.0,0.0,정상,True
2020 10 30 21:27:04,0.0,정상,0.0,0.0,정상,True
2020 10 30 21:27:09,0.0,정상,0.0,0.0,정상,True
2020 10 30 21:27:14,0.0,정상,0.0,0.0,정상,True
2020 10 30 21:27:19,0.0,정상,0.0,0.0,정상,True
2020 10 30 21:27:24,0.0,정상,0.0,0.0,정상,True
2020 10 30 21:27:29,0.0,정상,0.0,0.0,정상,True
2020 10 30 21:27:34,0.0,정상,0.0,0.0,정상,True
2020 10 30 21:27:39,0.0,정상,0.00011857707509881423,0.0,정상,True
2020 10 30 21:27:44,0.0,정상,0.00011857707509881423,0.0,정상,True
2020 10 30 21:27:49,0.0,정상,0.00011857707509881423,0.0,정상,True
2020 10 30 21:27:54,0.0,정상,0.00011857707509881423,0.0,정상,True
2020 10 30 21:27:59,0.0,정상,0.0,0.0,정상,True
2020 10 30 21:28:04,0.0,정상,0.00011857707509881423,0.0,정상,True
2020 10 30 21:28:09,0.0,정상,0.0,0.0,정상,True
2020 10 30 21:28:14,0.0,정상,0.0,0.0,정상,True
2020 10 30 21:28:19,0.0,정상,0.0,0.0,정상,True
2020 10 30 21:28:24,0.0,정상,0.00011764705882352942,0.0,정상,True
2020 10 30 21:28:29,0.0,정상,0.00011764705882352942,0.0,정상,True
2020 10 30 21:28:34,0.0,정상,0.0,0.0,정상,True
2020 10 30 21:28:39,0.0,정상,0.0,0.0,정상,True
2020 10 30 21:28:44,0.0,정상,0.0,0.0,정상,True
2020 10 30 21:28:49,0.0,정상,0.0,0.0,정상,True
2020 10 30 21:28:54,0.0,정상,0.0,0.0,정상,True
2020 10 30 21:28:59,0.0,정상,0.0,0.0,정상,True
2020 10 30 21:29:04,0.0,정상,0.0,0.0,정상,True
2020 10 30 21:29:09,0.0,정상,0.0,0.0,정상,True
2020 10 30 21:29:14,0.0,정상,0.0,0.0,정상,True
2020 10 30 21:29:19,0.0,정상,0.0,0.0,정상,True
2020 10 30 21:29:24,0.0,정상,0.0,0.0,정상,True
2020 10 30 21:29:29,0.0,정상,0.0,0.0,정상,True
2020 10 30 21:29:34,0.0,정상,0.0,0.0,정상,True
2020 10 30 21:29:39,0.0,정상,0.0,0.0,정상,True
2020 10 30 21:29:44,0.0,정상,0.0,0.0,정상,True
2020 10 30 21:29:49,0.0,정상,0.0,0.0,정상,True
2020 10 30 21:29:54,0.0,정상,0.0,0.0,정상,True
2020 10 30 21:29:59,0.0,정상,0.0,0.0,정상,True
2020 10 30 21:30:04,0.0,정상,0.0,0.0,정상,True
2020 10 30 21:30:09,0.0,정상,0.0,0.0,정상,True
2020 10 30 21:30:14,0.0,정상,0.0,0.0,정상,True
2020 10 30 21:30:19,0.0,정상,0.0,0.0,정상,True
2020 10 30 21:30:24,0.0,정상,0.0,0.0,정상,True
2020 10 30 21:30:29,0.0,정상,0.0,0.0,정상,True
2020 10 30 21:30:34,0.0,정상,0.0,0.0,정상,True
2020 10 30 21:30:39,0.0,정상,0.0,0.0,정상,True
2020 10 30 21:30:44,0.0,정상,0.0,0.0,정상,True
2020 10 30 21:30:49,0.0,정상,0.0,0.0,정상,True
2020 10 30 21:30:54,0.0,정상,0.0,0.0,정상,True
2020 10 30 21:30:59,0.0,정상,0.0,0.0,정상,True
2020 10 30 21:31:04,0.0,정상,0.0,0.0,정상,True
2020 10 30 21:31:09,0.0,정상,0.0,0.0,정상,True
2020 10 30 21:31:14,0.0,정상,0.0,0.0,정상,True
2020 10 30 21:31:19,0.0,정상,0.0,0.0,정상,True
2020 10 30 21:31:24,0.0,정상,0.0,0.0,정상,True
2020 10 30 21:31:29,0.0,정상,0.0,0.0,정상,True
2020 10 30 21:31:34,0.0,정상,0.0,0.0,정상,True
2020 10 30 21:31:39,0.0,정상,0.0,0.0,정상,True
2020 10 30 21:31:44,0.0,정상,0.0,0.0,정상,True
2020 10 30 21:31:49,0.0,정상,0.0,0.0,정상,True
2020 10 30 21:31:54,0.0,정상,0.0,0.0,정상,True
2020 10 30 21:31:59,0.0,정상,0.0,0.0,정상,True
2020 10 30 21:32:04,0.0,정상,0.0,0.0,정상,True
2020 10 30 21:32:09,0.0,정상,0.0,0.0,정상,True
2020 10 30 21:32:14,0.0,정상,0.0,0.0,정상,True
2020 10 30 21:32:19,0.0,정상,0.0,0.0,정상,True
2020 10 30 21:32:24,0.0,정상,0.0,0.0,정상,True
2020 10 30 21:32:29,0.0,정상,0.0,0.0,정상,True
2020 10 30 21:32:34,0.0,정상,0.0,0.0,정상,True
2020 10 30 21:32:39,0.0,정상,0.0,0.0,정상,True
2020 10 30 21:32:44,0.0,정상,0.0,0.0,정상,True
2020 10 30 21:32:49,0.0,정상,0.0,0.0,정상,True
2020 10 30 21:32:54,0.0,정상,0.0,0.0,정상,True
2020 10 30 21:32:59,0.0,정상,0.0,0.0,정상,True
2020 10 30 21:33:04,0.0,정상,0.0,0.0,정상,True
2020 10 30 21:33:09,0.0,정상,0.0,0.0,정상,True
2020 10 30 21:33:14,0.0,정상,0.0,0.0,정상,True
2020 10 30 21:33:19,0.0,정상,0.0,0.0,정상,True
2020 10 30 21:33:24,0.0,정상,0.0,0.0,정상,True
2020 10 30 21:33:29,0.0,정상,0.0,0.0,정상,True
2020 10 30 21:33:34,0.0,정상,0.0,0.0,정상,True
2020 10 30 21:33:39,0.0,정상,0.0,0.0,정상,True
2020 10 30 21:33:44,0.0,정상,0.0,0.0,정상,True
2020 10 30 21:33:49,0.0,정상,0.0,0.0,정상,True
2020 10 30 21:33:54,0.0,정상,0.0,0.0,정상,True
2020 10 30 21:33:59,0.0,정상,0.0,0.0,정상,True
2020 10 30 21:34:04,0.0,정상,0.0,0.0,정상,True
2020 10 30 21:34:09,0.0,정상,0.0,0.0,정상,True
2020 10 30 21:34:14,0.0,정상,0.0,0.0,정상,True
2020 10 30 21:34:19,0.0,정상,0.0,0.0,정상,True
2020 10 30 21:34:24,0.0,정상,0.0,0.0,정상,True
2020 10 30 21:34:29,0.0,정상,0.0,0.0,정상,True
2020 10 30 21:34:34,0.0,정상,0.0,0.0,정상,True
2020 10 30 21:34:39,0.0,정상,0.0,0.0,정상,True
2020 10 30 21:34:44,0.0,정상,0.0,0.0,정상,True
2020 10 30 21:34:49,0.0,정상,0.0,0.0,정상,True
2020 10 30 21:34:54,0.0,정상,0.00011857707509881423,0.0,정상,True
2020 10 30 21:34:59,0.0,정상,0.00011857707509881423,0.0,정상,True
2020 10 30 21:35:04,0.0,정상,0.00011857707509881423,0.0,정상,True
2020 10 30 21:35:09,0.0,정상,0.00011857707509881423,0.0,정상,True
2020 10 30 21:35:14,0.0,정상,0.00011857707509881423,0.0,정상,True
2020 10 30 21:35:19,0.0,정상,0.00011857707509881423,0.0,정상,True
2020 10 30 21:35:24,0.0,정상,0.00011857707509881423,0.0,정상,True
2020 10 30 21:35:29,0.0,정상,0.00011857707509881423,0.0,정상,True
2020 10 30 21:35:34,0.0,정상,0.00011857707509881423,0.0,정상,True
2020 10 30 21:35:39,0.0,정상,0.00023622413392234364,0.0,정상,True
2020 10 30 21:35:44,0.0,정상,0.00011857707509881423,0.0,정상,True
2020 10 30 21:35:49,0.0,정상,0.00011857707509881423,0.0,정상,True
2020 10 30 21:35:54,0.0,정상,0.0,0.0,정상,True
2020 10 30 21:35:59,0.0,정상,0.00011764705882352942,0.0,정상,True
2020 10 30 21:36:04,0.0,정상,0.0,0.0,정상,True
2020 10 30 21:36:09,0.0,정상,0.0,0.0,정상,True
2020 10 30 21:36:14,0.0,정상,0.0,0.0,정상,True
2020 10 30 21:36:19,0.0,정상,0.00011857707509881423,0.0,정상,True
2020 10 30 21:36:24,0.0,정상,0.00011857707509881423,0.0,정상,True
2020 10 30 21:36:29,0.0,정상,0.0,0.0,정상,True
2020 10 30 21:36:34,0.0,정상,0.0,0.0,정상,True
2020 10 30 21:36:39,0.0,정상,0.0,0.0,정상,True
2020 10 30 21:36:44,0.0,정상,0.0,0.0,정상,True
2020 10 30 21:36:49,0.0,정상,0.0,0.0,정상,True
2020 10 30 21:36:54,0.0,정상,0.0,0.0,정상,True
2020 10 30 21:36:59,0.0,정상,0.0,0.0,정상,True
2020 10 30 21:37:04,0.0,정상,0.0,0.0,정상,True
2020 10 30 21:37:09,0.0,정상,0.0,0.0,정상,True
2020 10 30 21:37:14,0.0,정상,0.0,0.0,정상,True
2020 10 30 21:37:19,0.0,정상,0.0,0.0,정상,True
2020 10 30 21:37:24,0.0,정상,0.0,0.0,정상,True
2020 10 30 21:37:29,0.0,정상,0.0,0.0,정상,True
2020 10 30 21:37:34,0.0,정상,0.0,0.0,정상,True
2020 10 30 21:37:39,0.0,정상,0.0,0.0,정상,True
2020 10 30 21:37:44,0.0,정상,0.0,0.0,정상,True
2020 10 30 21:37:49,0.0,정상,0.0,0.0,정상,True
2020 10 30 21:37:54,0.0,정상,0.0,0.0,정상,True
2020 10 30 21:37:59,0.0,정상,0.0,0.0,정상,True
2020 10 30 21:38:04,0.0,정상,0.0,0.0,정상,True
2020 10 30 21:38:09,0.0,정상,0.0,0.0,정상,True
2020 10 30 21:38:14,0.0,정상,0.0,0.0,정상,True
2020 10 30 21:38:19,0.0,정상,0.0,0.0,정상,True
2020 10 30 21:38:24,0.0,정상,0.0,0.0,정상,True
2020 10 30 21:38:29,0.0,정상,0.0,0.0,정상,True
2020 10 30 21:38:34,0.0,정상,0.0,0.0,정상,True
2020 10 30 21:38:39,0.0,정상,0.0,0.0,정상,True
2020 10 30 21:38:44,0.0,정상,0.0,0.0,정상,True
2020 10 30 21:38:49,0.0,정상,0.0,0.0,정상,True
2020 10 30 21:38:54,0.0,정상,0.0,0.0,정상,True
2020 10 30 21:38:59,0.0,정상,0.0,0.0,정상,True
2020 10 30 21:39:04,0.0,정상,0.0,0.0,정상,True
2020 10 30 21:39:09,0.0,정상,0.0,0.0,정상,True
2020 10 30 21:39:14,0.0,정상,0.0,0.0,정상,True
2020 10 30 21:39:19,0.0,정상,0.0,0.0,정상,True
2020 10 30 21:39:24,0.0,정상,0.0,0.0,정상,True
2020 10 30 21:39:29,0.0,정상,0.0,0.0,정상,True
2020 10 30 21:39:34,0.0,정상,0.0,0.0,정상,True
2020 10 30 21:39:39,0.0,정상,0.0,0.0,정상,True
2020 10 30 21:39:44,0.0,정상,0.0,0.0,정상,True
2020 10 30 21:39:49,0.0,정상,0.0,0.0,정상,True
2020 10 30 21:39:54,0.0,정상,0.0,0.0,정상,True
2020 10 30 21:39:59,0.0,정상,0.0,0.0,정상,True
2020 10 30 21:40:04,0.0,정상,0.0,0.0,정상,True
2020 10 30 21:40:09,0.0,정상,0.0,0.0,정상,True
2020 10 30 21:40:14,0.0,정상,0.0,0.0,정상,True
2020 10 30 21:40:19,0.0,정상,0.0,0.0,정상,True
2020 10 30 21:40:24,0.0,정상,0.0,0.0,정상,True
2020 10 30 21:40:29,0.0,정상,0.0,0.0,정상,True
2020 10 30 21:40:34,0.0,정상,0.0,0.0,정상,True
2020 10 30 21:40:39,0.0,정상,0.0,0.0,정상,True
2020 10 30 21:40:44,0.0,정상,0.0,0.0,정상,True
2020 10 30 21:40:49,0.0,정상,0.0,0.0,정상,True
2020 10 30 21:40:54,0.0,정상,0.0,0.0,정상,True
2020 10 30 21:40:59,0.0,정상,0.0,0.0,정상,True
2020 10 30 21:41:04,0.0,정상,0.0,0.0,정상,True
2020 10 30 21:41:09,0.0,정상,0.0,0.0,정상,True
2020 10 30 21:41:14,0.0,정상,0.0,0.0,정상,True
2020 10 30 21:41:19,0.0,정상,0.0,0.0,정상,True
2020 10 30 21:41:24,0.0,정상,0.0,0.0,정상,True
2020 10 30 21:41:29,0.0,정상,0.0,0.0,정상,True
2020 10 30 21:41:34,0.0,정상,0.0,0.0,정상,True
2020 10 30 21:41:39,0.0,정상,0.0,0.0,정상,True
2020 10 30 21:41:44,0.0,정상,0.0,0.0,정상,True
2020 10 30 21:41:49,0.0,정상,0.0,0.0,정상,True
2020 10 30 21:41:54,0.0,정상,0.0,0.0,정상,True
2020 10 30 21:41:59,0.0,정상,0.0,0.0,정상,True
2020 10 30 21:42:04,0.0,정상,0.0,0.0,정상,True
2020 10 30 21:42:09,0.0,정상,0.0,0.0,정상,True
2020 10 30 21:42:14,0.0,정상,0.0,0.0,정상,True
2020 10 30 21:42:19,0.0,정상,0.0,0.0,정상,True
2020 10 30 21:42:24,0.0,정상,0.0,0.0,정상,True
2020 10 30 21:42:29,0.0,정상,0.0,0.0,정상,True
2020 10 30 21:42:34,0.0,정상,0.0,0.0,정상,True
2020 10 30 21:42:39,0.0,정상,0.0,0.0,정상,True
2020 10 30 21:42:44,0.0,정상,0.0,0.0,정상,True
2020 10 30 21:42:49,0.0,정상,0.0,0.0,정상,True
2020 10 30 21:42:54,0.0,정상,0.0,0.0,정상,True
2020 10 30 21:42:59,0.0,정상,0.0,0.0,정상,True
2020 10 30 21:43:04,0.0,정상,0.0,0.0,정상,True
2020 10 30 21:43:09,0.0,정상,0.0,0.0,정상,True
2020 10 30 21:43:14,0.0,정상,0.0,0.0,정상,True
2020 10 30 21:43:19,0.0,정상,0.0,0.0,정상,True
2020 10 30 21:43:24,0.0,정상,0.0,0.0,정상,True
2020 10 30 21:43:29,0.0,정상,0.0,0.0,정상,True
2020 10 30 21:43:34,0.0,정상,0.0,0.0,정상,True
2020 10 30 21:43:39,0.0,정상,0.0,0.0,정상,True
2020 10 30 21:43:44,0.0,정상,0.0,0.0,정상,True
2020 10 30 21:43:49,0.0,정상,0.0,0.0,정상,True
2020 10 30 21:43:54,0.0,정상,0.0,0.0,정상,True
2020 10 30 21:43:59,0.0,정상,0.0,0.0,정상,True
2020 10 30 21:44:04,0.0,정상,0.0,0.0,정상,True
2020 10 30 21:44:09,0.0,정상,0.0,0.0,정상,True
2020 10 30 21:44:14,0.0,정상,0.0,0.0,정상,True
2020 10 30 21:44:19,0.0,정상,0.0,0.0,정상,True
2020 10 30 21:44:24,0.0,정상,0.0,0.0,정상,True
2020 10 30 21:44:29,0.0,정상,0.0,0.0,정상,True
2020 10 30 21:44:34,0.0,정상,0.0,0.0,정상,True
2020 10 30 21:44:39,0.0,정상,0.0,0.0,정상,True
2020 10 30 21:44:44,0.0,정상,0.0,0.0,정상,True
2020 10 30 21:44:49,0.0,정상,0.0,0.0,정상,True
2020 10 30 21:44:54,0.0,정상,0.0,0.0,정상,True
2020 10 30 21:44:59,0.0,정상,0.0,0.0,정상,True
2020 10 30 21:45:04,0.0,정상,0.0,0.0,정상,True
2020 10 30 21:45:09,0.0,정상,0.0,0.0,정상,True
2020 10 30 21:45:14,0.0,정상,0.0,0.0,정상,True
2020 10 30 21:45:19,0.0,정상,0.0,0.0,정상,True
2020 10 30 21:45:24,0.0,정상,0.0,0.0,정상,True
2020 10 30 21:45:29,0.0,정상,0.0,0.0,정상,True
2020 10 30 21:45:34,0.0,정상,0.0,0.0,정상,True
2020 10 30 21:45:39,0.0,정상,0.0,0.0,정상,True
2020 10 30 21:45:44,0.0,정상,0.0,0.0,정상,True
2020 10 30 21:45:49,0.0,정상,0.0,0.0,정상,True
2020 10 30 21:45:54,0.0,정상,0.0,0.0,정상,True
2020 10 30 21:45:59,0.0,정상,0.0,0.0,정상,True
2020 10 30 21:46:04,0.0,정상,0.0,0.0,정상,True
2020 10 30 21:46:09,0.0,정상,0.0,0.0,정상,True
2020 10 30 21:46:14,0.0,정상,0.0,0.0,정상,True
2020 10 30 21:46:19,0.0,정상,0.0,0.0,정상,True
2020 10 30 21:46:24,0.0,정상,0.0,0.0,정상,True
2020 10 30 21:46:29,0.0,정상,0.0,0.0,정상,True
2020 10 30 21:46:34,0.0,정상,0.0,0.0,정상,True
2020 10 30 21:46:39,0.0,정상,0.0,0.0,정상,True
2020 10 30 21:46:44,0.0,정상,0.0,0.0,정상,True
2020 10 30 21:46:49,0.0,정상,0.0,0.0,정상,True
2020 10 30 21:46:54,0.0,정상,0.0,0.0,정상,True
2020 10 30 21:46:59,0.0,정상,0.0,0.0,정상,True
2020 10 30 21:47:04,0.0,정상,0.0,0.0,정상,True
2020 10 30 21:47:09,0.0,정상,0.0,0.0,정상,True
2020 10 30 21:47:14,0.0,정상,0.0,0.0,정상,True
2020 10 30 21:47:19,0.0,정상,0.0,0.0,정상,True
2020 10 30 21:47:24,0.0,정상,0.0,0.0,정상,True
2020 10 30 21:47:29,0.0,정상,0.0,0.0,정상,True
2020 10 30 21:47:34,0.0,정상,0.0,0.0,정상,True
2020 10 30 21:47:39,0.0,정상,0.0,0.0,정상,True
2020 10 30 21:47:44,0.0,정상,0.0,0.0,정상,True
2020 10 30 21:47:49,0.0,정상,0.0,0.0,정상,True
2020 10 30 21:47:54,0.0,정상,0.0,0.0,정상,True
2020 10 30 21:47:59,0.0,정상,0.0,0.0,정상,True
2020 10 30 21:48:04,0.0,정상,0.0,0.0,정상,True
2020 10 30 21:48:09,0.0,정상,0.0,0.0,정상,True
2020 10 30 21:48:14,0.0,정상,0.0,0.0,정상,True
2020 10 30 21:48:19,0.0,정상,0.0,0.0,정상,True
2020 10 30 21:48:24,0.0,정상,0.0,0.0,정상,True
2020 10 30 21:48:29,0.0,정상,0.0,0.0,정상,True
2020 10 30 21:48:34,0.0,정상,0.0,0.0,정상,True
2020 10 30 21:48:39,0.0,정상,0.0,0.0,정상,True
2020 10 30 21:48:44,0.0,정상,0.0,0.0,정상,True
2020 10 30 21:48:49,0.0,정상,0.0,0.0,정상,True
2020 10 30 21:48:54,0.0,정상,0.0,0.0,정상,True
2020 10 30 21:48:59,0.0,정상,0.0,0.0,정상,True
2020 10 30 21:49:04,0.0,정상,0.0,0.0,정상,True
2020 10 30 21:49:09,0.0,정상,0.0,0.0,정상,True
2020 10 30 21:49:14,0.0,정상,0.0,0.0,정상,True
2020 10 30 21:49:19,0.0,정상,0.0,0.0,정상,True
2020 10 30 21:49:24,0.0,정상,0.0,0.0,정상,True
2020 10 30 21:49:29,0.0,정상,0.0,0.0,정상,True
2020 10 30 21:49:34,0.0,정상,0.0,0.0,정상,True
2020 10 30 21:49:39,0.0,정상,0.0,0.0,정상,True
2020 10 30 21:49:44,0.0,정상,0.0,0.0,정상,True
2020 10 30 21:49:49,0.0,정상,0.0,0.0,정상,True
2020 10 30 21:49:54,0.0,정상,0.0,0.0,정상,True
2020 10 30 21:49:59,0.0,정상,0.0,0.0,정상,True
2020 10 30 21:50:04,0.0,정상,0.0,0.0,정상,True
2020 10 30 21:50:09,0.0,정상,0.0,0.0,정상,True
2020 10 30 21:50:14,0.0,정상,0.0,0.0,정상,True
2020 10 30 21:50:19,0.0,정상,0.0,0.0,정상,True
2020 10 30 21:50:24,0.0,정상,0.0,0.0,정상,True
2020 10 30 21:50:29,0.0,정상,0.0,0.0,정상,True
2020 10 30 21:50:34,0.0,정상,0.0,0.0,정상,True
2020 10 30 21:50:39,0.0,정상,0.0,0.0,정상,True
2020 10 30 21:50:44,0.0,정상,0.0,0.0,정상,True
2020 10 30 21:50:49,0.0,정상,0.0,0.0,정상,True
2020 10 30 21:50:54,0.0,정상,0.0,0.0,정상,True
2020 10 30 21:50:59,0.0,정상,0.0,0.0,정상,True
2020 10 30 21:51:04,0.0,정상,0.0,0.0,정상,True
2020 10 30 21:51:09,0.0,정상,0.0,0.0,정상,True
2020 10 30 21:51:14,0.0,정상,0.0,0.0,정상,True
2020 10 30 21:51:19,0.0,정상,0.0,0.0,정상,True
2020 10 30 21:51:24,0.0,정상,0.0,0.0,정상,True
2020 10 30 21:51:29,0.0,정상,0.0,0.0,정상,True
2020 10 30 21:51:34,0.0,정상,0.0,0.0,정상,True
2020 10 30 21:51:39,0.0,정상,0.0,0.0,정상,True
2020 10 30 21:51:44,0.0,정상,0.0,0.0,정상,True
2020 10 30 21:51:49,0.0,정상,0.0,0.0,정상,True
2020 10 30 21:51:54,0.0,정상,0.0,0.0,정상,True
2020 10 30 21:51:59,0.0,정상,0.0,0.0,정상,True
2020 10 30 21:52:04,0.0,정상,0.0,0.0,정상,True
2020 10 30 21:52:09,0.0,정상,0.0,0.0,정상,True
2020 10 30 21:52:14,0.0,정상,0.0,0.0,정상,True
2020 10 30 21:52:19,0.0,정상,0.0,0.0,정상,True
2020 10 30 21:52:24,0.0,정상,0.0,0.0,정상,True
2020 10 30 21:52:29,0.0,정상,0.0,0.0,정상,True
2020 10 30 21:52:34,0.0,정상,0.0,0.0,정상,True
2020 10 30 21:52:39,0.0,정상,0.0,0.0,정상,True
2020 10 30 21:52:44,0.0,정상,0.0,0.0,정상,True
2020 10 30 21:52:49,0.0,정상,0.0,0.0,정상,True
2020 10 30 21:52:54,0.0,정상,0.0,0.0,정상,True
2020 10 30 21:52:59,0.0,정상,0.0,0.0,정상,True
2020 10 30 21:53:04,0.0,정상,0.0,0.0,정상,True
2020 10 30 21:53:09,0.0,정상,0.0,0.0,정상,True
2020 10 30 21:53:14,0.0,정상,0.0,0.0,정상,True
2020 10 30 21:53:19,0.0,정상,0.0,0.0,정상,True
2020 10 30 21:53:24,0.0,정상,0.0,0.0,정상,True
2020 10 30 21:53:29,0.0,정상,0.0,0.0,정상,True
2020 10 30 21:53:34,0.0,정상,0.0,0.0,정상,True
2020 10 30 21:53:39,0.0,정상,0.0,0.0,정상,True
2020 10 30 21:53:44,0.0,정상,0.0,0.0,정상,True
2020 10 30 21:53:49,0.0,정상,0.0,0.0,정상,True
2020 10 30 21:53:54,0.0,정상,0.0,0.0,정상,True
2020 10 30 21:53:59,0.0,정상,0.0,0.0,정상,True
2020 10 30 21:54:04,0.0,정상,0.0,0.0,정상,True
2020 10 30 21:54:09,0.0,정상,0.0,0.0,정상,True
2020 10 30 21:54:14,0.0,정상,0.0,0.0,정상,True
2020 10 30 21:54:19,0.0,정상,0.0,0.0,정상,True
2020 10 30 21:54:24,0.0,정상,0.0,0.0,정상,True
2020 10 30 21:54:29,0.0,정상,0.0,0.0,정상,True
2020 10 30 21:54:34,0.0,정상,0.0,0.0,정상,True
2020 10 30 21:54:39,0.0,정상,0.0,0.0,정상,True
2020 10 30 21:54:44,0.0,정상,0.0,0.0,정상,True
2020 10 30 21:54:49,0.0,정상,0.0,0.0,정상,True
2020 10 30 21:54:54,0.0,정상,0.0,0.0,정상,True
2020 10 30 21:54:59,0.0,정상,0.0,0.0,정상,True
2020 10 30 21:55:04,0.0,정상,0.0,0.0,정상,True
2020 10 30 21:55:09,0.0,정상,0.0,0.0,정상,True
2020 10 30 21:55:14,0.0,정상,0.0,0.0,정상,True
2020 10 30 21:55:19,0.0,정상,0.0,0.0,정상,True
2020 10 30 21:55:24,0.0,정상,0.0,0.0,정상,True
2020 10 30 21:55:29,0.0,정상,0.0,0.0,정상,True
2020 10 30 21:55:34,0.0,정상,0.0,0.0,정상,True
2020 10 30 21:55:39,0.0,정상,0.00011857707509881423,0.0,정상,True
2020 10 30 21:55:44,0.0,정상,0.00011857707509881423,0.0,정상,True
2020 10 30 21:55:49,0.0,정상,0.00011857707509881423,0.0,정상,True
2020 10 30 21:55:54,0.0,정상,0.00011857707509881423,0.0,정상,True
2020 10 30 21:55:59,0.0,정상,0.0,0.0,정상,True
2020 10 30 21:56:04,0.0,정상,0.0,0.0,정상,True
2020 10 30 21:56:09,0.0,정상,0.00011857707509881423,0.0,정상,True
2020 10 30 21:56:14,0.0,정상,0.0,0.0,정상,True
2020 10 30 21:56:19,0.0,정상,0.0,0.0,정상,True
2020 10 30 21:56:24,0.0,정상,0.00011857707509881423,0.0,정상,True
2020 10 30 21:56:29,0.0,정상,0.00011857707509881423,0.0,정상,True
2020 10 30 21:56:34,0.0,정상,0.00011857707509881423,0.0,정상,True
2020 10 30 21:56:39,0.0,정상,0.00011857707509881423,0.0,정상,True
2020 10 30 21:56:44,0.0,정상,0.00011857707509881423,0.0,정상,True
2020 10 30 21:56:49,0.0,정상,0.0,0.0,정상,True
2020 10 30 21:56:54,0.0,정상,0.00011857707509881423,0.0,정상,True
2020 10 30 21:56:59,0.0,정상,0.00011857707509881423,0.0,정상,True
2020 10 30 21:57:04,0.0,정상,0.00011857707509881423,0.0,정상,True
2020 10 30 21:57:09,0.0,정상,0.00011857707509881423,0.0,정상,True
2020 10 30 21:57:14,0.0,정상,0.00011857707509881423,0.0,정상,True
2020 10 30 21:57:19,0.0,정상,0.00011857707509881423,0.0,정상,True
2020 10 30 21:57:24,0.0,정상,0.00011857707509881423,0.0,정상,True
2020 10 30 21:57:29,0.0,정상,0.0,0.0,정상,True
2020 10 30 21:57:34,0.0,정상,0.0,0.0,정상,True
2020 10 30 21:57:39,0.0,정상,0.0,0.0,정상,True
2020 10 30 21:57:44,0.0,정상,0.0,0.0,정상,True
2020 10 30 21:57:49,0.0,정상,0.0,0.0,정상,True
2020 10 30 21:57:54,0.0,정상,0.0,0.0,정상,True
2020 10 30 21:57:59,0.0,정상,0.0,0.0,정상,True
2020 10 30 21:58:04,0.0,정상,0.0,0.0,정상,True
2020 10 30 21:58:09,0.0,정상,0.0,0.0,정상,True
2020 10 30 21:58:14,0.0,정상,0.0,0.0,정상,True
2020 10 30 21:58:19,0.0,정상,0.0,0.0,정상,True
2020 10 30 21:58:24,0.0,정상,0.0,0.0,정상,True
2020 10 30 21:58:29,0.0,정상,0.0,0.0,정상,True
2020 10 30 21:58:34,0.0,정상,0.0,0.0,정상,True
2020 10 30 21:58:39,0.0,정상,0.0,0.0,정상,True
2020 10 30 21:58:44,0.0,정상,0.0,0.0,정상,True
2020 10 30 21:58:49,0.0,정상,0.0,0.0,정상,True
2020 10 30 21:58:54,0.0,정상,0.0,0.0,정상,True
2020 10 30 21:58:59,0.0,정상,0.0,0.0,정상,True
2020 10 30 21:59:04,0.0,정상,0.0,0.0,정상,True
2020 10 30 21:59:09,0.0,정상,0.0,0.0,정상,True
2020 10 30 21:59:14,0.0,정상,0.0,0.0,정상,True
2020 10 30 21:59:19,0.0,정상,0.0,0.0,정상,True
2020 10 30 21:59:24,0.0,정상,0.0,0.0,정상,True
2020 10 30 21:59:29,0.0,정상,0.0,0.0,정상,True
2020 10 30 21:59:34,0.0,정상,0.0,0.0,정상,True
2020 10 30 21:59:39,0.0,정상,0.0,0.0,정상,True
2020 10 30 21:59:44,0.0,정상,0.0,0.0,정상,True
2020 10 30 21:59:49,0.0,정상,0.0,0.0,정상,True
2020 10 30 21:59:54,0.0,정상,0.0,0.0,정상,True
2020 10 30 21:59:59,0.0,정상,0.0,0.0,정상,True
2020 10 30 22:00:04,0.0,정상,0.0,0.0,정상,True
2020 10 30 22:00:09,0.0,정상,0.0,0.0,정상,True
2020 10 30 22:00:14,0.0,정상,0.0,0.0,정상,True
2020 10 30 22:00:19,0.0,정상,0.0,0.0,정상,True
2020 10 30 22:00:24,0.0,정상,0.0,0.0,정상,True
2020 10 30 22:00:29,0.0,정상,0.0,0.0,정상,True
2020 10 30 22:00:34,0.0,정상,0.0,0.0,정상,True
2020 10 30 22:00:39,0.0,정상,0.0,0.0,정상,True
2020 10 30 22:00:44,0.0,정상,0.0,0.0,정상,True
2020 10 30 22:00:49,0.0,정상,0.0,0.0,정상,True
2020 10 30 22:00:54,0.0,정상,0.0,0.0,정상,True
2020 10 30 22:00:59,0.0,정상,0.0,0.0,정상,True
2020 10 30 22:01:04,0.0,정상,0.0,0.0,정상,True
2020 10 30 22:01:09,0.0,정상,0.0,0.0,정상,True
2020 10 30 22:01:14,0.0,정상,0.0,0.0,정상,True
2020 10 30 22:01:19,0.0,정상,0.0,0.0,정상,True
2020 10 30 22:01:24,0.0,정상,0.0,0.0,정상,True
2020 10 30 22:01:29,0.0,정상,0.0,0.0,정상,True
2020 10 30 22:01:34,0.0,정상,0.0,0.0,정상,True
2020 10 30 22:01:39,0.0,정상,0.0,0.0,정상,True
2020 10 30 22:01:44,0.0,정상,0.0,0.0,정상,True
2020 10 30 22:01:49,0.0,정상,0.0,0.0,정상,True
2020 10 30 22:01:54,0.0,정상,0.0,0.0,정상,True
2020 10 30 22:01:59,0.0,정상,0.0,0.0,정상,True
2020 10 30 22:02:04,0.0,정상,0.0,0.0,정상,True
2020 10 30 22:02:09,0.0,정상,0.0,0.0,정상,True
2020 10 30 22:02:14,0.0,정상,0.0,0.0,정상,True
2020 10 30 22:02:19,0.0,정상,0.0,0.0,정상,True
2020 10 30 22:02:24,0.0,정상,0.0,0.0,정상,True
2020 10 30 22:02:29,0.0,정상,0.0,0.0,정상,True
2020 10 30 22:02:34,0.0,정상,0.0,0.0,정상,True
2020 10 30 22:02:39,0.0,정상,0.0,0.0,정상,True
2020 10 30 22:02:44,0.0,정상,0.0,0.0,정상,True
2020 10 30 22:02:49,0.0,정상,0.0,0.0,정상,True
2020 10 30 22:02:54,0.0,정상,0.0,0.0,정상,True
2020 10 30 22:02:59,0.0,정상,0.0,0.0,정상,True
2020 10 30 22:03:04,0.0,정상,0.0,0.0,정상,True
2020 10 30 22:03:09,0.0,정상,0.0,0.0,정상,True
2020 10 30 22:03:14,0.0,정상,0.0,0.0,정상,True
2020 10 30 22:03:19,0.0,정상,0.0,0.0,정상,True
2020 10 30 22:03:24,0.0,정상,0.0,0.0,정상,True
2020 10 30 22:03:29,0.0,정상,0.0,0.0,정상,True
2020 10 30 22:03:34,0.0,정상,0.0,0.0,정상,True
2020 10 30 22:03:39,0.0,정상,0.0,0.0,정상,True
2020 10 30 22:03:44,0.0,정상,0.0,0.0,정상,True
2020 10 30 22:03:49,0.0,정상,0.0,0.0,정상,True
2020 10 30 22:03:54,0.0,정상,0.0,0.0,정상,True
2020 10 30 22:03:59,0.0,정상,0.0,0.0,정상,True
2020 10 30 22:04:04,0.0,정상,0.0,0.0,정상,True
2020 10 30 22:04:09,0.0,정상,0.0,0.0,정상,True
2020 10 30 22:04:14,0.0,정상,0.0,0.0,정상,True
2020 10 30 22:04:19,0.0,정상,0.0,0.0,정상,True
2020 10 30 22:04:24,0.0,정상,0.0,0.0,정상,True
2020 10 30 22:04:29,0.0,정상,0.0,0.0,정상,True
2020 10 30 22:04:34,0.0,정상,0.0,0.0,정상,True
2020 10 30 22:04:39,0.0,정상,0.0,0.0,정상,True
2020 10 30 22:04:44,0.0,정상,0.0,0.0,정상,True
2020 10 30 22:04:49,0.0,정상,0.0,0.0,정상,True
2020 10 30 22:04:54,0.0,정상,0.0,0.0,정상,True
2020 10 30 22:04:59,0.0,정상,0.0,0.0,정상,True
2020 10 30 22:05:04,0.0,정상,0.0,0.0,정상,True
2020 10 30 22:05:09,0.0,정상,0.0,0.0,정상,True
2020 10 30 22:05:14,0.0,정상,0.0,0.0,정상,True
2020 10 30 22:05:19,0.0,정상,0.0,0.0,정상,True
2020 10 30 22:05:24,0.0,정상,0.0,0.0,정상,True
2020 10 30 22:05:29,0.0,정상,0.0,0.0,정상,True
2020 10 30 22:05:34,0.0,정상,0.0,0.0,정상,True
2020 10 30 22:05:39,0.0,정상,0.0,0.0,정상,True
2020 10 30 22:05:44,0.0,정상,0.0,0.0,정상,True
2020 10 30 22:05:49,0.0,정상,0.0,0.0,정상,True
2020 10 30 22:05:54,0.0,정상,0.0,0.0,정상,True
2020 10 30 22:05:59,0.0,정상,0.0,0.0,정상,True
2020 10 30 22:06:04,0.0,정상,0.0,0.0,정상,True
2020 10 30 22:06:09,0.0,정상,0.0,0.0,정상,True
2020 10 30 22:06:14,0.0,정상,0.0,0.0,정상,True
2020 10 30 22:06:19,0.0,정상,0.0,0.0,정상,True
2020 10 30 22:06:24,0.0,정상,0.0,0.0,정상,True
2020 10 30 22:06:29,0.0,정상,0.0,0.0,정상,True
2020 10 30 22:06:34,0.0,정상,0.0,0.0,정상,True
2020 10 30 22:06:39,0.0,정상,0.0,0.0,정상,True
2020 10 30 22:06:44,0.0,정상,0.0,0.0,정상,True
2020 10 30 22:06:49,0.0,정상,0.0,0.0,정상,True
2020 10 30 22:06:54,0.0,정상,0.0,0.0,정상,True
2020 10 30 22:06:59,0.0,정상,0.0,0.0,정상,True
2020 10 30 22:07:04,0.0,정상,0.0,0.0,정상,True
2020 10 30 22:07:09,0.0,정상,0.0,0.0,정상,True
2020 10 30 22:07:14,0.0,정상,0.0,0.0,정상,True
2020 10 30 22:07:19,0.0,정상,0.0,0.0,정상,True
2020 10 30 22:07:24,0.0,정상,0.0,0.0,정상,True
2020 10 30 22:07:29,0.0,정상,0.0,0.0,정상,True
2020 10 30 22:07:34,0.0,정상,0.0,0.0,정상,True
2020 10 30 22:07:39,0.0,정상,0.0,0.0,정상,True
2020 10 30 22:07:44,0.0,정상,0.0,0.0,정상,True
2020 10 30 22:07:49,0.0,정상,0.0,0.0,정상,True
2020 10 30 22:07:54,0.0,정상,0.0,0.0,정상,True
2020 10 30 22:07:59,0.0,정상,0.0,0.0,정상,True
2020 10 30 22:08:04,0.0,정상,0.0,0.0,정상,True
2020 10 30 22:08:09,0.0,정상,0.0,0.0,정상,True
2020 10 30 22:08:14,0.0,정상,0.0,0.0,정상,True
2020 10 30 22:08:19,0.0,정상,0.0,0.0,정상,True
2020 10 30 22:08:24,0.0,정상,0.0,0.0,정상,True
2020 10 30 22:08:29,0.0,정상,0.0,0.0,정상,True
2020 10 30 22:08:34,0.0,정상,0.0,0.0,정상,True
2020 10 30 22:08:39,0.0,정상,0.0,0.0,정상,True
2020 10 30 22:08:44,0.0,정상,0.0,0.0,정상,True
2020 10 30 22:08:49,0.0,정상,0.0,0.0,정상,True
2020 10 30 22:08:54,0.0,정상,0.0,0.0,정상,True
2020 10 30 22:08:59,0.0,정상,0.0,0.0,정상,True
2020 10 30 22:09:04,0.0,정상,0.0,0.0,정상,True
2020 10 30 22:09:09,0.0,정상,0.0,0.0,정상,True
2020 10 30 22:09:14,0.0,정상,0.0,0.0,정상,True
2020 10 30 22:09:19,0.0,정상,0.0,0.0,정상,True
2020 10 30 22:09:24,0.0,정상,0.0,0.0,정상,True
2020 10 30 22:09:29,0.0,정상,0.0,0.0,정상,True
2020 10 30 22:09:34,0.0,정상,0.0,0.0,정상,True
2020 10 30 22:09:39,0.0,정상,0.0,0.0,정상,True
2020 10 30 22:09:44,0.0,정상,0.0,0.0,정상,True
2020 10 30 22:09:49,0.0,정상,0.0,0.0,정상,True
2020 10 30 22:09:54,0.0,정상,0.0,0.0,정상,True
2020 10 30 22:09:59,0.0,정상,0.0,0.0,정상,True
2020 10 30 22:10:04,0.0,정상,0.0,0.0,정상,True
2020 10 30 22:10:09,0.0,정상,0.0,0.0,정상,True
2020 10 30 22:10:14,0.0,정상,0.0,0.0,정상,True
2020 10 30 22:10:19,0.0,정상,0.0,0.0,정상,True
2020 10 30 22:10:24,0.0,정상,0.0,0.0,정상,True
2020 10 30 22:10:29,0.0,정상,0.0,0.0,정상,True
2020 10 30 22:10:34,0.0,정상,0.0,0.0,정상,True
2020 10 30 22:10:39,0.0,정상,0.0,0.0,정상,True
2020 10 30 22:10:44,0.0,정상,0.0,0.0,정상,True
2020 10 30 22:10:49,0.0,정상,0.0,0.0,정상,True
2020 10 30 22:10:54,0.0,정상,0.0,0.0,정상,True
2020 10 30 22:10:59,0.0,정상,0.0,0.0,정상,True
2020 10 30 22:11:04,0.0,정상,0.0,0.0,정상,True
2020 10 30 22:11:09,0.0,정상,0.0,0.0,정상,True
2020 10 30 22:11:14,0.0,정상,0.0,0.0,정상,True
2020 10 30 22:11:19,0.0,정상,0.0,0.0,정상,True
2020 10 30 22:11:24,0.0,정상,0.0,0.0,정상,True
2020 10 30 22:11:29,0.0,정상,0.0,0.0,정상,True
2020 10 30 22:11:34,0.0,정상,0.0,0.0,정상,True
2020 10 30 22:11:39,0.0,정상,0.0,0.0,정상,True
2020 10 30 22:11:44,0.0,정상,0.0,0.0,정상,True
2020 10 30 22:11:49,0.0,정상,0.0,0.0,정상,True
2020 10 30 22:11:54,0.0,정상,0.0,0.0,정상,True
2020 10 30 22:11:59,0.0,정상,0.0,0.0,정상,True
2020 10 30 22:12:04,0.0,정상,0.0,0.0,정상,True
2020 10 30 22:12:09,0.0,정상,0.0,0.0,정상,True
2020 10 30 22:12:14,0.0,정상,0.0,0.0,정상,True
2020 10 30 22:12:19,0.0,정상,0.0,0.0,정상,True
2020 10 30 22:12:24,0.0,정상,0.0,0.0,정상,True
2020 10 30 22:12:29,0.0,정상,0.0,0.0,정상,True
2020 10 30 22:12:34,0.0,정상,0.0,0.0,정상,True
2020 10 30 22:12:39,0.0,정상,0.0,0.0,정상,True
2020 10 30 22:12:44,0.0,정상,0.0,0.0,정상,True
2020 10 30 22:12:49,0.0,정상,0.0,0.0,정상,True
2020 10 30 22:12:54,0.0,정상,0.0,0.0,정상,True
2020 10 30 22:12:59,0.0,정상,0.00017241379310344826,0.0,정상,True
2020 10 30 22:13:04,0.0,정상,0.00017241379310344826,0.0,정상,True
2020 10 30 22:13:09,0.0,정상,0.00017241379310344826,0.0,정상,True
2020 10 30 22:13:14,0.0,정상,0.00017241379310344826,0.0,정상,True
2020 10 30 22:13:19,0.0,정상,0.0,0.0,정상,True
2020 10 30 22:13:24,0.0,정상,0.0,0.0,정상,True
2020 10 30 22:13:29,0.0,정상,0.0,0.0,정상,True
2020 10 30 22:13:34,0.0,정상,0.0,0.0,정상,True
2020 10 30 22:13:39,0.0,정상,0.0,0.0,정상,True
2020 10 30 22:13:44,0.0,정상,0.0,0.0,정상,True
2020 10 30 22:13:49,0.0,정상,0.0,0.0,정상,True
2020 10 30 22:13:54,0.0,정상,0.0,0.0,정상,True
2020 10 30 22:13:59,0.0,정상,0.0,0.0,정상,True
2020 10 30 22:14:04,0.0,정상,0.0,0.0,정상,True
2020 10 30 22:14:09,0.0,정상,0.0,0.0,정상,True
2020 10 30 22:14:14,0.0,정상,0.0,0.0,정상,True
2020 10 30 22:14:19,0.0,정상,0.0,0.0,정상,True
2020 10 30 22:14:24,0.0,정상,0.0,0.0,정상,True
2020 10 30 22:14:29,0.0,정상,0.0,0.0,정상,True
2020 10 30 22:14:34,0.0,정상,0.0,0.0,정상,True
2020 10 30 22:14:39,0.0,정상,0.0,0.0,정상,True
2020 10 30 22:14:44,0.0,정상,0.0,0.0,정상,True
2020 10 30 22:14:49,0.0,정상,0.0,0.0,정상,True
2020 10 30 22:14:54,0.0,정상,0.0,0.0,정상,True
2020 10 30 22:14:59,0.0,정상,0.0,0.0,정상,True
2020 10 30 22:15:04,0.0,정상,0.0,0.0,정상,True
2020 10 30 22:15:09,0.0,정상,0.0,0.0,정상,True
2020 10 30 22:15:14,0.0,정상,0.0,0.0,정상,True
2020 10 30 22:15:19,0.0,정상,0.0,0.0,정상,True
2020 10 30 22:15:24,0.0,정상,0.0,0.0,정상,True
2020 10 30 22:15:29,0.0,정상,0.0,0.0,정상,True
2020 10 30 22:15:34,0.0,정상,0.0,0.0,정상,True
2020 10 30 22:15:39,0.0,정상,0.0,0.0,정상,True
2020 10 30 22:15:44,0.0,정상,0.0,0.0,정상,True
2020 10 30 22:15:49,0.0,정상,0.0,0.0,정상,True
2020 10 30 22:15:54,0.0,정상,0.0,0.0,정상,True
2020 10 30 22:15:59,0.0,정상,0.0,0.0,정상,True
2020 10 30 22:16:04,0.0,정상,0.0,0.0,정상,True
2020 10 30 22:16:09,0.0,정상,0.0,0.0,정상,True
2020 10 30 22:16:14,0.0,정상,0.0,0.0,정상,True
2020 10 30 22:16:19,0.0,정상,0.0,0.0,정상,True
2020 10 30 22:16:24,0.0,정상,0.0,0.0,정상,True
2020 10 30 22:16:29,0.0,정상,0.0,0.0,정상,True
2020 10 30 22:16:34,0.0,정상,0.0,0.0,정상,True
2020 10 30 22:16:39,0.0,정상,0.0,0.0,정상,True
2020 10 30 22:16:44,0.0,정상,0.0,0.0,정상,True
2020 10 30 22:16:49,0.0,정상,0.0,0.0,정상,True
2020 10 30 22:16:54,0.0,정상,0.0,0.0,정상,True
2020 10 30 22:16:59,0.0,정상,0.0,0.0,정상,True
2020 10 30 22:17:04,0.0,정상,0.0,0.0,정상,True
2020 10 30 22:17:09,0.0,정상,0.0,0.0,정상,True
2020 10 30 22:17:14,0.0,정상,0.0,0.0,정상,True
2020 10 30 22:17:19,0.0,정상,0.0,0.0,정상,True
2020 10 30 22:17:24,0.0,정상,0.0,0.0,정상,True
2020 10 30 22:17:29,0.0,정상,0.0,0.0,정상,True
2020 10 30 22:17:34,0.0,정상,0.0,0.0,정상,True
2020 10 30 22:17:39,0.0,정상,0.0,0.0,정상,True
2020 10 30 22:17:44,0.0,정상,0.0,0.0,정상,True
2020 10 30 22:17:49,0.0,정상,0.0,0.0,정상,True
2020 10 30 22:17:54,0.0,정상,0.0,0.0,정상,True
2020 10 30 22:17:59,0.0,정상,0.0,0.0,정상,True
2020 10 30 22:18:04,0.0,정상,0.0,0.0,정상,True
2020 10 30 22:18:09,0.0,정상,0.0,0.0,정상,True
2020 10 30 22:18:14,0.0,정상,0.0,0.0,정상,True
2020 10 30 22:18:19,0.0,정상,0.0,0.0,정상,True
2020 10 30 22:18:24,0.0,정상,0.0,0.0,정상,True
2020 10 30 22:18:29,0.0,정상,0.0,0.0,정상,True
2020 10 30 22:18:34,0.0,정상,0.0,0.0,정상,True
2020 10 30 22:18:39,0.0,정상,0.0,0.0,정상,True
2020 10 30 22:18:44,0.0,정상,0.0,0.0,정상,True
2020 10 30 22:18:49,0.0,정상,0.0,0.0,정상,True
2020 10 30 22:18:54,0.0,정상,0.0,0.0,정상,True
2020 10 30 22:18:59,0.0,정상,0.0,0.0,정상,True
2020 10 30 22:19:04,0.0,정상,0.0,0.0,정상,True
2020 10 30 22:19:09,0.0,정상,0.0,0.0,정상,True
2020 10 30 22:19:14,0.0,정상,0.0,0.0,정상,True
2020 10 30 22:19:19,0.0,정상,0.0,0.0,정상,True
2020 10 30 22:19:24,0.0,정상,0.0,0.0,정상,True
2020 10 30 22:19:29,0.0,정상,0.0,0.0,정상,True
2020 10 30 22:19:34,0.0,정상,0.0,0.0,정상,True
2020 10 30 22:19:39,0.0,정상,0.0,0.0,정상,True
2020 10 30 22:19:44,0.0,정상,0.0,0.0,정상,True
2020 10 30 22:19:49,0.0,정상,0.0,0.0,정상,True
2020 10 30 22:19:54,0.0,정상,0.0,0.0,정상,True
2020 10 30 22:19:59,0.0,정상,0.0,0.0,정상,True
2020 10 30 22:20:04,0.0,정상,0.0,0.0,정상,True
2020 10 30 22:20:09,0.0,정상,0.0,0.0,정상,True
2020 10 30 22:20:14,0.0,정상,0.0,0.0,정상,True
2020 10 30 22:20:19,0.0,정상,0.0,0.0,정상,True
2020 10 30 22:20:24,0.0,정상,0.0,0.0,정상,True
2020 10 30 22:20:29,0.0,정상,0.0,0.0,정상,True
2020 10 30 22:20:34,0.0,정상,0.0,0.0,정상,True
2020 10 30 22:20:39,0.0,정상,0.0,0.0,정상,True
2020 10 30 22:20:44,0.0,정상,0.0,0.0,정상,True
2020 10 30 22:20:49,0.0,정상,0.0,0.0,정상,True
2020 10 30 22:20:54,0.0,정상,0.0,0.0,정상,True
2020 10 30 22:20:59,0.0,정상,0.0,0.0,정상,True
2020 10 30 22:21:04,0.0,정상,0.0,0.0,정상,True
2020 10 30 22:21:09,0.0,정상,0.0,0.0,정상,True
2020 10 30 22:21:14,0.0,정상,0.0,0.0,정상,True
2020 10 30 22:21:19,0.0,정상,0.0,0.0,정상,True
2020 10 30 22:21:24,0.0,정상,0.0,0.0,정상,True
2020 10 30 22:21:29,0.0,정상,0.0,0.0,정상,True
2020 10 30 22:21:34,0.0,정상,0.0,0.0,정상,True
2020 10 30 22:21:39,0.0,정상,0.0,0.0,정상,True
2020 10 30 22:21:44,0.0,정상,0.0,0.0,정상,True
2020 10 30 22:21:49,0.0,정상,0.0,0.0,정상,True
2020 10 30 22:21:54,0.0,정상,0.0,0.0,정상,True
2020 10 30 22:21:59,0.0,정상,0.0,0.0,정상,True
2020 10 30 22:22:04,0.0,정상,0.0,0.0,정상,True
2020 10 30 22:22:09,0.0,정상,0.0,0.0,정상,True
2020 10 30 22:22:14,0.0,정상,0.0,0.0,정상,True
2020 10 30 22:22:19,0.0,정상,0.0,0.0,정상,True
2020 10 30 22:22:24,0.0,정상,0.0,0.0,정상,True
2020 10 30 22:22:29,0.0,정상,0.0,0.0,정상,True
2020 10 30 22:22:34,0.0,정상,0.0,0.0,정상,True
2020 10 30 22:22:39,0.0,정상,0.0,0.0,정상,True
2020 10 30 22:22:44,0.0,정상,0.0,0.0,정상,True
2020 10 30 22:22:49,0.0,정상,0.0,0.0,정상,True
2020 10 30 22:22:54,0.0,정상,0.0,0.0,정상,True
2020 10 30 22:22:59,0.0,정상,0.0,0.0,정상,True
2020 10 30 22:23:04,0.0,정상,0.0,0.0,정상,True
2020 10 30 22:23:09,0.0,정상,0.0,0.0,정상,True
2020 10 30 22:23:14,0.0,정상,0.0,0.0,정상,True
2020 10 30 22:23:19,0.0,정상,0.0,0.0,정상,True
2020 10 30 22:23:24,0.0,정상,0.0,0.0,정상,True
2020 10 30 22:23:29,0.0,정상,0.0,0.0,정상,True
2020 10 30 22:23:34,0.0,정상,0.0,0.0,정상,True
2020 10 30 22:23:39,0.0,정상,0.0,0.0,정상,True
2020 10 30 22:23:44,0.0,정상,0.0,0.0,정상,True
2020 10 30 22:23:49,0.0,정상,0.0,0.0,정상,True
2020 10 30 22:23:54,0.0,정상,0.0,0.0,정상,True
2020 10 30 22:23:59,0.0,정상,0.0,0.0,정상,True
2020 10 30 22:24:04,0.0,정상,0.0,0.0,정상,True
2020 10 30 22:24:09,0.0,정상,0.0,0.0,정상,True
2020 10 30 22:24:14,0.0,정상,0.0,0.0,정상,True
2020 10 30 22:24:19,0.0,정상,0.0,0.0,정상,True
2020 10 30 22:24:24,0.0,정상,0.0,0.0,정상,True
2020 10 30 22:24:29,0.0,정상,0.0,0.0,정상,True
2020 10 30 22:24:34,0.0,정상,0.0,0.0,정상,True
2020 10 30 22:24:39,0.0,정상,0.0,0.0,정상,True
2020 10 30 22:24:44,0.0,정상,0.0,0.0,정상,True
2020 10 30 22:24:49,0.0,정상,0.0,0.0,정상,True
2020 10 30 22:24:54,0.0,정상,0.0,0.0,정상,True
2020 10 30 22:24:59,0.0,정상,0.0,0.0,정상,True
2020 10 30 22:25:04,0.0,정상,0.0,0.0,정상,True
2020 10 30 22:25:09,0.0,정상,0.0,0.0,정상,True
2020 10 30 22:25:14,0.0,정상,0.0,0.0,정상,True
2020 10 30 22:25:19,0.0,정상,0.0,0.0,정상,True
2020 10 30 22:25:24,0.0,정상,0.0,0.0,정상,True
2020 10 30 22:25:29,0.0,정상,0.0,0.0,정상,True
2020 10 30 22:25:34,0.0,정상,0.0,0.0,정상,True
2020 10 30 22:25:39,0.0,정상,0.0,0.0,정상,True
2020 10 30 22:25:44,0.0,정상,0.0,0.0,정상,True
2020 10 30 22:25:49,0.0,정상,0.0,0.0,정상,True
2020 10 30 22:25:54,0.0,정상,0.0,0.0,정상,True
2020 10 30 22:25:59,0.0,정상,0.0,0.0,정상,True
2020 10 30 22:26:04,0.0,정상,0.0,0.0,정상,True
2020 10 30 22:26:09,0.0,정상,0.0,0.0,정상,True
2020 10 30 22:26:14,0.0,정상,0.0,0.0,정상,True
2020 10 30 22:26:19,0.0,정상,0.0,0.0,정상,True
2020 10 30 22:26:24,0.0,정상,0.0,0.0,정상,True
2020 10 30 22:26:29,0.0,정상,0.0,0.0,정상,True
2020 10 30 22:26:34,0.0,정상,0.0,0.0,정상,True
2020 10 30 22:26:39,0.0,정상,0.0,0.0,정상,True
2020 10 30 22:26:44,0.0,정상,0.0,0.0,정상,True
2020 10 30 22:26:49,0.0,정상,0.0,0.0,정상,True
2020 10 30 22:26:54,0.0,정상,0.0,0.0,정상,True
2020 10 30 22:26:59,0.0,정상,0.0,0.0,정상,True
2020 10 30 22:27:04,0.0,정상,0.0,0.0,정상,True
2020 10 30 22:27:09,0.0,정상,0.0,0.0,정상,True
2020 10 30 22:27:14,0.0,정상,0.0,0.0,정상,True
2020 10 30 22:27:19,0.0,정상,0.0,0.0,정상,True
2020 10 30 22:27:24,0.0,정상,0.0,0.0,정상,True
2020 10 30 22:27:29,0.0,정상,0.0,0.0,정상,True
2020 10 30 22:27:34,0.0,정상,0.0,0.0,정상,True
2020 10 30 22:27:39,0.0,정상,0.0,0.0,정상,True
2020 10 30 22:27:44,0.0,정상,0.0,0.0,정상,True
2020 10 30 22:27:49,0.0,정상,0.0,0.0,정상,True
2020 10 30 22:27:54,0.0,정상,0.0,0.0,정상,True
2020 10 30 22:27:59,0.0,정상,0.0,0.0,정상,True
2020 10 30 22:28:04,0.0,정상,0.0,0.0,정상,True
2020 10 30 22:28:09,0.0,정상,0.0,0.0,정상,True
2020 10 30 22:28:14,0.0,정상,0.0,0.0,정상,True
2020 10 30 22:28:19,0.0,정상,0.0,0.0,정상,True
2020 10 30 22:28:24,0.0,정상,0.0,0.0,정상,True
2020 10 30 22:28:29,0.0,정상,0.0,0.0,정상,True
2020 10 30 22:28:34,0.0,정상,0.0,0.0,정상,True
2020 10 30 22:28:39,0.0,정상,0.0,0.0,정상,True
2020 10 30 22:28:44,0.0,정상,0.0,0.0,정상,True
2020 10 30 22:28:49,0.0,정상,0.0,0.0,정상,True
2020 10 30 22:28:54,0.0,정상,0.0,0.0,정상,True
2020 10 30 22:28:59,0.0,정상,0.0,0.0,정상,True
2020 10 30 22:29:04,0.0,정상,0.0,0.0,정상,True
2020 10 30 22:29:09,0.0,정상,0.0,0.0,정상,True
2020 10 30 22:29:14,0.0,정상,0.0,0.0,정상,True
2020 10 30 22:29:19,0.0,정상,0.0,0.0,정상,True
2020 10 30 22:29:24,0.0,정상,0.0,0.0,정상,True
2020 10 30 22:29:29,0.0,정상,0.0,0.0,정상,True
2020 10 30 22:29:34,0.0,정상,0.0,0.0,정상,True
2020 10 30 22:29:39,0.0,정상,0.0,0.0,정상,True
2020 10 30 22:29:44,0.0,정상,0.0,0.0,정상,True
2020 10 30 22:29:49,0.0,정상,0.0,0.0,정상,True
2020 10 30 22:29:54,0.0,정상,0.0,0.0,정상,True
2020 10 30 22:29:59,0.0,정상,0.0,0.0,정상,True
2020 10 30 22:30:04,0.0,정상,0.0,0.0,정상,True
2020 10 30 22:30:09,0.0,정상,0.0,0.0,정상,True
2020 10 30 22:30:14,0.0,정상,0.0,0.0,정상,True
2020 10 30 22:30:19,0.0,정상,0.0,0.0,정상,True
2020 10 30 22:30:24,0.0,정상,0.0,0.0,정상,True
2020 10 30 22:30:29,0.0,정상,0.0,0.0,정상,True
2020 10 30 22:30:34,0.0,정상,0.0,0.0,정상,True
2020 10 30 22:30:39,0.0,정상,0.0,0.0,정상,True
2020 10 30 22:30:44,0.0,정상,0.0,0.0,정상,True
2020 10 30 22:30:49,0.0,정상,0.0,0.0,정상,True
2020 10 30 22:30:54,0.0,정상,0.0,0.0,정상,True
2020 10 30 22:30:59,0.0,정상,0.0,0.0,정상,True
2020 10 30 22:31:04,0.0,정상,0.0,0.0,정상,True
2020 10 30 22:31:09,0.0,정상,0.0,0.0,정상,True
2020 10 30 22:31:14,0.0,정상,0.0,0.0,정상,True
2020 10 30 22:31:19,0.0,정상,0.0,0.0,정상,True
2020 10 30 22:31:24,0.0,정상,0.0,0.0,정상,True
2020 10 30 22:31:29,0.0,정상,0.0,0.0,정상,True
2020 10 30 22:31:34,0.0,정상,0.0,0.0,정상,True
2020 10 30 22:31:39,0.0,정상,0.0,0.0,정상,True
2020 10 30 22:31:44,0.0,정상,0.0,0.0,정상,True
2020 10 30 22:31:49,0.0,정상,0.0,0.0,정상,True
2020 10 30 22:31:54,0.0,정상,0.0,0.0,정상,True
2020 10 30 22:31:59,0.0,정상,0.0,0.0,정상,True
2020 10 30 22:32:04,0.0,정상,0.0,0.0,정상,True
2020 10 30 22:32:09,0.0,정상,0.0,0.0,정상,True
2020 10 30 22:32:14,0.0,정상,0.0,0.0,정상,True
2020 10 30 22:32:19,0.0,정상,0.0,0.0,정상,True
2020 10 30 22:32:24,0.0,정상,0.0,0.0,정상,True
2020 10 30 22:32:29,0.0,정상,0.0,0.0,정상,True
2020 10 30 22:32:34,0.0,정상,0.0,0.0,정상,True
2020 10 30 22:32:39,0.0,정상,0.0,0.0,정상,True
2020 10 30 22:32:44,0.0,정상,0.0,0.0,정상,True
2020 10 30 22:32:49,0.0,정상,0.0,0.0,정상,True
2020 10 30 22:32:54,0.0,정상,0.0,0.0,정상,True
2020 10 30 22:32:59,0.0,정상,0.0,0.0,정상,True
2020 10 30 22:33:04,0.0,정상,0.0,0.0,정상,True
2020 10 30 22:33:09,0.0,정상,0.0,0.0,정상,True
2020 10 30 22:33:14,0.0,정상,0.0,0.0,정상,True
2020 10 30 22:33:19,0.0,정상,0.0,0.0,정상,True
2020 10 30 22:33:24,0.0,정상,0.0,0.0,정상,True
2020 10 30 22:33:29,0.0,정상,0.0,0.0,정상,True
2020 10 30 22:33:34,0.0,정상,0.0,0.0,정상,True
2020 10 30 22:33:39,0.0,정상,0.0,0.0,정상,True
2020 10 30 22:33:44,0.0,정상,0.0,0.0,정상,True
2020 10 30 22:33:49,0.0,정상,0.0,0.0,정상,True
2020 10 30 22:33:54,0.0,정상,0.0,0.0,정상,True
2020 10 30 22:33:59,0.0,정상,0.0,0.0,정상,True
2020 10 30 22:34:04,0.0,정상,0.0,0.0,정상,True
2020 10 30 22:34:09,0.0,정상,0.0,0.0,정상,True
2020 10 30 22:34:14,0.0,정상,0.0,0.0,정상,True
2020 10 30 22:34:19,0.0,정상,0.0,0.0,정상,True
2020 10 30 22:34:24,0.0,정상,0.0,0.0,정상,True
2020 10 30 22:34:29,0.0,정상,0.0,0.0,정상,True
2020 10 30 22:34:34,0.0,정상,0.0,0.0,정상,True
2020 10 30 22:34:39,0.0,정상,0.0,0.0,정상,True
2020 10 30 22:34:44,0.0,정상,0.0,0.0,정상,True
2020 10 30 22:34:49,0.0,정상,0.0,0.0,정상,True
2020 10 30 22:34:54,0.0,정상,0.0,0.0,정상,True
2020 10 30 22:34:59,0.0,정상,0.0,0.0,정상,True
2020 10 30 22:35:04,0.0,정상,0.0,0.0,정상,True
2020 10 30 22:35:09,0.0,정상,0.0,0.0,정상,True
2020 10 30 22:35:14,0.0,정상,0.0,0.0,정상,True
2020 10 30 22:35:19,0.0,정상,0.0,0.0,정상,True
2020 10 30 22:35:24,0.0,정상,0.0,0.0,정상,True
2020 10 30 22:35:29,0.0,정상,0.0,0.0,정상,True
2020 10 30 22:35:34,0.0,정상,0.0,0.0,정상,True
2020 10 30 22:35:39,0.0,정상,0.0,0.0,정상,True
2020 10 30 22:35:44,0.0,정상,0.0,0.0,정상,True
2020 10 30 22:35:49,0.0,정상,0.0,0.0,정상,True
2020 10 30 22:35:54,0.0,정상,0.0,0.0,정상,True
2020 10 30 22:35:59,0.0,정상,0.0,0.0,정상,True
2020 10 30 22:36:04,0.0,정상,0.0,0.0,정상,True
2020 10 30 22:36:09,0.0,정상,0.0,0.0,정상,True
2020 10 30 22:36:14,0.0,정상,0.0,0.0,정상,True
2020 10 30 22:36:19,0.0,정상,0.0,0.0,정상,True
2020 10 30 22:36:24,0.0,정상,0.0,0.0,정상,True
2020 10 30 22:36:29,0.0,정상,0.0,0.0,정상,True
2020 10 30 22:36:34,0.0,정상,0.0,0.0,정상,True
2020 10 30 22:36:39,0.0,정상,0.0,0.0,정상,True
2020 10 30 22:36:44,0.0,정상,0.0,0.0,정상,True
2020 10 30 22:36:49,0.0,정상,0.0,0.0,정상,True
2020 10 30 22:36:54,0.0,정상,0.0,0.0,정상,True
2020 10 30 22:36:59,0.0,정상,0.0,0.0,정상,True
2020 10 30 22:37:04,0.0,정상,0.0,0.0,정상,True
2020 10 30 22:37:09,0.0,정상,0.0,0.0,정상,True
2020 10 30 22:37:14,0.0,정상,0.0,0.0,정상,True
2020 10 30 22:37:19,0.0,정상,0.0,0.0,정상,True
2020 10 30 22:37:24,0.0,정상,0.0,0.0,정상,True
2020 10 30 22:37:29,0.0,정상,0.0,0.0,정상,True
2020 10 30 22:37:34,0.0,정상,0.0,0.0,정상,True
2020 10 30 22:37:39,0.0,정상,0.0,0.0,정상,True
2020 10 30 22:37:44,0.0,정상,0.0,0.0,정상,True
2020 10 30 22:37:49,0.0,정상,0.0,0.0,정상,True
2020 10 30 22:37:54,0.0,정상,0.0,0.0,정상,True
2020 10 30 22:37:59,0.0,정상,0.0,0.0,정상,True
2020 10 30 22:38:04,0.0,정상,0.0,0.0,정상,True
2020 10 30 22:38:09,0.0,정상,0.0,0.0,정상,True
2020 10 30 22:38:14,0.0,정상,0.0,0.0,정상,True
2020 10 30 22:38:19,0.0,정상,0.0,0.0,정상,True
2020 10 30 22:38:24,0.0,정상,0.0,0.0,정상,True
2020 10 30 22:38:29,0.0,정상,0.0,0.0,정상,True
2020 10 30 22:38:34,0.0,정상,0.0,0.0,정상,True
2020 10 30 22:38:39,0.0,정상,0.0,0.0,정상,True
2020 10 30 22:38:44,0.0,정상,0.0,0.0,정상,True
2020 10 30 22:38:49,0.0,정상,0.0,0.0,정상,True
2020 10 30 22:38:54,0.0,정상,0.0,0.0,정상,True
2020 10 30 22:38:59,0.0,정상,0.0,0.0,정상,True
2020 10 30 22:39:04,0.0,정상,0.0,0.0,정상,True
2020 10 30 22:39:09,0.0,정상,0.0,0.0,정상,True
2020 10 30 22:39:14,0.0,정상,0.0,0.0,정상,True
2020 10 30 22:39:19,0.0,정상,0.0,0.0,정상,True
2020 10 30 22:39:24,0.0,정상,0.0,0.0,정상,True
2020 10 30 22:39:29,0.0,정상,0.0,0.0,정상,True
2020 10 30 22:39:34,0.0,정상,0.0,0.0,정상,True
2020 10 30 22:39:39,0.0,정상,0.0,0.0,정상,True
2020 10 30 22:39:44,0.0,정상,0.0,0.0,정상,True
2020 10 30 22:39:49,0.0,정상,0.0,0.0,정상,True
2020 10 30 22:39:54,0.0,정상,0.0,0.0,정상,True
2020 10 30 22:39:59,0.0,정상,0.0,0.0,정상,True
2020 10 30 22:40:04,0.0,정상,0.0,0.0,정상,True
2020 10 30 22:40:09,0.0,정상,0.0,0.0,정상,True
2020 10 30 22:40:14,0.0,정상,0.0,0.0,정상,True
2020 10 30 22:40:19,0.0,정상,0.0,0.0,정상,True
2020 10 30 22:40:24,0.0,정상,0.0,0.0,정상,True
2020 10 30 22:40:29,0.0,정상,0.0,0.0,정상,True
2020 10 30 22:40:34,0.0,정상,0.0,0.0,정상,True
2020 10 30 22:40:39,0.0,정상,0.0,0.0,정상,True
2020 10 30 22:40:44,0.0,정상,0.0,0.0,정상,True
2020 10 30 22:40:49,0.0,정상,0.0,0.0,정상,True
2020 10 30 22:40:54,0.0,정상,0.0,0.0,정상,True
2020 10 30 22:40:59,0.0,정상,0.0,0.0,정상,True
2020 10 30 22:41:04,0.0,정상,0.0,0.0,정상,True
2020 10 30 22:41:09,0.0,정상,0.0,0.0,정상,True
2020 10 30 22:41:14,0.0,정상,0.0,0.0,정상,True
2020 10 30 22:41:19,0.0,정상,0.0,0.0,정상,True
2020 10 30 22:41:24,0.0,정상,0.0,0.0,정상,True
2020 10 30 22:41:29,0.0,정상,0.0,0.0,정상,True
2020 10 30 22:41:34,0.0,정상,0.0,0.0,정상,True
2020 10 30 22:41:39,0.0,정상,0.0,0.0,정상,True
2020 10 30 22:41:44,0.0,정상,0.0,0.0,정상,True
2020 10 30 22:41:49,0.0,정상,0.0,0.0,정상,True
2020 10 30 22:41:54,0.0,정상,0.0,0.0,정상,True
2020 10 30 22:41:59,0.0,정상,0.0,0.0,정상,True
2020 10 30 22:42:04,0.0,정상,0.0,0.0,정상,True
2020 10 30 22:42:09,0.0,정상,0.0,0.0,정상,True
2020 10 30 22:42:14,0.0,정상,0.0,0.0,정상,True
2020 10 30 22:42:19,0.0,정상,0.0,0.0,정상,True
2020 10 30 22:42:24,0.0,정상,0.0,0.0,정상,True
2020 10 30 22:42:29,0.0,정상,0.0,0.0,정상,True
2020 10 30 22:42:34,0.0,정상,0.0,0.0,정상,True
2020 10 30 22:42:39,0.0,정상,0.0,0.0,정상,True
2020 10 30 22:42:44,0.0,정상,0.0,0.0,정상,True
2020 10 30 22:42:49,0.0,정상,0.0,0.0,정상,True
2020 10 30 22:42:54,0.0,정상,0.0,0.0,정상,True
2020 10 30 22:42:59,0.0,정상,0.0,0.0,정상,True
2020 10 30 22:43:04,0.0,정상,0.0,0.0,정상,True
2020 10 30 22:43:09,0.0,정상,0.0,0.0,정상,True
2020 10 30 22:43:14,0.0,정상,0.0,0.0,정상,True
2020 10 30 22:43:19,0.0,정상,0.0,0.0,정상,True
2020 10 30 22:43:24,0.0,정상,0.0,0.0,정상,True
2020 10 30 22:43:29,0.0,정상,0.0,0.0,정상,True
2020 10 30 22:43:34,0.0,정상,0.0,0.0,정상,True
2020 10 30 22:43:39,0.0,정상,0.0,0.0,정상,True
2020 10 30 22:43:44,0.0,정상,0.0,0.0,정상,True
2020 10 30 22:43:49,0.0,정상,0.0,0.0,정상,True
2020 10 30 22:43:54,0.0,정상,0.0,0.0,정상,True
2020 10 30 22:43:59,0.0,정상,0.0,0.0,정상,True
2020 10 30 22:44:04,0.0,정상,0.0,0.0,정상,True
2020 10 30 22:44:09,0.0,정상,0.0,0.0,정상,True
2020 10 30 22:44:14,0.0,정상,0.0,0.0,정상,True
2020 10 30 22:44:19,0.0,정상,0.0,0.0,정상,True
2020 10 30 22:44:24,0.0,정상,0.0,0.0,정상,True
2020 10 30 22:44:29,0.0,정상,0.0,0.0,정상,True
2020 10 30 22:44:34,0.0,정상,0.00011857707509881423,0.0,정상,True
2020 10 30 22:44:39,0.0,정상,0.00011857707509881423,0.0,정상,True
2020 10 30 22:44:44,0.0,정상,0.0,0.0,정상,True
2020 10 30 22:44:49,0.0,정상,0.00011857707509881423,0.0,정상,True
2020 10 30 22:44:54,0.0,정상,0.00011857707509881423,0.0,정상,True
2020 10 30 22:44:59,0.0,정상,0.0,0.0,정상,True
2020 10 30 22:45:04,0.0,정상,0.0,0.0,정상,True
2020 10 30 22:45:09,0.0,정상,0.00011857707509881423,0.0,정상,True
2020 10 30 22:45:14,0.0,정상,0.0,0.0,정상,True
2020 10 30 22:45:19,0.0,정상,0.0,0.0,정상,True
2020 10 30 22:45:24,0.0,정상,0.0,0.0,정상,True
2020 10 30 22:45:29,0.0,정상,0.0,0.0,정상,True
2020 10 30 22:45:34,0.0,정상,0.0,0.0,정상,True
2020 10 30 22:45:39,0.0,정상,0.0,0.0,정상,True
2020 10 30 22:45:44,0.0,정상,0.0,0.0,정상,True
2020 10 30 22:45:49,0.0,정상,0.0,0.0,정상,True
2020 10 30 22:45:54,0.0,정상,0.0,0.0,정상,True
2020 10 30 22:45:59,0.0,정상,0.0,0.0,정상,True
2020 10 30 22:46:04,0.0,정상,0.0,0.0,정상,True
2020 10 30 22:46:09,0.0,정상,0.0,0.0,정상,True
2020 10 30 22:46:14,0.0,정상,0.0,0.0,정상,True
2020 10 30 22:46:19,0.0,정상,0.0,0.0,정상,True
2020 10 30 22:46:24,0.0,정상,0.0,0.0,정상,True
2020 10 30 22:46:29,0.0,정상,0.0,0.0,정상,True
2020 10 30 22:46:34,0.0,정상,0.0,0.0,정상,True
2020 10 30 22:46:39,0.0,정상,0.0,0.0,정상,True
2020 10 30 22:46:44,0.0,정상,0.0,0.0,정상,True
2020 10 30 22:46:49,0.0,정상,0.0,0.0,정상,True
2020 10 30 22:46:54,0.0,정상,0.0,0.0,정상,True
2020 10 30 22:46:59,0.0,정상,0.0,0.0,정상,True
2020 10 30 22:47:04,0.0,정상,0.0,0.0,정상,True
2020 10 30 22:47:09,0.0,정상,0.0,0.0,정상,True
2020 10 30 22:47:14,0.0,정상,0.0,0.0,정상,True
2020 10 30 22:47:19,0.0,정상,0.0,0.0,정상,True
2020 10 30 22:47:24,0.0,정상,0.0,0.0,정상,True
2020 10 30 22:47:29,0.0,정상,0.0,0.0,정상,True
2020 10 30 22:47:34,0.0,정상,0.0,0.0,정상,True
2020 10 30 22:47:39,0.0,정상,0.0,0.0,정상,True
2020 10 30 22:47:44,0.0,정상,0.0,0.0,정상,True
2020 10 30 22:47:49,0.0,정상,0.0,0.0,정상,True
2020 10 30 22:47:54,0.0,정상,0.0,0.0,정상,True
2020 10 30 22:47:59,0.0,정상,0.0,0.0,정상,True
2020 10 30 22:48:04,0.0,정상,0.0,0.0,정상,True
2020 10 30 22:48:09,0.0,정상,0.0,0.0,정상,True
2020 10 30 22:48:14,0.0,정상,0.0,0.0,정상,True
2020 10 30 22:48:19,0.0,정상,0.0,0.0,정상,True
2020 10 30 22:48:24,0.0,정상,0.0,0.0,정상,True
2020 10 30 22:48:29,0.0,정상,0.0,0.0,정상,True
2020 10 30 22:48:34,0.0,정상,0.0,0.0,정상,True
2020 10 30 22:48:39,0.0,정상,0.0,0.0,정상,True
2020 10 30 22:48:44,0.0,정상,0.0,0.0,정상,True
2020 10 30 22:48:49,0.0,정상,0.0,0.0,정상,True
2020 10 30 22:48:54,0.0,정상,0.0,0.0,정상,True
2020 10 30 22:48:59,0.0,정상,0.0,0.0,정상,True
2020 10 30 22:49:04,0.0,정상,0.0,0.0,정상,True
2020 10 30 22:49:09,0.0,정상,0.0,0.0,정상,True
2020 10 30 22:49:14,0.0,정상,0.0,0.0,정상,True
2020 10 30 22:49:19,0.0,정상,0.0,0.0,정상,True
2020 10 30 22:49:24,0.0,정상,0.0,0.0,정상,True
2020 10 30 22:49:29,0.0,정상,0.0,0.0,정상,True
2020 10 30 22:49:34,0.0,정상,0.0,0.0,정상,True
2020 10 30 22:49:39,0.0,정상,0.0,0.0,정상,True
2020 10 30 22:49:44,0.0,정상,0.0,0.0,정상,True
2020 10 30 22:49:49,0.0,정상,0.0,0.0,정상,True
2020 10 30 22:49:54,0.0,정상,0.0,0.0,정상,True
2020 10 30 22:49:59,0.0,정상,0.0,0.0,정상,True
2020 10 30 22:50:04,0.0,정상,0.0,0.0,정상,True
2020 10 30 22:50:09,0.0,정상,0.0,0.0,정상,True
2020 10 30 22:50:14,0.0,정상,0.0,0.0,정상,True
2020 10 30 22:50:19,0.0,정상,0.0,0.0,정상,True
2020 10 30 22:50:24,0.0,정상,0.0,0.0,정상,True
2020 10 30 22:50:29,0.0,정상,0.0,0.0,정상,True
2020 10 30 22:50:34,0.0,정상,0.0,0.0,정상,True
2020 10 30 22:50:39,0.0,정상,0.0,0.0,정상,True
2020 10 30 22:50:44,0.0,정상,0.0,0.0,정상,True
2020 10 30 22:50:49,0.0,정상,0.0,0.0,정상,True
2020 10 30 22:50:54,0.0,정상,0.0,0.0,정상,True
2020 10 30 22:50:59,0.0,정상,0.0,0.0,정상,True
2020 10 30 22:51:04,0.0,정상,0.0,0.0,정상,True
2020 10 30 22:51:09,0.0,정상,0.0,0.0,정상,True
2020 10 30 22:51:14,0.0,정상,0.0,0.0,정상,True
2020 10 30 22:51:19,0.0,정상,0.0,0.0,정상,True
2020 10 30 22:51:24,0.0,정상,0.0,0.0,정상,True
2020 10 30 22:51:29,0.0,정상,0.0,0.0,정상,True
2020 10 30 22:51:34,0.0,정상,0.0,0.0,정상,True
2020 10 30 22:51:39,0.0,정상,0.0,0.0,정상,True
2020 10 30 22:51:44,0.0,정상,0.0,0.0,정상,True
2020 10 30 22:51:49,0.0,정상,0.00011764705882352942,0.0,정상,True
2020 10 30 22:51:54,0.0,정상,0.0,0.0,정상,True
2020 10 30 22:51:59,0.0,정상,0.00011764705882352942,0.0,정상,True
2020 10 30 22:52:04,0.0,정상,0.0,0.0,정상,True
2020 10 30 22:52:09,0.0,정상,0.0,0.0,정상,True
2020 10 30 22:52:14,0.0,정상,0.00011764705882352942,0.0,정상,True
2020 10 30 22:52:19,0.0,정상,0.0,0.0,정상,True
2020 10 30 22:52:24,0.0,정상,0.0,0.0,정상,True
2020 10 30 22:52:29,0.0,정상,0.00011764705882352942,0.0,정상,True
2020 10 30 22:52:34,0.0,정상,0.0,0.0,정상,True
2020 10 30 22:52:39,0.0,정상,0.0,0.0,정상,True
2020 10 30 22:52:44,0.0,정상,0.00011764705882352942,0.0,정상,True
2020 10 30 22:52:49,0.0,정상,0.00011764705882352942,0.0,정상,True
2020 10 30 22:52:54,0.0,정상,0.0,0.0,정상,True
2020 10 30 22:52:59,0.0,정상,0.0,0.0,정상,True
2020 10 30 22:53:04,0.0,정상,0.0,0.0,정상,True
2020 10 30 22:53:09,0.0,정상,0.0,0.0,정상,True
2020 10 30 22:53:14,0.0,정상,0.00011764705882352942,0.0,정상,True
2020 10 30 22:53:19,0.0,정상,0.00011764705882352942,0.0,정상,True
2020 10 30 22:53:24,0.0,정상,0.0,0.0,정상,True
2020 10 30 22:53:29,0.0,정상,0.0,0.0,정상,True
2020 10 30 22:53:34,0.0,정상,0.0,0.0,정상,True
2020 10 30 22:53:39,0.0,정상,0.0,0.0,정상,True
2020 10 30 22:53:44,0.0,정상,0.0,0.0,정상,True
2020 10 30 22:53:49,0.0,정상,0.0,0.0,정상,True
2020 10 30 22:53:54,0.0,정상,0.0,0.0,정상,True
2020 10 30 22:53:59,0.0,정상,0.0,0.0,정상,True
2020 10 30 22:54:04,0.0,정상,0.0,0.0,정상,True
2020 10 30 22:54:09,0.0,정상,0.0,0.0,정상,True
2020 10 30 22:54:14,0.0,정상,0.0,0.0,정상,True
2020 10 30 22:54:19,0.0,정상,0.0,0.0,정상,True
2020 10 30 22:54:24,0.0,정상,0.0,0.0,정상,True
2020 10 30 22:54:29,0.0,정상,0.0,0.0,정상,True
2020 10 30 22:54:34,0.0,정상,0.0,0.0,정상,True
2020 10 30 22:54:39,0.0,정상,0.0,0.0,정상,True
2020 10 30 22:54:44,0.0,정상,0.0,0.0,정상,True
2020 10 30 22:54:49,0.0,정상,0.0,0.0,정상,True
2020 10 30 22:54:54,0.0,정상,0.0,0.0,정상,True
2020 10 30 22:54:59,0.0,정상,0.0,0.0,정상,True
2020 10 30 22:55:04,0.0,정상,0.0,0.0,정상,True
2020 10 30 22:55:09,0.0,정상,0.0,0.0,정상,True
2020 10 30 22:55:14,0.0,정상,0.0,0.0,정상,True
2020 10 30 22:55:19,0.0,정상,0.0,0.0,정상,True
2020 10 30 22:55:24,0.0,정상,0.0,0.0,정상,True
2020 10 30 22:55:29,0.0,정상,0.0,0.0,정상,True
2020 10 30 22:55:34,0.0,정상,0.0,0.0,정상,True
2020 10 30 22:55:39,0.0,정상,0.0,0.0,정상,True
2020 10 30 22:55:44,0.0,정상,0.0,0.0,정상,True
2020 10 30 22:55:49,0.0,정상,0.0,0.0,정상,True
2020 10 30 22:55:54,0.0,정상,0.0,0.0,정상,True
2020 10 30 22:55:59,0.0,정상,0.0,0.0,정상,True
2020 10 30 22:56:04,0.0,정상,0.0,0.0,정상,True
2020 10 30 22:56:09,0.0,정상,0.0,0.0,정상,True
2020 10 30 22:56:14,0.0,정상,0.0,0.0,정상,True
2020 10 30 22:56:19,0.0,정상,0.0,0.0,정상,True
2020 10 30 22:56:24,0.0,정상,0.0,0.0,정상,True
2020 10 30 22:56:29,0.0,정상,0.0,0.0,정상,True
2020 10 30 22:56:34,0.0,정상,0.0,0.0,정상,True
2020 10 30 22:56:39,0.0,정상,0.0,0.0,정상,True
2020 10 30 22:56:44,0.0,정상,0.0,0.0,정상,True
2020 10 30 22:56:49,0.0,정상,0.0,0.0,정상,True
2020 10 30 22:56:54,0.0,정상,0.0,0.0,정상,True
2020 10 30 22:56:59,0.0,정상,0.0,0.0,정상,True
2020 10 30 22:57:04,0.0,정상,0.0,0.0,정상,True
2020 10 30 22:57:09,0.0,정상,0.0,0.0,정상,True
2020 10 30 22:57:14,0.0,정상,0.0,0.0,정상,True
2020 10 30 22:57:19,0.0,정상,0.0,0.0,정상,True
2020 10 30 22:57:24,0.0,정상,0.0,0.0,정상,True
2020 10 30 22:57:29,0.0,정상,0.0,0.0,정상,True
2020 10 30 22:57:34,0.0,정상,0.0,0.0,정상,True
2020 10 30 22:57:39,0.0,정상,0.0,0.0,정상,True
2020 10 30 22:57:44,0.0,정상,0.0,0.0,정상,True
2020 10 30 22:57:49,0.0,정상,0.0,0.0,정상,True
2020 10 30 22:57:54,0.0,정상,0.0,0.0,정상,True
2020 10 30 22:57:59,0.0,정상,0.0,0.0,정상,True
2020 10 30 22:58:04,0.0,정상,0.0,0.0,정상,True
2020 10 30 22:58:09,0.0,정상,0.0,0.0,정상,True
2020 10 30 22:58:14,0.0,정상,0.0,0.0,정상,True
2020 10 30 22:58:19,0.0,정상,0.0,0.0,정상,True
2020 10 30 22:58:24,0.0,정상,0.0,0.0,정상,True
2020 10 30 22:58:29,0.0,정상,0.0,0.0,정상,True
2020 10 30 22:58:34,0.0,정상,0.0,0.0,정상,True
2020 10 30 22:58:39,0.0,정상,0.0,0.0,정상,True
2020 10 30 22:58:44,0.0,정상,0.0,0.0,정상,True
2020 10 30 22:58:49,0.0,정상,0.0,0.0,정상,True
2020 10 30 22:58:54,0.0,정상,0.0,0.0,정상,True
2020 10 30 22:58:59,0.0,정상,0.0,0.0,정상,True
2020 10 30 22:59:04,0.0,정상,0.0,0.0,정상,True
2020 10 30 22:59:09,0.0,정상,0.0,0.0,정상,True
2020 10 30 22:59:14,0.0,정상,0.0,0.0,정상,True
2020 10 30 22:59:19,0.0,정상,0.0,0.0,정상,True
2020 10 30 22:59:24,0.0,정상,0.0,0.0,정상,True
2020 10 30 22:59:29,0.0,정상,0.0,0.0,정상,True
2020 10 30 22:59:34,0.0,정상,0.0,0.0,정상,True
2020 10 30 22:59:39,0.0,정상,0.0,0.0,정상,True
2020 10 30 22:59:44,0.0,정상,0.0,0.0,정상,True
2020 10 30 22:59:49,0.0,정상,0.0,0.0,정상,True
2020 10 30 22:59:54,0.0,정상,0.0,0.0,정상,True
2020 10 30 22:59:59,0.0,정상,0.0,0.0,정상,True
2020 10 30 23:00:04,0.0,정상,0.0,0.0,정상,True
2020 10 30 23:00:09,0.0,정상,0.0,0.0,정상,True
2020 10 30 23:00:14,0.0,정상,0.0,0.0,정상,True
2020 10 30 23:00:19,0.0,정상,0.0,0.0,정상,True
2020 10 30 23:00:24,0.0,정상,0.0,0.0,정상,True
2020 10 30 23:00:29,0.0,정상,0.0,0.0,정상,True
2020 10 30 23:00:34,0.0,정상,0.0,0.0,정상,True
2020 10 30 23:00:39,0.0,정상,0.0,0.0,정상,True
2020 10 30 23:00:44,0.0,정상,0.0,0.0,정상,True
2020 10 30 23:00:49,0.0,정상,0.0,0.0,정상,True
2020 10 30 23:00:54,0.0,정상,0.0,0.0,정상,True
2020 10 30 23:00:59,0.0,정상,0.0,0.0,정상,True
2020 10 30 23:01:04,0.0,정상,0.0,0.0,정상,True
2020 10 30 23:01:09,0.0,정상,0.0,0.0,정상,True
2020 10 30 23:01:14,0.0,정상,0.0,0.0,정상,True
2020 10 30 23:01:19,0.0,정상,0.0,0.0,정상,True
2020 10 30 23:01:24,0.0,정상,0.0,0.0,정상,True
2020 10 30 23:01:29,0.0,정상,0.00011857707509881423,0.0,정상,True
2020 10 30 23:01:34,0.0,정상,0.0,0.0,정상,True
2020 10 30 23:01:39,0.0,정상,0.0,0.0,정상,True
2020 10 30 23:01:44,0.0,정상,0.0,0.0,정상,True
2020 10 30 23:01:49,0.0,정상,0.0,0.0,정상,True
2020 10 30 23:01:54,0.0,정상,0.0,0.0,정상,True
2020 10 30 23:01:59,0.0,정상,0.0,0.0,정상,True
2020 10 30 23:02:04,0.0,정상,0.0,0.0,정상,True
2020 10 30 23:02:09,0.0,정상,0.0,0.0,정상,True
2020 10 30 23:02:14,0.0,정상,0.0,0.0,정상,True
2020 10 30 23:02:19,0.0,정상,0.0,0.0,정상,True
2020 10 30 23:02:24,0.0,정상,0.0,0.0,정상,True
2020 10 30 23:02:29,0.0,정상,0.0,0.0,정상,True
2020 10 30 23:02:34,0.0,정상,0.0,0.0,정상,True
2020 10 30 23:02:39,0.0,정상,0.0,0.0,정상,True
2020 10 30 23:02:44,0.0,정상,0.0,0.0,정상,True
2020 10 30 23:02:49,0.0,정상,0.0,0.0,정상,True
2020 10 30 23:02:54,0.0,정상,0.0,0.0,정상,True
2020 10 30 23:02:59,0.0,정상,0.0,0.0,정상,True
2020 10 30 23:03:04,0.0,정상,0.0,0.0,정상,True
2020 10 30 23:03:09,0.0,정상,0.0,0.0,정상,True
2020 10 30 23:03:14,0.0,정상,0.0,0.0,정상,True
2020 10 30 23:03:19,0.0,정상,0.0,0.0,정상,True
2020 10 30 23:03:24,0.0,정상,0.0,0.0,정상,True
2020 10 30 23:03:29,0.0,정상,0.0,0.0,정상,True
2020 10 30 23:03:34,0.0,정상,0.0,0.0,정상,True
2020 10 30 23:03:39,0.0,정상,0.0,0.0,정상,True
2020 10 30 23:03:44,0.0,정상,0.0,0.0,정상,True
2020 10 30 23:03:49,0.0,정상,0.0,0.0,정상,True
2020 10 30 23:03:54,0.0,정상,0.0,0.0,정상,True
2020 10 30 23:03:59,0.0,정상,0.0,0.0,정상,True
2020 10 30 23:04:04,0.0,정상,0.0,0.0,정상,True
2020 10 30 23:04:09,0.0,정상,0.0,0.0,정상,True
2020 10 30 23:04:14,0.0,정상,0.0,0.0,정상,True
2020 10 30 23:04:19,0.0,정상,0.0,0.0,정상,True
2020 10 30 23:04:24,0.0,정상,0.0,0.0,정상,True
2020 10 30 23:04:29,0.0,정상,0.0,0.0,정상,True
2020 10 30 23:04:34,0.0,정상,0.0,0.0,정상,True
2020 10 30 23:04:39,0.0,정상,0.0,0.0,정상,True
2020 10 30 23:04:44,0.0,정상,0.0,0.0,정상,True
2020 10 30 23:04:49,0.0,정상,0.0,0.0,정상,True
2020 10 30 23:04:54,0.0,정상,0.0,0.0,정상,True
2020 10 30 23:04:59,0.0,정상,0.0,0.0,정상,True
2020 10 30 23:05:04,0.0,정상,0.0,0.0,정상,True
2020 10 30 23:05:09,0.0,정상,0.0,0.0,정상,True
2020 10 30 23:05:14,0.0,정상,0.0,0.0,정상,True
2020 10 30 23:05:19,0.0,정상,0.0,0.0,정상,True
2020 10 30 23:05:24,0.0,정상,0.0,0.0,정상,True
2020 10 30 23:05:29,0.0,정상,0.0,0.0,정상,True
2020 10 30 23:05:34,0.0,정상,0.0,0.0,정상,True
2020 10 30 23:05:39,0.0,정상,0.0,0.0,정상,True
2020 10 30 23:05:44,0.0,정상,0.0,0.0,정상,True
2020 10 30 23:05:49,0.0,정상,0.0,0.0,정상,True
2020 10 30 23:05:54,0.0,정상,0.0,0.0,정상,True
2020 10 30 23:05:59,0.0,정상,0.0,0.0,정상,True
2020 10 30 23:06:04,0.0,정상,0.0,0.0,정상,True
2020 10 30 23:06:09,0.0,정상,0.0,0.0,정상,True
2020 10 30 23:06:14,0.0,정상,0.0,0.0,정상,True
2020 10 30 23:06:19,0.0,정상,0.0,0.0,정상,True
2020 10 30 23:06:24,0.0,정상,0.0,0.0,정상,True
2020 10 30 23:06:29,0.0,정상,0.0,0.0,정상,True
2020 10 30 23:06:34,0.0,정상,0.0,0.0,정상,True
2020 10 30 23:06:39,0.0,정상,0.0,0.0,정상,True
2020 10 30 23:06:44,0.0,정상,0.0,0.0,정상,True
2020 10 30 23:06:49,0.0,정상,0.0,0.0,정상,True
2020 10 30 23:06:54,0.0,정상,0.0,0.0,정상,True
2020 10 30 23:06:59,0.0,정상,0.0,0.0,정상,True
2020 10 30 23:07:04,0.0,정상,0.0,0.0,정상,True
2020 10 30 23:07:09,0.0,정상,0.0,0.0,정상,True
2020 10 30 23:07:14,0.0,정상,0.0,0.0,정상,True
2020 10 30 23:07:19,0.0,정상,0.0,0.0,정상,True
2020 10 30 23:07:24,0.0,정상,0.0,0.0,정상,True
2020 10 30 23:07:29,0.0,정상,0.0,0.0,정상,True
2020 10 30 23:07:34,0.0,정상,0.0,0.0,정상,True
2020 10 30 23:07:39,0.0,정상,0.0,0.0,정상,True
2020 10 30 23:07:44,0.0,정상,0.0,0.0,정상,True
2020 10 30 23:07:49,0.0,정상,0.0,0.0,정상,True
2020 10 30 23:07:54,0.0,정상,0.0,0.0,정상,True
2020 10 30 23:07:59,0.0,정상,0.0,0.0,정상,True
2020 10 30 23:08:04,0.0,정상,0.0,0.0,정상,True
2020 10 30 23:08:09,0.0,정상,0.0,0.0,정상,True
2020 10 30 23:08:14,0.0,정상,0.0,0.0,정상,True
2020 10 30 23:08:19,0.0,정상,0.0,0.0,정상,True
2020 10 30 23:08:24,0.0,정상,0.0,0.0,정상,True
2020 10 30 23:08:29,0.0,정상,0.0,0.0,정상,True
2020 10 30 23:08:34,0.0,정상,0.0,0.0,정상,True
2020 10 30 23:08:39,0.0,정상,0.0,0.0,정상,True
2020 10 30 23:08:44,0.0,정상,0.0,0.0,정상,True
2020 10 30 23:08:49,0.0,정상,0.0,0.0,정상,True
2020 10 30 23:08:54,0.0,정상,0.0,0.0,정상,True
2020 10 30 23:08:59,0.0,정상,0.0,0.0,정상,True
2020 10 30 23:09:04,0.0,정상,0.0,0.0,정상,True
2020 10 30 23:09:09,0.0,정상,0.0,0.0,정상,True
2020 10 30 23:09:14,0.0,정상,0.0,0.0,정상,True
2020 10 30 23:09:19,0.0,정상,0.0,0.0,정상,True
2020 10 30 23:09:24,0.0,정상,0.0,0.0,정상,True
2020 10 30 23:09:29,0.0,정상,0.0,0.0,정상,True
2020 10 30 23:09:34,0.0,정상,0.0,0.0,정상,True
2020 10 30 23:09:39,0.0,정상,0.0,0.0,정상,True
2020 10 30 23:09:44,0.0,정상,0.0,0.0,정상,True
2020 10 30 23:09:49,0.0,정상,0.0,0.0,정상,True
2020 10 30 23:09:54,0.0,정상,0.0,0.0,정상,True
2020 10 30 23:09:59,0.0,정상,0.0,0.0,정상,True
2020 10 30 23:10:04,0.0,정상,0.0,0.0,정상,True
2020 10 30 23:10:09,0.0,정상,0.0,0.0,정상,True
2020 10 30 23:10:14,0.0,정상,0.0,0.0,정상,True
2020 10 30 23:10:19,0.0,정상,0.0,0.0,정상,True
2020 10 30 23:10:24,0.0,정상,0.0,0.0,정상,True
2020 10 30 23:10:29,0.0,정상,0.0,0.0,정상,True
2020 10 30 23:10:34,0.0,정상,0.0,0.0,정상,True
2020 10 30 23:10:39,0.0,정상,0.0,0.0,정상,True
2020 10 30 23:10:44,0.0,정상,0.0,0.0,정상,True
2020 10 30 23:10:49,0.0,정상,0.0,0.0,정상,True
2020 10 30 23:10:54,0.0,정상,0.0,0.0,정상,True
2020 10 30 23:10:59,0.0,정상,0.0,0.0,정상,True
2020 10 30 23:11:04,0.0,정상,0.0,0.0,정상,True
2020 10 30 23:11:09,0.0,정상,0.0,0.0,정상,True
2020 10 30 23:11:14,0.0,정상,0.0,0.0,정상,True
2020 10 30 23:11:19,0.0,정상,0.0,0.0,정상,True
2020 10 30 23:11:24,0.0,정상,0.0,0.0,정상,True
2020 10 30 23:11:29,0.0,정상,0.0,0.0,정상,True
2020 10 30 23:11:34,0.0,정상,0.0,0.0,정상,True
2020 10 30 23:11:39,0.0,정상,0.0,0.0,정상,True
2020 10 30 23:11:44,0.0,정상,0.0,0.0,정상,True
2020 10 30 23:11:49,0.0,정상,0.0,0.0,정상,True
2020 10 30 23:11:54,0.0,정상,0.0,0.0,정상,True
2020 10 30 23:11:59,0.0,정상,0.0,0.0,정상,True
2020 10 30 23:12:04,0.0,정상,0.0,0.0,정상,True
2020 10 30 23:12:09,0.0,정상,0.0,0.0,정상,True
2020 10 30 23:12:14,0.0,정상,0.0,0.0,정상,True
2020 10 30 23:12:19,0.0,정상,0.0,0.0,정상,True
2020 10 30 23:12:24,0.0,정상,0.0,0.0,정상,True
2020 10 30 23:12:29,0.0,정상,0.0,0.0,정상,True
2020 10 30 23:12:34,0.0,정상,0.0,0.0,정상,True
2020 10 30 23:12:39,0.0,정상,0.0,0.0,정상,True
2020 10 30 23:12:44,0.0,정상,0.0,0.0,정상,True
2020 10 30 23:12:49,0.0,정상,0.0,0.0,정상,True
2020 10 30 23:12:54,0.0,정상,0.0,0.0,정상,True
2020 10 30 23:12:59,0.0,정상,0.0,0.0,정상,True
2020 10 30 23:13:04,0.0,정상,0.0,0.0,정상,True
2020 10 30 23:13:09,0.0,정상,0.0,0.0,정상,True
2020 10 30 23:13:14,0.0,정상,0.0,0.0,정상,True
2020 10 30 23:13:19,0.0,정상,0.0,0.0,정상,True
2020 10 30 23:13:24,0.0,정상,0.0,0.0,정상,True
2020 10 30 23:13:29,0.0,정상,0.0,0.0,정상,True
2020 10 30 23:13:34,0.0,정상,0.0,0.0,정상,True
2020 10 30 23:13:39,0.0,정상,0.0,0.0,정상,True
2020 10 30 23:13:44,0.0,정상,0.0,0.0,정상,True
2020 10 30 23:13:49,0.0,정상,0.0,0.0,정상,True
2020 10 30 23:13:54,0.0,정상,0.0,0.0,정상,True
2020 10 30 23:13:59,0.0,정상,0.0,0.0,정상,True
2020 10 30 23:14:04,0.0,정상,0.0,0.0,정상,True
2020 10 30 23:14:09,0.0,정상,0.0,0.0,정상,True
2020 10 30 23:14:14,0.0,정상,0.0,0.0,정상,True
2020 10 30 23:14:19,0.0,정상,0.0,0.0,정상,True
2020 10 30 23:14:24,0.0,정상,0.0,0.0,정상,True
2020 10 30 23:14:29,0.0,정상,0.0,0.0,정상,True
2020 10 30 23:14:34,0.0,정상,0.0,0.0,정상,True
2020 10 30 23:14:39,0.0,정상,0.0,0.0,정상,True
2020 10 30 23:14:44,0.0,정상,0.0,0.0,정상,True
2020 10 30 23:14:49,0.0,정상,0.0,0.0,정상,True
2020 10 30 23:14:54,0.0,정상,0.0,0.0,정상,True
2020 10 30 23:14:59,0.0,정상,0.0,0.0,정상,True
2020 10 30 23:15:04,0.0,정상,0.0,0.0,정상,True
2020 10 30 23:15:09,0.0,정상,0.0,0.0,정상,True
2020 10 30 23:15:14,0.0,정상,0.0,0.0,정상,True
2020 10 30 23:15:19,0.0,정상,0.0,0.0,정상,True
2020 10 30 23:15:24,0.0,정상,0.0,0.0,정상,True
2020 10 30 23:15:29,0.0,정상,0.0,0.0,정상,True
2020 10 30 23:15:34,0.0,정상,0.0,0.0,정상,True
2020 10 30 23:15:39,0.0,정상,0.0,0.0,정상,True
2020 10 30 23:15:44,0.0,정상,0.0,0.0,정상,True
2020 10 30 23:15:49,0.0,정상,0.0,0.0,정상,True
2020 10 30 23:15:54,0.0,정상,0.0,0.0,정상,True
2020 10 30 23:15:59,0.0,정상,0.0,0.0,정상,True
2020 10 30 23:16:04,0.0,정상,0.0,0.0,정상,True
2020 10 30 23:16:09,0.0,정상,0.0,0.0,정상,True
2020 10 30 23:16:14,0.0,정상,0.0,0.0,정상,True
2020 10 30 23:16:19,0.0,정상,0.0,0.0,정상,True
2020 10 30 23:16:24,0.0,정상,0.0,0.0,정상,True
2020 10 30 23:16:29,0.0,정상,0.0,0.0,정상,True
2020 10 30 23:16:34,0.0,정상,0.0,0.0,정상,True
2020 10 30 23:16:39,0.0,정상,0.0,0.0,정상,True
2020 10 30 23:16:44,0.0,정상,0.0,0.0,정상,True
2020 10 30 23:16:49,0.0,정상,0.0,0.0,정상,True
2020 10 30 23:16:54,0.0,정상,0.0,0.0,정상,True
2020 10 30 23:16:59,0.0,정상,0.0,0.0,정상,True
2020 10 30 23:17:04,0.0,정상,0.0,0.0,정상,True
2020 10 30 23:17:09,0.0,정상,0.0,0.0,정상,True
2020 10 30 23:17:14,0.0,정상,0.0,0.0,정상,True
2020 10 30 23:17:19,0.0,정상,0.0,0.0,정상,True
2020 10 30 23:17:24,0.0,정상,0.0,0.0,정상,True
2020 10 30 23:17:29,0.0,정상,0.0,0.0,정상,True
2020 10 30 23:17:34,0.0,정상,0.0,0.0,정상,True
2020 10 30 23:17:39,0.0,정상,0.0,0.0,정상,True
2020 10 30 23:17:44,0.0,정상,0.0,0.0,정상,True
2020 10 30 23:17:49,0.0,정상,0.0,0.0,정상,True
2020 10 30 23:17:54,0.0,정상,0.0,0.0,정상,True
2020 10 30 23:17:59,0.0,정상,0.0,0.0,정상,True
2020 10 30 23:18:04,0.0,정상,0.0,0.0,정상,True
2020 10 30 23:18:09,0.0,정상,0.0,0.0,정상,True
2020 10 30 23:18:14,0.0,정상,0.0,0.0,정상,True
2020 10 30 23:18:19,0.0,정상,0.0,0.0,정상,True
2020 10 30 23:18:24,0.0,정상,0.0,0.0,정상,True
2020 10 30 23:18:29,0.0,정상,0.0,0.0,정상,True
2020 10 30 23:18:34,0.0,정상,0.0,0.0,정상,True
2020 10 30 23:18:39,0.0,정상,0.0,0.0,정상,True
2020 10 30 23:18:44,0.0,정상,0.0,0.0,정상,True
2020 10 30 23:18:49,0.0,정상,0.0,0.0,정상,True
2020 10 30 23:18:54,0.0,정상,0.0,0.0,정상,True
2020 10 30 23:18:59,0.0,정상,0.0,0.0,정상,True
2020 10 30 23:19:04,0.0,정상,0.0,0.0,정상,True
2020 10 30 23:19:09,0.0,정상,0.0,0.0,정상,True
2020 10 30 23:19:14,0.0,정상,0.0,0.0,정상,True
2020 10 30 23:19:19,0.0,정상,0.0,0.0,정상,True
2020 10 30 23:19:24,0.0,정상,0.0,0.0,정상,True
2020 10 30 23:19:29,0.0,정상,0.0,0.0,정상,True
2020 10 30 23:19:34,0.0,정상,0.0,0.0,정상,True
2020 10 30 23:19:39,0.0,정상,0.0,0.0,정상,True
2020 10 30 23:19:44,0.0,정상,0.0,0.0,정상,True
2020 10 30 23:19:49,0.0,정상,0.0,0.0,정상,True
2020 10 30 23:19:54,0.0,정상,0.0,0.0,정상,True
2020 10 30 23:19:59,0.0,정상,0.0,0.0,정상,True
2020 10 30 23:20:04,0.0,정상,0.0,0.0,정상,True
2020 10 30 23:20:09,0.0,정상,0.0,0.0,정상,True
2020 10 30 23:20:14,0.0,정상,0.0,0.0,정상,True
2020 10 30 23:20:19,0.0,정상,0.0,0.0,정상,True
2020 10 30 23:20:24,0.0,정상,0.0,0.0,정상,True
2020 10 30 23:20:29,0.0,정상,0.0,0.0,정상,True
2020 10 30 23:20:34,0.0,정상,0.0,0.0,정상,True
2020 10 30 23:20:39,0.0,정상,0.0,0.0,정상,True
2020 10 30 23:20:44,0.0,정상,0.0,0.0,정상,True
2020 10 30 23:20:49,0.0,정상,0.0,0.0,정상,True
2020 10 30 23:20:54,0.0,정상,0.0,0.0,정상,True
2020 10 30 23:20:59,0.0,정상,0.0,0.0,정상,True
2020 10 30 23:21:04,0.0,정상,0.0,0.0,정상,True
2020 10 30 23:21:09,0.0,정상,0.0,0.0,정상,True
2020 10 30 23:21:14,0.0,정상,0.0,0.0,정상,True
2020 10 30 23:21:19,0.0,정상,0.00011857707509881423,0.0,정상,True
2020 10 30 23:21:24,0.0,정상,0.00017241379310344826,0.0,정상,True
2020 10 30 23:21:29,0.0,정상,0.00017241379310344826,0.0,정상,True
2020 10 30 23:21:34,0.0,정상,0.00011857707509881423,0.0,정상,True
2020 10 30 23:21:39,0.0,정상,0.0,0.0,정상,True
2020 10 30 23:21:44,0.0,정상,0.0,0.0,정상,True
2020 10 30 23:21:49,0.0,정상,0.00017241379310344826,0.0,정상,True
2020 10 30 23:21:54,0.0,정상,0.00011857707509881423,0.0,정상,True
2020 10 30 23:21:59,0.0,정상,0.00017241379310344826,0.0,정상,True
2020 10 30 23:22:04,0.0,정상,0.0,0.0,정상,True
2020 10 30 23:22:09,0.0,정상,0.0,0.0,정상,True
2020 10 30 23:22:14,0.0,정상,0.0,0.0,정상,True
2020 10 30 23:22:19,0.0,정상,0.00017241379310344826,0.0,정상,True
2020 10 30 23:22:24,0.0,정상,0.0,0.0,정상,True
2020 10 30 23:22:29,0.0,정상,0.00017241379310344826,0.0,정상,True
2020 10 30 23:22:34,0.0,정상,0.00017241379310344826,0.0,정상,True
2020 10 30 23:22:39,0.0,정상,0.00017241379310344826,0.0,정상,True
2020 10 30 23:22:44,0.0,정상,0.00017241379310344826,0.0,정상,True
2020 10 30 23:22:49,0.0,정상,0.00017241379310344826,0.0,정상,True
2020 10 30 23:22:54,0.0,정상,0.0,0.0,정상,True
2020 10 30 23:22:59,0.0,정상,0.00017241379310344826,0.0,정상,True
2020 10 30 23:23:04,0.0,정상,0.00017241379310344826,0.0,정상,True
2020 10 30 23:23:09,0.0,정상,0.0,0.0,정상,True
2020 10 30 23:23:14,0.0,정상,0.0,0.0,정상,True
2020 10 30 23:23:19,0.0,정상,0.0,0.0,정상,True
2020 10 30 23:23:24,0.0,정상,0.0,0.0,정상,True
2020 10 30 23:23:29,0.0,정상,0.0,0.0,정상,True
2020 10 30 23:23:34,0.0,정상,0.0,0.0,정상,True
2020 10 30 23:23:39,0.0,정상,0.0,0.0,정상,True
2020 10 30 23:23:44,0.0,정상,0.0,0.0,정상,True
2020 10 30 23:23:49,0.0,정상,0.0,0.0,정상,True
2020 10 30 23:23:54,0.0,정상,0.0,0.0,정상,True
2020 10 30 23:23:59,0.0,정상,0.0,0.0,정상,True
2020 10 30 23:24:04,0.0,정상,0.0,0.0,정상,True
2020 10 30 23:24:09,0.0,정상,0.0,0.0,정상,True
2020 10 30 23:24:14,0.0,정상,0.0,0.0,정상,True
2020 10 30 23:24:19,0.0,정상,0.0,0.0,정상,True
2020 10 30 23:24:24,0.0,정상,0.0,0.0,정상,True
2020 10 30 23:24:29,0.0,정상,0.0,0.0,정상,True
2020 10 30 23:24:34,0.0,정상,0.0,0.0,정상,True
2020 10 30 23:24:39,0.0,정상,0.0,0.0,정상,True
2020 10 30 23:24:44,0.0,정상,0.0,0.0,정상,True
2020 10 30 23:24:49,0.0,정상,0.0,0.0,정상,True
2020 10 30 23:24:54,0.0,정상,0.0,0.0,정상,True
2020 10 30 23:24:59,0.0,정상,0.0,0.0,정상,True
2020 10 30 23:25:04,0.0,정상,0.0,0.0,정상,True
2020 10 30 23:25:09,0.0,정상,0.0,0.0,정상,True
2020 10 30 23:25:14,0.0,정상,0.0,0.0,정상,True
2020 10 30 23:25:19,0.0,정상,0.0,0.0,정상,True
2020 10 30 23:25:24,0.0,정상,0.0,0.0,정상,True
2020 10 30 23:25:29,0.0,정상,0.0,0.0,정상,True
2020 10 30 23:25:34,0.0,정상,0.0,0.0,정상,True
2020 10 30 23:25:39,0.0,정상,0.0,0.0,정상,True
2020 10 30 23:25:44,0.0,정상,0.0,0.0,정상,True
2020 10 30 23:25:49,0.0,정상,0.0,0.0,정상,True
2020 10 30 23:25:54,0.0,정상,0.0,0.0,정상,True
2020 10 30 23:25:59,0.0,정상,0.0,0.0,정상,True
2020 10 30 23:26:04,0.0,정상,0.0,0.0,정상,True
2020 10 30 23:26:09,0.0,정상,0.0,0.0,정상,True
2020 10 30 23:26:14,0.0,정상,0.0,0.0,정상,True
2020 10 30 23:26:19,0.0,정상,0.0,0.0,정상,True
2020 10 30 23:26:24,0.0,정상,0.0,0.0,정상,True
2020 10 30 23:26:29,0.0,정상,0.0,0.0,정상,True
2020 10 30 23:26:34,0.0,정상,0.0,0.0,정상,True
2020 10 30 23:26:39,0.0,정상,0.0,0.0,정상,True
2020 10 30 23:26:44,0.0,정상,0.0,0.0,정상,True
2020 10 30 23:26:49,0.0,정상,0.0,0.0,정상,True
2020 10 30 23:26:54,0.0,정상,0.0,0.0,정상,True
2020 10 30 23:26:59,0.0,정상,0.0,0.0,정상,True
2020 10 30 23:27:04,0.0,정상,0.0,0.0,정상,True
2020 10 30 23:27:09,0.0,정상,0.0,0.0,정상,True
2020 10 30 23:27:14,0.0,정상,0.0,0.0,정상,True
2020 10 30 23:27:19,0.0,정상,0.0,0.0,정상,True
2020 10 30 23:27:24,0.0,정상,0.0,0.0,정상,True
2020 10 30 23:27:29,0.0,정상,0.0,0.0,정상,True
2020 10 30 23:27:34,0.0,정상,0.0,0.0,정상,True
2020 10 30 23:27:39,0.0,정상,0.0,0.0,정상,True
2020 10 30 23:27:44,0.0,정상,0.0,0.0,정상,True
2020 10 30 23:27:49,0.0,정상,0.0,0.0,정상,True
2020 10 30 23:27:54,0.0,정상,0.0,0.0,정상,True
2020 10 30 23:27:59,0.0,정상,0.0,0.0,정상,True
2020 10 30 23:28:04,0.0,정상,0.0,0.0,정상,True
2020 10 30 23:28:09,0.0,정상,0.0,0.0,정상,True
2020 10 30 23:28:14,0.0,정상,0.0,0.0,정상,True
2020 10 30 23:28:19,0.0,정상,0.0,0.0,정상,True
2020 10 30 23:28:24,0.0,정상,0.00011764705882352942,0.0,정상,True
2020 10 30 23:28:29,0.0,정상,0.0,0.0,정상,True
2020 10 30 23:28:34,0.0,정상,0.0,0.0,정상,True
2020 10 30 23:28:39,0.0,정상,0.0,0.0,정상,True
2020 10 30 23:28:44,0.0,정상,0.0,0.0,정상,True
2020 10 30 23:28:49,0.0,정상,0.0,0.0,정상,True
2020 10 30 23:28:54,0.0,정상,0.0,0.0,정상,True
2020 10 30 23:28:59,0.0,정상,0.00011764705882352942,0.0,정상,True
2020 10 30 23:29:04,0.0,정상,0.00011764705882352942,0.0,정상,True
2020 10 30 23:29:09,0.0,정상,0.00011764705882352942,0.0,정상,True
2020 10 30 23:29:14,0.0,정상,0.0,0.0,정상,True
2020 10 30 23:29:19,0.0,정상,0.00011764705882352942,0.0,정상,True
2020 10 30 23:29:24,0.0,정상,0.0,0.0,정상,True
2020 10 30 23:29:29,0.0,정상,0.0,0.0,정상,True
2020 10 30 23:29:34,0.0,정상,0.0,0.0,정상,True
2020 10 30 23:29:39,0.0,정상,0.00011764705882352942,0.0,정상,True
2020 10 30 23:29:44,0.0,정상,0.00011764705882352942,0.0,정상,True
2020 10 30 23:29:49,0.0,정상,0.00011764705882352942,0.0,정상,True
2020 10 30 23:29:54,0.0,정상,0.00011764705882352942,0.0,정상,True
2020 10 30 23:29:59,0.0,정상,0.00011764705882352942,0.0,정상,True
2020 10 30 23:30:04,0.0,정상,0.0,0.0,정상,True
2020 10 30 23:30:09,0.0,정상,0.0,0.0,정상,True
2020 10 30 23:30:14,0.0,정상,0.0,0.0,정상,True
2020 10 30 23:30:19,0.0,정상,0.0,0.0,정상,True
2020 10 30 23:30:24,0.0,정상,0.0,0.0,정상,True
2020 10 30 23:30:29,0.0,정상,0.0,0.0,정상,True
2020 10 30 23:30:34,0.0,정상,0.0,0.0,정상,True
2020 10 30 23:30:39,0.0,정상,0.0,0.0,정상,True
2020 10 30 23:30:44,0.0,정상,0.0,0.0,정상,True
2020 10 30 23:30:49,0.0,정상,0.0,0.0,정상,True
2020 10 30 23:30:54,0.0,정상,0.0,0.0,정상,True
2020 10 30 23:30:59,0.0,정상,0.0,0.0,정상,True
2020 10 30 23:31:04,0.0,정상,0.0,0.0,정상,True
2020 10 30 23:31:09,0.0,정상,0.0,0.0,정상,True
2020 10 30 23:31:14,0.0,정상,0.0,0.0,정상,True
2020 10 30 23:31:19,0.0,정상,0.0,0.0,정상,True
2020 10 30 23:31:24,0.0,정상,0.0,0.0,정상,True
2020 10 30 23:31:29,0.0,정상,0.0,0.0,정상,True
2020 10 30 23:31:34,0.0,정상,0.0,0.0,정상,True
2020 10 30 23:31:39,0.0,정상,0.0,0.0,정상,True
2020 10 30 23:31:44,0.0,정상,0.0,0.0,정상,True
2020 10 30 23:31:49,0.0,정상,0.0,0.0,정상,True
2020 10 30 23:31:54,0.0,정상,0.0,0.0,정상,True
2020 10 30 23:31:59,0.0,정상,0.0,0.0,정상,True
2020 10 30 23:32:04,0.0,정상,0.0,0.0,정상,True
2020 10 30 23:32:09,0.0,정상,0.0,0.0,정상,True
2020 10 30 23:32:14,0.0,정상,0.0,0.0,정상,True
2020 10 30 23:32:19,0.0,정상,0.0,0.0,정상,True
2020 10 30 23:32:24,0.0,정상,0.0,0.0,정상,True
2020 10 30 23:32:29,0.0,정상,0.0,0.0,정상,True
2020 10 30 23:32:34,0.0,정상,0.0,0.0,정상,True
2020 10 30 23:32:39,0.0,정상,0.0,0.0,정상,True
2020 10 30 23:32:44,0.0,정상,0.0,0.0,정상,True
2020 10 30 23:32:49,0.0,정상,0.0,0.0,정상,True
2020 10 30 23:32:54,0.0,정상,0.0,0.0,정상,True
2020 10 30 23:32:59,0.0,정상,0.0,0.0,정상,True
2020 10 30 23:33:04,0.0,정상,0.0,0.0,정상,True
2020 10 30 23:33:09,0.0,정상,0.0,0.0,정상,True
2020 10 30 23:33:14,0.0,정상,0.0,0.0,정상,True
2020 10 30 23:33:19,0.0,정상,0.0,0.0,정상,True
2020 10 30 23:33:24,0.0,정상,0.0,0.0,정상,True
2020 10 30 23:33:29,0.0,정상,0.0,0.0,정상,True
2020 10 30 23:33:34,0.0,정상,0.0,0.0,정상,True
2020 10 30 23:33:39,0.0,정상,0.0,0.0,정상,True
2020 10 30 23:33:44,0.0,정상,0.0,0.0,정상,True
2020 10 30 23:33:49,0.0,정상,0.0,0.0,정상,True
2020 10 30 23:33:54,0.0,정상,0.0,0.0,정상,True
2020 10 30 23:33:59,0.0,정상,0.0,0.0,정상,True
2020 10 30 23:34:04,0.0,정상,0.0,0.0,정상,True
2020 10 30 23:34:09,0.0,정상,0.0,0.0,정상,True
2020 10 30 23:34:14,0.0,정상,0.0,0.0,정상,True
2020 10 30 23:34:19,0.0,정상,0.0,0.0,정상,True
2020 10 30 23:34:24,0.0,정상,0.0,0.0,정상,True
2020 10 30 23:34:29,0.0,정상,0.0,0.0,정상,True
2020 10 30 23:34:34,0.0,정상,0.0,0.0,정상,True
2020 10 30 23:34:39,0.0,정상,0.0,0.0,정상,True
2020 10 30 23:34:44,0.0,정상,0.0,0.0,정상,True
2020 10 30 23:34:49,0.0,정상,0.0,0.0,정상,True
2020 10 30 23:34:54,0.0,정상,0.0,0.0,정상,True
2020 10 30 23:34:59,0.0,정상,0.0,0.0,정상,True
2020 10 30 23:35:04,0.0,정상,0.0,0.0,정상,True
2020 10 30 23:35:09,0.0,정상,0.0,0.0,정상,True
2020 10 30 23:35:14,0.0,정상,0.0,0.0,정상,True
2020 10 30 23:35:19,0.0,정상,0.0,0.0,정상,True
2020 10 30 23:35:24,0.0,정상,0.0,0.0,정상,True
2020 10 30 23:35:29,0.0,정상,0.0,0.0,정상,True
2020 10 30 23:35:34,0.0,정상,0.0,0.0,정상,True
2020 10 30 23:35:39,0.0,정상,0.0,0.0,정상,True
2020 10 30 23:35:44,0.0,정상,0.0,0.0,정상,True
2020 10 30 23:35:49,0.0,정상,0.0,0.0,정상,True
2020 10 30 23:35:54,0.0,정상,0.0,0.0,정상,True
2020 10 30 23:35:59,0.0,정상,0.0,0.0,정상,True
2020 10 30 23:36:04,0.0,정상,0.0,0.0,정상,True
2020 10 30 23:36:09,0.0,정상,0.0,0.0,정상,True
2020 10 30 23:36:14,0.0,정상,0.0,0.0,정상,True
2020 10 30 23:36:19,0.0,정상,0.0,0.0,정상,True
2020 10 30 23:36:24,0.0,정상,0.0,0.0,정상,True
2020 10 30 23:36:29,0.0,정상,0.0,0.0,정상,True
2020 10 30 23:36:34,0.0,정상,0.0,0.0,정상,True
2020 10 30 23:36:39,0.0,정상,0.00011857707509881423,0.0,정상,True
2020 10 30 23:36:44,0.0,정상,0.00011857707509881423,0.0,정상,True
2020 10 30 23:36:49,0.0,정상,0.00011857707509881423,0.0,정상,True
2020 10 30 23:36:54,0.0,정상,0.00011857707509881423,0.0,정상,True
2020 10 30 23:36:59,0.0,정상,0.00011857707509881423,0.0,정상,True
2020 10 30 23:37:04,0.0,정상,0.00011857707509881423,0.0,정상,True
2020 10 30 23:37:09,0.0,정상,0.00011857707509881423,0.0,정상,True
2020 10 30 23:37:14,0.0,정상,0.00011857707509881423,0.0,정상,True
2020 10 30 23:37:19,0.0,정상,0.00011857707509881423,0.0,정상,True
2020 10 30 23:37:24,0.0,정상,0.00011857707509881423,0.0,정상,True
2020 10 30 23:37:29,0.0,정상,0.00011857707509881423,0.0,정상,True
2020 10 30 23:37:34,0.0,정상,0.0002909908682022625,0.0,정상,True
2020 10 30 23:37:39,0.0,정상,0.00011857707509881423,0.0,정상,True
2020 10 30 23:37:44,0.0,정상,0.00011857707509881423,0.0,정상,True
2020 10 30 23:37:49,0.0,정상,0.00011857707509881423,0.0,정상,True
2020 10 30 23:37:54,0.0,정상,0.00011857707509881423,0.0,정상,True
2020 10 30 23:37:59,0.0,정상,0.00011857707509881423,0.0,정상,True
2020 10 30 23:38:04,0.0,정상,0.00011857707509881423,0.0,정상,True
2020 10 30 23:38:09,0.0,정상,0.0,0.0,정상,True
2020 10 30 23:38:14,0.0,정상,0.0,0.0,정상,True
2020 10 30 23:38:19,0.0,정상,0.0,0.0,정상,True
2020 10 30 23:38:24,0.0,정상,0.0,0.0,정상,True
2020 10 30 23:38:29,0.0,정상,0.0,0.0,정상,True
2020 10 30 23:38:34,0.0,정상,0.0,0.0,정상,True
2020 10 30 23:38:39,0.0,정상,0.0,0.0,정상,True
2020 10 30 23:38:44,0.0,정상,0.0,0.0,정상,True
2020 10 30 23:38:49,0.0,정상,0.0,0.0,정상,True
2020 10 30 23:38:54,0.0,정상,0.0,0.0,정상,True
2020 10 30 23:38:59,0.0,정상,0.0,0.0,정상,True
2020 10 30 23:39:04,0.0,정상,0.0,0.0,정상,True
2020 10 30 23:39:09,0.0,정상,0.0,0.0,정상,True
2020 10 30 23:39:14,0.0,정상,0.0,0.0,정상,True
2020 10 30 23:39:19,0.0,정상,0.0,0.0,정상,True
2020 10 30 23:39:24,0.0,정상,0.0,0.0,정상,True
2020 10 30 23:39:29,0.0,정상,0.0,0.0,정상,True
2020 10 30 23:39:34,0.0,정상,0.0,0.0,정상,True
2020 10 30 23:39:39,0.0,정상,0.0,0.0,정상,True
2020 10 30 23:39:44,0.0,정상,0.0,0.0,정상,True
2020 10 30 23:39:49,0.0,정상,0.0,0.0,정상,True
2020 10 30 23:39:54,0.0,정상,0.0,0.0,정상,True
2020 10 30 23:39:59,0.0,정상,0.0,0.0,정상,True
2020 10 30 23:40:04,0.0,정상,0.0,0.0,정상,True
2020 10 30 23:40:09,0.0,정상,0.0,0.0,정상,True
2020 10 30 23:40:14,0.0,정상,0.0,0.0,정상,True
2020 10 30 23:40:19,0.0,정상,0.0,0.0,정상,True
2020 10 30 23:40:24,0.0,정상,0.0,0.0,정상,True
2020 10 30 23:40:29,0.0,정상,0.0,0.0,정상,True
2020 10 30 23:40:34,0.0,정상,0.0,0.0,정상,True
2020 10 30 23:40:39,0.0,정상,0.0,0.0,정상,True
2020 10 30 23:40:44,0.0,정상,0.0,0.0,정상,True
2020 10 30 23:40:49,0.0,정상,0.0,0.0,정상,True
2020 10 30 23:40:54,0.0,정상,0.0,0.0,정상,True
2020 10 30 23:40:59,0.0,정상,0.0,0.0,정상,True
2020 10 30 23:41:04,0.0,정상,0.0,0.0,정상,True
2020 10 30 23:41:09,0.0,정상,0.0,0.0,정상,True
2020 10 30 23:41:14,0.0,정상,0.0,0.0,정상,True
2020 10 30 23:41:19,0.0,정상,0.0,0.0,정상,True
2020 10 30 23:41:24,0.0,정상,0.0,0.0,정상,True
2020 10 30 23:41:29,0.0,정상,0.0,0.0,정상,True
2020 10 30 23:41:34,0.0,정상,0.0,0.0,정상,True
2020 10 30 23:41:39,0.0,정상,0.0,0.0,정상,True
2020 10 30 23:41:44,0.0,정상,0.0,0.0,정상,True
2020 10 30 23:41:49,0.0,정상,0.0,0.0,정상,True
2020 10 30 23:41:54,0.0,정상,0.0,0.0,정상,True
2020 10 30 23:41:59,0.0,정상,0.0,0.0,정상,True
2020 10 30 23:42:04,0.0,정상,0.0,0.0,정상,True
2020 10 30 23:42:09,0.0,정상,0.0,0.0,정상,True
2020 10 30 23:42:14,0.0,정상,0.0,0.0,정상,True
2020 10 30 23:42:19,0.0,정상,0.0,0.0,정상,True
2020 10 30 23:42:24,0.0,정상,0.0,0.0,정상,True
2020 10 30 23:42:29,0.0,정상,0.0,0.0,정상,True
2020 10 30 23:42:34,0.0,정상,0.0,0.0,정상,True
2020 10 30 23:42:39,0.0,정상,0.0,0.0,정상,True
2020 10 30 23:42:44,0.0,정상,0.0,0.0,정상,True
2020 10 30 23:42:49,0.0,정상,0.0,0.0,정상,True
2020 10 30 23:42:54,0.0,정상,0.0,0.0,정상,True
2020 10 30 23:42:59,0.0,정상,0.0,0.0,정상,True
2020 10 30 23:43:04,0.0,정상,0.0,0.0,정상,True
2020 10 30 23:43:09,0.0,정상,0.0,0.0,정상,True
2020 10 30 23:43:14,0.0,정상,0.0,0.0,정상,True
2020 10 30 23:43:19,0.0,정상,0.0,0.0,정상,True
2020 10 30 23:43:24,0.0,정상,0.0,0.0,정상,True
2020 10 30 23:43:29,0.0,정상,0.0,0.0,정상,True
2020 10 30 23:43:34,0.0,정상,0.0,0.0,정상,True
2020 10 30 23:43:39,0.0,정상,0.0,0.0,정상,True
2020 10 30 23:43:44,0.0,정상,0.0,0.0,정상,True
2020 10 30 23:43:49,0.0,정상,0.0,0.0,정상,True
2020 10 30 23:43:54,0.0,정상,0.0,0.0,정상,True
2020 10 30 23:43:59,0.0,정상,0.0003879173290937997,0.0,정상,True
2020 10 30 23:44:04,0.0,정상,0.00011764705882352942,0.0,정상,True
2020 10 30 23:44:09,0.0,정상,0.00011764705882352942,0.0,정상,True
2020 10 30 23:44:14,0.0,정상,0.00011764705882352942,0.0,정상,True
2020 10 30 23:44:19,0.0,정상,0.00011764705882352942,0.0,정상,True
2020 10 30 23:44:24,0.0,정상,0.0003879173290937997,0.0,정상,True
2020 10 30 23:44:29,0.0,정상,0.0,0.0,정상,True
2020 10 30 23:44:34,0.0,정상,0.0,0.0,정상,True
2020 10 30 23:44:39,0.0,정상,0.0,0.0,정상,True
2020 10 30 23:44:44,0.0,정상,0.00011764705882352942,0.0,정상,True
2020 10 30 23:44:49,0.0,정상,0.0,0.0,정상,True
2020 10 30 23:44:54,0.0,정상,0.00011764705882352942,0.0,정상,True
2020 10 30 23:44:59,0.0,정상,0.0,0.0,정상,True
2020 10 30 23:45:04,0.0,정상,0.0,0.0,정상,True
2020 10 30 23:45:09,0.0,정상,0.0,0.0,정상,True
2020 10 30 23:45:14,0.0,정상,0.0,0.0,정상,True
2020 10 30 23:45:19,0.0,정상,0.0,0.0,정상,True
2020 10 30 23:45:24,0.0,정상,0.0,0.0,정상,True
2020 10 30 23:45:29,0.0,정상,0.0,0.0,정상,True
2020 10 30 23:45:34,0.0,정상,0.0,0.0,정상,True
2020 10 30 23:45:39,0.0,정상,0.0,0.0,정상,True
2020 10 30 23:45:44,0.0,정상,0.0,0.0,정상,True
2020 10 30 23:45:49,0.0,정상,0.0,0.0,정상,True
2020 10 30 23:45:54,0.0,정상,0.0,0.0,정상,True
2020 10 30 23:45:59,0.0,정상,0.0,0.0,정상,True
2020 10 30 23:46:04,0.0,정상,0.0,0.0,정상,True
2020 10 30 23:46:09,0.0,정상,0.0,0.0,정상,True
2020 10 30 23:46:14,0.0,정상,0.0,0.0,정상,True
2020 10 30 23:46:19,0.0,정상,0.0,0.0,정상,True
2020 10 30 23:46:24,0.0,정상,0.0,0.0,정상,True
2020 10 30 23:46:29,0.0,정상,0.0,0.0,정상,True
2020 10 30 23:46:34,0.0,정상,0.0,0.0,정상,True
2020 10 30 23:46:39,0.0,정상,0.0,0.0,정상,True
2020 10 30 23:46:44,0.0,정상,0.0,0.0,정상,True
2020 10 30 23:46:49,0.0,정상,0.0,0.0,정상,True
2020 10 30 23:46:54,0.0,정상,0.0,0.0,정상,True
2020 10 30 23:46:59,0.0,정상,0.0,0.0,정상,True
2020 10 30 23:47:04,0.0,정상,0.0,0.0,정상,True
2020 10 30 23:47:09,0.0,정상,0.0,0.0,정상,True
2020 10 30 23:47:14,0.0,정상,0.0,0.0,정상,True
2020 10 30 23:47:19,0.0,정상,0.0,0.0,정상,True
2020 10 30 23:47:24,0.0,정상,0.0,0.0,정상,True
2020 10 30 23:47:29,0.0,정상,0.0,0.0,정상,True
2020 10 30 23:47:34,0.0,정상,0.0,0.0,정상,True
2020 10 30 23:47:39,0.0,정상,0.0,0.0,정상,True
2020 10 30 23:47:44,0.0,정상,0.0,0.0,정상,True
2020 10 30 23:47:49,0.0,정상,0.0,0.0,정상,True
2020 10 30 23:47:54,0.0,정상,0.0,0.0,정상,True
2020 10 30 23:47:59,0.0,정상,0.0,0.0,정상,True
2020 10 30 23:48:04,0.0,정상,0.0,0.0,정상,True
2020 10 30 23:48:09,0.0,정상,0.0,0.0,정상,True
2020 10 30 23:48:14,0.0,정상,0.0,0.0,정상,True
2020 10 30 23:48:19,0.0,정상,0.0,0.0,정상,True
2020 10 30 23:48:24,0.0,정상,0.0,0.0,정상,True
2020 10 30 23:48:29,0.0,정상,0.0,0.0,정상,True
2020 10 30 23:48:34,0.0,정상,0.0,0.0,정상,True
2020 10 30 23:48:39,0.0,정상,0.00011857707509881423,0.0,정상,True
2020 10 30 23:48:44,0.0,정상,0.0,0.0,정상,True
2020 10 30 23:48:49,0.0,정상,0.00011857707509881423,0.0,정상,True
2020 10 30 23:48:54,0.0,정상,0.0,0.0,정상,True
2020 10 30 23:48:59,0.0,정상,0.0,0.0,정상,True
2020 10 30 23:49:04,0.0,정상,0.0,0.0,정상,True
2020 10 30 23:49:09,0.0,정상,0.0,0.0,정상,True
2020 10 30 23:49:14,0.0,정상,0.0,0.0,정상,True
2020 10 30 23:49:19,0.0,정상,0.0,0.0,정상,True
2020 10 30 23:49:24,0.0,정상,0.0,0.0,정상,True
2020 10 30 23:49:29,0.0,정상,0.0,0.0,정상,True
2020 10 30 23:49:34,0.0,정상,0.0,0.0,정상,True
2020 10 30 23:49:39,0.0,정상,0.0,0.0,정상,True
2020 10 30 23:49:44,0.0,정상,0.0,0.0,정상,True
2020 10 30 23:49:49,0.0,정상,0.0,0.0,정상,True
2020 10 30 23:49:54,0.0,정상,0.00011764705882352942,0.0,정상,True
2020 10 30 23:49:59,0.0,정상,0.0,0.0,정상,True
2020 10 30 23:50:04,0.0,정상,0.0,0.0,정상,True
2020 10 30 23:50:09,0.0,정상,0.0,0.0,정상,True
2020 10 30 23:50:14,0.0,정상,0.0,0.0,정상,True
2020 10 30 23:50:19,0.0,정상,0.0,0.0,정상,True
2020 10 30 23:50:24,0.0,정상,0.0,0.0,정상,True
2020 10 30 23:50:29,0.0,정상,0.0,0.0,정상,True
2020 10 30 23:50:34,0.0,정상,0.0,0.0,정상,True
2020 10 30 23:50:39,0.0,정상,0.0,0.0,정상,True
2020 10 30 23:50:44,0.0,정상,0.0,0.0,정상,True
2020 10 30 23:50:49,0.0,정상,0.0,0.0,정상,True
2020 10 30 23:50:54,0.0,정상,0.0,0.0,정상,True
2020 10 30 23:50:59,0.0,정상,0.0,0.0,정상,True
2020 10 30 23:51:04,0.0,정상,0.0,0.0,정상,True
2020 10 30 23:51:09,0.0,정상,0.0,0.0,정상,True
2020 10 30 23:51:14,0.0,정상,0.0,0.0,정상,True
2020 10 30 23:51:19,0.0,정상,0.0,0.0,정상,True
2020 10 30 23:51:24,0.0,정상,0.0,0.0,정상,True
2020 10 30 23:51:29,0.0,정상,0.0,0.0,정상,True
2020 10 30 23:51:34,0.0,정상,0.0,0.0,정상,True
2020 10 30 23:51:39,0.0,정상,0.0,0.0,정상,True
2020 10 30 23:51:44,0.0,정상,0.0,0.0,정상,True
2020 10 30 23:51:49,0.0,정상,0.0,0.0,정상,True
2020 10 30 23:51:54,0.0,정상,0.0,0.0,정상,True
2020 10 30 23:51:59,0.0,정상,0.0,0.0,정상,True
2020 10 30 23:52:04,0.0,정상,0.0,0.0,정상,True
2020 10 30 23:52:09,0.0,정상,0.0,0.0,정상,True
2020 10 30 23:52:14,0.0,정상,0.0,0.0,정상,True
2020 10 30 23:52:19,0.0,정상,0.0,0.0,정상,True
2020 10 30 23:52:24,0.0,정상,0.0,0.0,정상,True
2020 10 30 23:52:29,0.0,정상,0.0,0.0,정상,True
2020 10 30 23:52:34,0.0,정상,0.0,0.0,정상,True
2020 10 30 23:52:39,0.0,정상,0.0,0.0,정상,True
2020 10 30 23:52:44,0.0,정상,0.0,0.0,정상,True
2020 10 30 23:52:49,0.0,정상,0.0,0.0,정상,True
2020 10 30 23:52:54,0.0,정상,0.0,0.0,정상,True
2020 10 30 23:52:59,0.0,정상,0.0,0.0,정상,True
2020 10 30 23:53:04,0.0,정상,0.0,0.0,정상,True
2020 10 30 23:53:09,0.0,정상,0.0,0.0,정상,True
2020 10 30 23:53:14,0.0,정상,0.0,0.0,정상,True
2020 10 30 23:53:19,0.0,정상,0.0,0.0,정상,True
2020 10 30 23:53:24,0.0,정상,0.0,0.0,정상,True
2020 10 30 23:53:29,0.0,정상,0.0,0.0,정상,True
2020 10 30 23:53:34,0.0,정상,0.0,0.0,정상,True
2020 10 30 23:53:39,0.0,정상,0.0,0.0,정상,True
2020 10 30 23:53:44,0.0,정상,0.0,0.0,정상,True
2020 10 30 23:53:49,0.0,정상,0.0,0.0,정상,True
2020 10 30 23:53:54,0.0,정상,0.0,0.0,정상,True
2020 10 30 23:53:59,0.0,정상,0.0,0.0,정상,True
2020 10 30 23:54:04,0.0,정상,0.0,0.0,정상,True
2020 10 30 23:54:09,0.0,정상,0.0,0.0,정상,True
2020 10 30 23:54:14,0.0,정상,0.0,0.0,정상,True
2020 10 30 23:54:19,0.0,정상,0.0,0.0,정상,True
2020 10 30 23:54:24,0.0,정상,0.0,0.0,정상,True
2020 10 30 23:54:29,0.0,정상,0.0,0.0,정상,True
2020 10 30 23:54:34,0.0,정상,0.0,0.0,정상,True
2020 10 30 23:54:39,0.0,정상,0.0,0.0,정상,True
2020 10 30 23:54:44,0.0,정상,0.0,0.0,정상,True
2020 10 30 23:54:49,0.0,정상,0.0,0.0,정상,True
2020 10 30 23:54:54,0.0,정상,0.0,0.0,정상,True
2020 10 30 23:54:59,0.0,정상,0.0,0.0,정상,True
2020 10 30 23:55:04,0.0,정상,0.0,0.0,정상,True
2020 10 30 23:55:09,0.0,정상,0.0,0.0,정상,True
2020 10 30 23:55:14,0.0,정상,0.0,0.0,정상,True
2020 10 30 23:55:19,0.0,정상,0.0,0.0,정상,True
2020 10 30 23:55:24,0.0,정상,0.0,0.0,정상,True
2020 10 30 23:55:29,0.0,정상,0.0,0.0,정상,True
2020 10 30 23:55:34,0.0,정상,0.0,0.0,정상,True
2020 10 30 23:55:39,0.0,정상,0.0,0.0,정상,True
2020 10 30 23:55:44,0.0,정상,0.0,0.0,정상,True
2020 10 30 23:55:49,0.0,정상,0.0,0.0,정상,True
2020 10 30 23:55:54,0.0,정상,0.0,0.0,정상,True
2020 10 30 23:55:59,0.0,정상,0.0,0.0,정상,True
2020 10 30 23:56:04,0.0,정상,0.0,0.0,정상,True
2020 10 30 23:56:09,0.0,정상,0.00011857707509881423,0.0,정상,True
2020 10 30 23:56:14,0.0,정상,0.0,0.0,정상,True
2020 10 30 23:56:19,0.0,정상,0.0,0.0,정상,True
2020 10 30 23:56:24,0.0,정상,0.0,0.0,정상,True
2020 10 30 23:56:29,0.0,정상,0.0,0.0,정상,True
2020 10 30 23:56:34,0.0,정상,0.0,0.0,정상,True
2020 10 30 23:56:39,0.0,정상,0.0,0.0,정상,True
2020 10 30 23:56:44,0.0,정상,0.0,0.0,정상,True
2020 10 30 23:56:49,0.0,정상,0.0,0.0,정상,True
2020 10 30 23:56:54,0.0,정상,0.0,0.0,정상,True
2020 10 30 23:56:59,0.0,정상,0.0,0.0,정상,True
2020 10 30 23:57:04,0.0,정상,0.0,0.0,정상,True
2020 10 30 23:57:09,0.0,정상,0.0,0.0,정상,True
2020 10 30 23:57:14,0.0,정상,0.0,0.0,정상,True
2020 10 30 23:57:19,0.0,정상,0.0,0.0,정상,True
2020 10 30 23:57:24,0.0,정상,0.0,0.0,정상,True
2020 10 30 23:57:29,0.0,정상,0.0,0.0,정상,True
2020 10 30 23:57:34,0.0,정상,0.0,0.0,정상,True
2020 10 30 23:57:39,0.0,정상,0.0,0.0,정상,True
2020 10 30 23:57:44,0.0,정상,0.0,0.0,정상,True
2020 10 30 23:57:49,0.0,정상,0.0,0.0,정상,True
2020 10 30 23:57:54,0.0,정상,0.0,0.0,정상,True
2020 10 30 23:57:59,0.0,정상,0.0,0.0,정상,True
2020 10 30 23:58:04,0.0,정상,0.0,0.0,정상,True
2020 10 30 23:58:09,0.0,정상,0.0,0.0,정상,True
2020 10 30 23:58:14,0.0,정상,0.0,0.0,정상,True
2020 10 30 23:58:19,0.0,정상,0.0,0.0,정상,True
2020 10 30 23:58:24,0.0,정상,0.0,0.0,정상,True
2020 10 30 23:58:29,0.0,정상,0.0,0.0,정상,True
2020 10 30 23:58:34,0.0,정상,0.0,0.0,정상,True
2020 10 30 23:58:39,0.0,정상,0.0,0.0,정상,True
2020 10 30 23:58:44,0.0,정상,0.0,,,False
2020 10 30 23:58:49,0.0,정상,0.0,,,False
2020 10 30 23:58:54,0.0,정상,0.0,,,False
2020 10 30 23:58:59,0.0,정상,0.0,,,False
2020 10 30 23:59:04,0.0,정상,0.0,,,False
2020 10 30 23:59:09,0.0,정상,0.0,,,False
2020 10 30 23:59:14,0.0,정상,0.0,,,False
2020 10 30 23:59:19,0.0,정상,0.0,,,False
2020 10 30 23:59:24,0.0,정상,0.0,,,False
2020 10 30 23:59:29,0.0,정상,0.0,,,False
2020 10 30 23:59:34,0.0,정상,0.0,,,False
2020 10 30 23:59:39,0.0,정상,0.0,,,False
2020 10 30 23:59:44,0.0,정상,0.0,,,False
2020 10 30 23:59:49,0.0,정상,0.0,,,False
2020 10 30 23:59:54,0.0,정상,0.0,,,False
2020 10 30 23:59:59,0.0,정상,0.0,,,False
